,,
,,
Catalog #     ,Material Description            ,UPC#
10026,"WHEEL, CUTTER E10817",095691100269
10031,300A PD 230V,095691100313
10041R,300A PD 110V,095691100412
10061,"HEAD, EXPANDER 12MM",095691100610
10076,"CLAMP, JAW FRONT 20",095691100764
10081,"HEAD, EXPANDER 15MM",095691100818
10096,"BOLT, W/WASHER & NUT 40A",095691100962
10131,"HEAD, EXPANDER 22MM",095691101310
10203,"HOUSING, ASM MON/VCR B&W",095691102034
10251,"HEAD, EXPANDER 3/8",095691102515
10261,"HEAD, EXPANDER 1/2",095691102614
10271,"HEAD, EXPANDER 5/8",095691102713
10281,"HEAD, EXPANDER 3/4",095691102812
10291,"HEAD, EXPANDER 7/8",095691102911
10301,"HEAD, EXPANDER 1""",095691103017
10311,"HEAD, EXPANDER 1-1/8",095691103116
10321,"HEAD, EXPANDER 1-1/4",095691103215
10341,"HEAD, EXPANDER 1-1/2",095691103413
10343,PKG OF 2 PINS 122SS WHEEL,095691103437
10348,"RAPIDGRIP, 10""",095691103482
10351,"HEAD, EXPANDER 1-5/8",095691103512
10358,"RAPIDGRIP, 14""",095691103581
10361,"HEAD, EXPANDER 1-3/4",095691103611
10368,"BEARING, NEEDLE",095691103680
10373,"STABILIZER, 2""-8"" CU",095691103734
10378R,"ARM, REACTION F/CU",095691103789
10388,"GUARD, ROLLER 122 & 122XL",095691103888
10393R,"SCALE, 122 & 122XL",095691103932
10408,"GUARD, SWITCH",095691104083
10411,"EXPANDER, MOD S SET A",095691104113
10491,"DIEHEAD, 555 L/DIES",095691104915
10531,"CUTTER, 246L 2-12 CLAY SOIL PI",095691105318
10573,"SLEEVE, VINYL SHAFT PKG OF 2",095691105738
10611,"DIEHEAD, CMPL 12R 1/8 BSPT HS",095691106117
10631R,"DIEHEAD, CMPL 12R 3/8 BSPT HS",095691106315
10673,PLUNGER,095691106735
10843,"SET OF ROLLS 2-6"" 920",095691108432
10848,"SET OF ROLLS 8-12"" 920",095691108487
10853,"SET OF ROLLS 14-16"" 920",095691108531
10858,"SEAL, COUNTIR",095691108586
10883,"OILER,418 ALL WEATHER",095691108838
10903,"HOUSING,MOTOR HC450",095691109033
10908,"SCREW,SELF TAPPING, SET OF 4",095691109088
10913,"COVER,MOTOR HOUSING",095691109132
10918R,"BUMPER,SET OF 2",095691109187
10923,"SCREW,SOC HD, SET OF 6",095691109231
10928,INSULATOR,095691109286
10933,"SCREW,SOC HD",095691109330
10938,"SCREW,SOC HD",095691109385
10968,"BEARING, SPINDLE REAR SERVICE",095691109682
10973,"CUTTER, COPPER 122-XL,115V",095691109736
11003,"HOUSING,MAIN",095691110039
11008,"HOUSING,UPPER ROLL W/INSERT",095691110084
11013,"DRIVE ROLL,2""-6""",095691110138
11018,"GROOVE ROLL,2""-6""",095691110183
11023,"DRIVE ROLL,8""-12""",095691110237
11028,"GROOVE ROLL,8""-12""",095691110282
11033,"DRIVE ROLL, 14""-16""",095691110336
11038,"GROOVE ROLL,14""-16""",095691110381
11043,"GAUGE,DEPTH RH",095691110435
11048,"GAUGE,DEPTH LH",095691110480
11058,"GAUGE,PRESSURE",095691110589
11063,"BEARING,ROLLER",095691110633
11068,"SLIDE,KEY",095691110688
11073,"SHAFT,DRIVE 920",095691110732
11078,"SHAFT,UPPER ROLL",095691110787
11083,"RING,INTERNAL RET. 425",095691110831
11088,"RING,RET. DS4-45",095691110886
11093,"TEE,HYDRAULIC",095691110930
11098,"DECAL,GUARD WARNING",095691110985
11103,"DECAL,DEPTH 920",095691111036
11108,"BEARING,NEEDLE",095691111081
11113,"BOLT,HX HD 5/8 X 7.75",095691111135
11118,"PIN,STOP",095691111180
11123,"ROD,DEPTH ADJ.",095691111234
11128,"BEARING,RET. PLATE",095691111289
11133,"SEAL,GREASE",095691111333
11138,"GUARD,LEFT",095691111388
11141,"THREADER, C12R 1/2-2 BSPT",095691111418
11143,"GUARD,RIGHT",095691111432
11148,"SPRING,TORSION LH",095691111487
11153,"SPRING,TORSION RH",095691111531
11158,"SHAFT,PIVOT",095691111586
11163,"BEARING,ANGULAR CONTACT",095691111630
11168,"SPRING,STOP PIN",095691111685
11173,"PUMP,HAND",095691111739
11178,"LEG, UPPER",095691111784
11183,"LEG, LOWER",095691111838
11188,"BOLT,HX HD 7/16-14X1",095691111883
11193,"PIN,BASE HITCH",095691111937
11198,"PUMP,STANDOFF",095691111982
11203,"SCREW,SOC HD CAP 1/4 X 4",095691112033
11208,"HOSE,HYDRAULIC 920",095691112088
11213,"ADAPTER,3/8 NPT SWIVEL",095691112132
11218,"ROLLER,GUARD 920",095691112187
11223,"SHAFT,ROLLER 920",095691112231
11228,"BASE,920",095691112286
11233,"PIN,CLEVIS",095691112330
11238,"SPRING,RETURN",095691112385
11243,"HANDLE,PUMP ASSY.",095691112439
11248,ACTUATOR,095691112484
11253R,"CABLE,1/16 X 18""",095691112538
11258,"SLEEVES,CABLE CRIMP",095691112583
11263,"CLIP,SPRING",095691112637
11298,"RING,RETAINING,PACK OF 5",095691112989
11303,"RING,RETAINING,PACK OF 5",095691113030
11308,"SCREW,FEED",095691113085
11313,"SCREW,FEED",095691113139
11323,"SCREW,FEED",095691113238
11328,"PIN,TRANSPORTER HITCH",095691113283
11341,"CUTTER, 246LS SOIL PIPE",095691113412
11398,WASHER 1/4 X 9/16 X 1/16,095691113986
11565,"SPRING, COMPRESSION 815",095691115652
11761,"EXPANDER, MOD S SET S6",095691117618
11818,CYLINDER,095691118189
12128,"TOOLSET, T240 BULB,SPADE 5/8",095691121288
12163,"GROOVE ROLL,960 60-150MM G3448",095691121639
12168,"DRIVE SHAFT,960 30-50MM G3448",095691121684
12173,"DRIVE SHAFT,960 60-150MM G3448",095691121738
12238,12R T2 RATCHET W/O HANDLE,095691122384
12273,BLOWER WHEEL,095691122735
12283,MOTOR ASSEMBLY,095691122834
12293,CASTER,095691122933
12303,PLATE FILTER,095691123039
12313R,"SWITCH,TOGGLE",095691123138
12333,"SCREW,PN SERR TY AB 10 X 3/4",095691123336
12338R,"SCREW,PN SERR TY AB 10 X 1 1/4",095691123381
12353,"NUT,HEX FLANGE 5/16-18",095691123534
12388,FOOT CASTER,095691123886
12413,LID,095691124135
12423,HANDLE BRACKET,095691124234
12438,FOAM HOLDER ASM.,095691124388
12448,DRUM ASM.,095691124487
12453,DRUM ASM.,095691124531
12456R,"EYE, CABLE M4 PLASTIC GRIP",095691124562
12463,MOTOR ASM.,095691124630
12483,CORD ASM.,095691124838
12488,CORD ASM.,095691124883
12493,HOSE SWIVEL,095691124937
12528,"HOSE, 1 1/2"" X 7"" LOCKING",095691125286
12538,CAP,095691125385
12543,PKG OF 3 CHIPS W/ HOLDER,095691125439
12553,"DIEHEAD,COMPL 11R 1-1/2"" BSPT",095691125538
12558,"DIEHEAD,COMPL 11R 2"" BSPT",095691125583
12638,"BRUSH,2 1/2 FITTINGS PKG OF 3",095691126382
12643,"BRUSH,3"" FITTING PKG 3",095691126436
12671,700 PD 230V 1/2-2 CMPL,095691126719
12673,"MINI CABLE TERMINATION,ASM",095691126733
12678,"CABLE TERMINATION STNDRD,ASM",095691126788
12683,"BATTERY,14.4V 2.6AH",095691126832
12693,"RAPIDGRIP,ALUM 14""",095691126931
12698,"RAPIDGRIP, 18"" AL",095691126986
12753,"CABLE,C2P IC 25' NTW",095691127532
12813,"CABLE,C12P",095691128133
12833,"CABLE,C13ICSB 5/16X35'",095691128331
12838,"CABLE,C31P 3/8X50'",095691128386
12848,"CABLE,C33P 3/8X100'",095691128485
12858,"CABLE,C45P 1/2X75'",095691128584
12878,"CABLE,C24P",095691128782
12938,"CABLE,C33P IW 3/8X100'",095691129383
12958,"CABLE,C25P IC 5/8X25'",095691129581
12968,"CABLE,C27P IC 5/8X75'",095691129680
12998,"LEADER,T-468P 3/4 FLEX TRAP",095691129987
13013,960 30-50MM G3448 GROOVE SET,095691130136
13018,960 60-150MM G3448 GROOVE SET,095691130181
13028,"DIEHEAD, CMPL 11R 1/8 LH BSPT",095691130280
13043,"DIEHEAD, CMPL 11R 1/2 LH BSPT",095691130433
13048,"DIEHEAD, CMPL 11R 3/4 LH BSPT",095691130488
13053,"DIEHEAD, CMPL 11R 1"" LH BSPT",095691130532
13063,"DIEHEAD,CMPL 11R 1 1/2 BSPT LH",095691130631
13068,"DIEHEAD,CMPL 11R 2"" BSPT LH",095691130686
13088,"THREADER,11-R 1/2-2"" BSPT",095691130884
13138,"FRAME,MACHINED 122XL",095691131386
13143,"TUBE,ROLLER 3""",095691131430
13148,"CAP,END ROLLER",095691131485
13153,"KEY,1/8""X3/16""X1/2""",095691131539
13158,"GUARD,ROLLER",095691131584
13163,"ARBOR,122XL",095691131638
13168,"COVER,MOTOR",095691131683
13173,"GEAR,ROLLER",095691131737
13183,"COVER,GEAR W/SHELF",095691131836
13193,"BEARING,NEEDLE",095691131935
13198,"DECAL,GUARD WARNING",095691131980
13203,"700 PD 230V, BRAZIL",095691132031
13208,"SENSOR,PRESSURE",095691132086
13213,"SENSOR,PRESSURE",095691132130
13233,CYLINDER,095691132338
13238,"VALVE,3 WAY W/SEAL",095691132383
13248,CYLINDER,095691132482
13253,"KEYBOARD,TRANSPARENCY",095691132536
13258,"HEAD,CYLINDER",095691132581
13263R,"HEAD,CYLINDER",095691132635
13268R,"HOUSING,VALVE",095691132680
13273,MOTOR ASSEMBLY,095691132734
13278,"CARRIAGE,ROLLER",095691132789
13283R,"CAP,CYLINDER",095691132833
13288,"COVER,TRANSMISSION",095691132888
13293,PISTON,095691132932
13298,"SHELL,GUARD RING HALF",095691132987
13303,ENGINE,095691133038
13308,"SENSOR,PLATE",095691133083
13313,"SENSOR,BOLT",095691133137
13316,"SUPPORT, PIPE",095691133168
13323,"BLADDER,TANK",095691133236
13328,"ROLLER,PRESS SET OF 2",095691133281
13333,"SET,PLASTIC HOUSING",095691133335
13343,"SET,MAINTENANCE",095691133434
13346,"BRACKET, SAFETY 300 PD",095691133465
13348,"STOP ASSY,CYLINDER W/SEAL",095691133489
13366,"PIPE, 76.1X1.75MM",095691133663
13368,"BOLT,LOCKING",095691133687
13373,"COVER,TRANSMISSION",095691133731
13376,"PIPE, 83X2 MM",095691133762
13383,SWITCH,095691133830
13388,"ADMISSION, BATTERY",095691133885
13393,LUBRORING,095691133939
13398,"RING,WIPER HOUSING",095691133984
13403,"WHEEL,GEAR SET",095691134035
13413,"CABLE,POSITIVE TO ENGINE",095691134134
13418,"CABLE,NEGATIVE TO ENGINE",095691134189
13428,"O-RING,5 X 1.5",095691134288
13433,O-RING,095691134332
13438,LUBRORING,095691134387
13443,"SCREW,CYLINDER",095691134431
13448,"SENSOR,GUARD RING PRESSURE",095691134486
13458,"BAND,GRINDING",095691134585
13468,BEARING,095691134684
13473,"FILTER,SINTER BRONZE",095691134738
13478,"SCREW,FITTED",095691134783
13483,"CORD,CATCH BUNGEE",095691134837
13493,"SCREW,CYLINDER SET OF 2",095691134936
13498,O-RING,095691134981
13503,"SCREW,PT TRUSS HD SET OF4",095691135032
13513,"PIN,CYLINDRICAL",095691135131
13518,SCREW M4X18 SOCKET HEAD,095691135186
13523,"AXLE, ROLLER",095691135230
13528,PIN,095691135285
13533,O-RING 16X1.5,095691135339
13538,"BALL,STEEL",095691135384
13543,SPRING,095691135438
13573,"SCREW,CYLINDER",095691135735
13578,SPACER,095691135780
13583,DISK,095691135834
13588,"COVER, CYLINDER",095691135889
13593,O-RING,095691135933
13598,"SCREW,CYLINDER M6X8",095691135988
13603,"SPRING,COMPRESSION",095691136039
13613,"GEAR,PLASTIC 45 TEETH",095691136138
13617,"NUT, 5/8-11",095691136176
13618,"WASHER,LOCK M4",095691136183
13633,CLIP,095691136336
13638,O-RING,095691136381
13643,"SCREW,FILLISTER HEAD SET OF 2",095691136435
13658,"WASHER,BELLERILLE",095691136589
14013,"CABLE, MAXCORE",095691140135
14018,"SPRING,PUSH BUTTON,ASSEMBLY",095691140180
14078,"HEAD,PLUS COLOR CAMERA NTSC",095691140784
14083,"HEAD,PLUS COLOR CAMERA MINI",095691140838
14108,"REEL,325' COLOR SS PLUS PAL",095691141088
14113,"REEL,200 CLR MINI SS PLS PAL",095691141132
14123,"HEAD,PLUS MINI CAMERA PAL",095691141231
14128,"HEAD,PLUS COLOR CAMERA PAL",095691141286
14133,"HEAD,PLUS CLR CAMERA MINI PAL",095691141330
14141,700PD 110V 1/2-2 BSPT CMPL,095691141415
14143,"BEARING,FLG 3/4 X 7/8 X 1/2",095691141439
14208,"SHAFT,ROLLER",095691142085
14213,"BOLT CUTTER, S14",095691142139
14218,"BOLT CUTTER, S18",095691142184
14223,"BOLT CUTTER, S24",095691142238
14228,"BOLT CUTTER, S30",095691142283
14233,"BOLT CUTTER, S36",095691142337
14238,"BOLT CUTTER, S42",095691142382
14388,122-XL COPPER PREP MACH 230V,095691143884
14393,"DECAL,INDEXING HANDLE",095691143938
14663,"SANDER, OSCILLATING EDGE",095691146632
14668,"JOINTER/PLANER, 6-18""",095691146687
14823,"SPRING, SELF LEVELING",095691148230
14838,"ASSEMBLY,MON/VCR HANDLE",095691148384
14843,"ASSEMBLY,VCR DOOR",095691148438
14848,"SCREW,PKG OF 4 10-32X.625",095691148483
14878,"ASSEMBLY,KICK STAND RETAINER",095691148780
14913,"SCREW,PACK OF 4",095691149138
14918,"LEG,MON/VCR",095691149183
14923,"SCREW,PACK OF 4",095691149237
14943,"WRAP,CORD",095691149435
14948,"ASSEMBLY,CORD TIE STRAP",095691149480
14973,"ASSEMBLY,MINI COL SPRING",095691149732
14978,"ASSEMBLY,LEFT BUTTON BLOCK",095691149787
14983,"ASSEMBLY,RIGHT BUTTON BLOCK",095691149831
14988,"WRENCH,904 TORQUE",095691149886
14991,"CUTTER, 246S SOIL PIPE",095691149916
15018,"ROLL,STAINLESS DRIVE 4-6""",095691150189
15071,"EXPANDER, MOD S",095691150714
15103,"JAW, HOOK",095691151032
15108,"SPRING, TORSION #18",095691151087
15163,"HANDLE, ASSY #18",095691151636
15168,"PIN, PIVOT",095691151681
15173,"JAW, HEEL #18",095691151735
15178,"HANDLE, ASSY #14",095691151780
15183,"JAW, HOOK #10",095691151834
15188,"SPRING, TORSION #10",095691151889
15193,"HANDLE, ASSY #10",095691151933
15208,"RING, RETAINING #10",095691152084
15218,"PIN, PIVOT #10",095691152183
15233,"JAW, HEEL #10",095691152336
15243,"BOLT, SHOULDER #10",095691152435
15271,"DIES, 12R 3/4 BSPT HS PL CTD",095691152718
15281,"DIES, 12R 1"" BSPT HS PL CTD",095691152817
15317,"DIE, BUTTON 1""-12 UNF",095691153173
15323,"TRANSMITTER,STD SS FLEXLMITTR",095691153234
15348,"FEEDSCREW,ASM 117",095691153487
15353,"FRAME,CUTTER 117",095691153531
15358R,"PIN,CUTTER WHEEL ASM",095691153586
15363R,"SPRING,CUTTER 117",095691153630
15368,"HOUSING,CUTTER WHEEL 117",095691153685
15373,"BUCKET, ASM 418",095691153739
15378,"SEAL, TOP 418",095691153784
15383,"HANDLE, 418",095691153838
15388,O-RING,095691153883
15393,COUPLING,095691153937
15433,"PKG OF 2 JAW SPRINGS,PROPRESS",095691154330
15438,"SPRING,PROPRESS JAW 2""",095691154385
15682,300 PD CMPL NPT 115V 38 RPM,095691156822
15722,300 CMPL 57RPM 115V W/20A PLUG,095691157225
15808,"KIT,RETERM MINI RED CABLE",095691158086
15822,PKG OF 2 BUSHINGS,095691158222
15828,"TRANSMITTER,MINI SS FLXMITTER",095691158284
15832,"SCREW, HAND",095691158321
15838,"SNIP, #798 BULLDOG AVIATION",095691158383
15868,"WHEELS, PKG OF 2",095691158680
15938,"NUT, HEX",095691159380
15948,"CLAMP, CABLE",095691159489
16003,"SCREWS, PKG OF 6",095691160034
16018,"WASHER,SPRING WAVE",095691160188
16023,SLEEVE,095691160232
16033,PAWL,095691160331
16038,KNOB,095691160386
16202,"SNIPS, 796 RH OFFSET",095691162021
16207,"SNIPS, 797 LH OFFSET",095691162076
16286,"ARBOR, R5 (M-14 - M-30)",095691162861
16408,"ASSEMBLY,DRIVE SHAFT",095691164087
16546,COLLAR,095691165466
16556,PKG OF 5 HEX HD SCREWS,095691165565
16583,"MOTOR,230V WD 620",095691165831
16587,"KIT, GEAR THRDER ADAPT",095691165879
16588,"MOTOR,230V WD935",012078046497
16593,"SPRING,COMPRESSION",095691165930
16598,"CYLINDER, FLANGE SUB-ASSY",095691165985
16601,"WORKTABLE, 1100",095691166012
16608,"FLANGE, PUMP SUB-ASSY.",095691166081
16613,"SCREW, SOCKET HEAD CAP SET OF2",095691166135
16618,"SCREW, SOCKET HEAD CAP M5X10",095691166180
16633,PLUG,095691166333
16658,"FLANGE, CYLINDER",095691166586
16663,O-RING,095691166630
16668,"SEAL, COMPENSATION",095691166685
16671,"ARBOR, R2S",095691166715
16673,"SUPPORT, SEAL",095691166739
16678,"PUMP, FLANGE",095691166784
16688,PISTON,095691166883
16703,"VISE, 425 TRISTAND",095691167033
16713,"NOZZLE,RR3000",095691167132
16716,"MOTOR, 230V K50X",095691167163
16723,"KIT, MOUNT 141 F/535M",095691167231
16728,"TRANSMITTER, BATT SONDE 512 HZ",095691167286
16748,"PLATE, WEAR",095691167484
16763,"PLATE, SEAL",095691167637
16773,"PLATE, SEAL",095691167736
16833,"PLATE, VCR BACKPLATE",095691168337
16838,"SPACER, COLOR MONITOR",095691168382
16843,PKG OF 4 SCREWS,095691168436
16848,"SCREWS, PKG OF 4",095691168481
16853,"MODULE, DISPLAY 115V",095691168535
16946,"CONNECTOR, BULLET MALE",095691169464
16956,"CONNECTOR, BULLET FEMALE",095691169563
16958,"JAW, ASSEMBLY 1/2"" PROPRS COMP",095691169587
16963,"JAW, ASSEMBLY 3/4"" PROPRS COMP",095691169631
16978,"JAW, ASSEMBLY 1"" PROPRS COMP",095691169785
17003,"JAW, 24 PUREFLOW 3/8""",095691170033
17008,"JAW, 24 PUREFLOW 1/2""",095691170088
17013,"JAW, 24 PUREFLOW 3/4""",095691170132
17018,"JAW, 24 PUREFLOW 1""",095691170187
17128,"HANDLE, ASSEMBLY, T-TYPE 1215",095691171283
17143,BOLT,095691171436
17148,"PUMP, HEAD",095691171481
17153,"PISTON, RING UPPER",095691171535
17168,CIRCLIP,095691171689
17173,PISTON,095691171733
17178,"ROD, CONNECTING",095691171788
17183,DIPSTICK,095691171832
17188,"SCREW, CRANKCASE COVER",095691171887
17193,"PLUG, DRAIN",095691171931
17198,WASHER,095691171986
17203,"CRANKCASE, COVER",095691172037
17208,"CRANKCASE, COVER GASKET",095691172082
17213,CRANKSHAFT,095691172136
17218,BEARING,095691172181
17223,"OIL, SEAL",095691172235
17228,CRANKCASE,095691172280
17233,PIN,095691172334
17238,STATOR,095691172389
17243,"NUT, M8",095691172433
17248,PROTECTOR,095691172488
17253,"SUPPORT,CAPACITOR",095691172532
17258,CAPACITOR,095691172587
17263,FAN,095691172631
17268,CIRCLIP,095691172686
17273,"BOLT, MOTOR",095691172730
17278,"WASHER, FAN",095691172785
17283,"BOLT, FAN",095691172839
17288,"WASHER, TOOTHED",095691172884
17293,BEARING,095691172938
17298,COVER,095691172983
17303,"SCREW, COVER",095691173034
17308,"MOTOR, COVER",095691173089
17313,ROTOR,095691173133
17318,"CABLE, MOTOR",095691173188
17323R,O-RING,095691173232
17328,CYLINDER,095691173287
17333,"GASKET, CYLINDER PLATE",095691173331
17338,"VALVE, PLATE",095691173386
17343,"GASKET, HEAD",095691173430
17348,FILTER,095691173485
17353,"VALVE, RELIEF",095691173539
17358,"TEE, DISCHARGE",095691173584
17363,PIPE,095691173638
17366,SWITCH,095691173669
17368,"TUBE, OUTLET 36""",095691173683
17373,HANDLE,095691173737
17378,"VALVE, SAFETY",095691173782
17383,PLUG,095691173836
17388,"TUBE, DISHCARGE",095691173881
17393,COUPLING,095691173935
17398,"SWITCH, PRESSURE",095691173980
17403,SCREW,095691174031
17408,"CORD, W/PLUG",095691174086
17413,ELBOW,095691174130
17418,"VALVE, NON-RETURN",095691174185
17423,"TANK, AIR",095691174239
17428,"TAP, DRAIN",095691174284
17433,WASHER,095691174338
17438,PAD,095691174383
17443,WASHER,095691174437
17448,SCREW,095691174482
17452,"LINECORD, 230V",095691174529
17453R,ELBOW,095691174536
17458,"TEE, MANIFOLD",095691174581
17463,"PLUG, 1/8""",095691174635
17468,REGULATOR,095691174680
17473,"GAUGE, MANIFOLD",095691174734
17478,NUT,095691174789
17488,"KNOB, PRESSURE REDUCER",095691174888
17493,REDUCER,095691174932
17498,COUPLING,095691174987
17503,BOLT,095691175038
17507,"PUNCH, 17507 1"" KNOCKOUT",095691175076
17508,"PUMP, COMPLETE",095691175083
17512,"PUNCH, 17512 1-1/4 KNOCKOUT",095691175120
17513,SCREW,095691175137
17517,"PUNCH, 17517 1-1/2 KNOCKOUT",095691175175
17518,"PANEL, CONTROL",095691175182
17523,"PAD, ANTIVIBRATION",095691175236
17527,"PUNCH, 17527 2-1/2 KNOCKOUT",095691175274
17528,NUT,095691175281
17532,"PUNCH, 17532 3"" KNOCKOUT",095691175328
17533,"EXTENSION, RR3000",095691175335
17537,"PUNCH, 17537 3-1/2 KNOCKOUT",095691175373
17538,"KIT, ROOT RANGER REPAIR",095691175380
17542,"PUNCH, 17542 4"" KNOCKOUT",095691175427
17553,"WRENCH, SPANNER SS 25",095691175533
17558,"WRENCH, SPANNER SS 30",095691175588
17562,"DIE, 17562 1-1/4 KNOCKOUT",095691175625
17563,"WRENCH, SPANNER SS 35",095691175632
17567,"DIE, 17567 1-1/2 KNOCKOUT",095691175670
17572,"DIE, 17572 2"" KNOCKOUT",095691175724
17577,"DIE, 17577 2-1/2 KNOCKOUT",095691175779
17582,"DIE, 17582 3"" KNOCKOUT",095691175823
17587,"DIE, 17587 3-1/2 KNOCKOUT",095691175878
17592,"DIE, 17592 4"" KNOCKOUT",095691175922
17637,"SPACER, MEDIUM",095691176370
17642,"SPACER, SHORT",095691176424
17713,"BOLT, SHOULDER",095691177131
17738,NUT,095691177384
17753,"SCREW, STRAIN RELIEF",095691177537
17758,"RELIEF, STRAIN",095691177582
17783,"SCREW, 1/4-20 X 1/2""",095691177834
17808,HANDGRIP,095691178084
17888,PLUG,095691178886
17893,"FITTING, ELBOW",095691178930
17918,"PLUG, RUBBER",095691179180
17948,HEAD,095691179487
17953,"KIT, HEAD BOLT",095691179531
17996,SPINDLE,095691179968
17998,"SCREW, SET",095691179982
18023,"TUBE, 3/8"" NYLONG",095691180230
18068,PUMP,095691180681
18073,"TUBE, DISCHARGE",095691180735
18078,"PULLEY, FLYWHEEL",095691180780
18098,"ASSEMBLY, BRACE",095691180988
18113,WASHER,095691181138
18118,"NUT, LOCK",095691181183
18138,"PLUG, DRAIN",095691181381
18148,"BEARING, BALL",095691181480
18158,"ROD, CONNECTING",095691181589
18163,"PIN, PISTON",095691181633
18168,PISTON,095691181688
18173,"CAP, BEARING",095691181732
18193,"HEAD, CYLINDER W/BOLTS",095691181930
18203,"KIT, PISTON RING",095691182036
18208,"KIT, PISTON SERVICE",095691182081
18213,"HANDGRIP, R14",095691182135
18218,"HANDGRIP, R18",095691182180
18223,"HANDGRIP, R24",095691182234
18228,HANDGRIP,095691182289
18233,HANDGRIP,095691182333
18238,HANDGRIP,095691182388
18243,"HANDLE, S14 MALE",095691182432
18248,"HANDLE, S18 MALE",095691182487
18253,"HANDLE, S24 MALE",095691182531
18258,"HANDLE, S30 MALE",095691182586
18263,"HANDLE, S36 MALE",095691182630
18268,"HANDLE, S42 MALE",095691182685
18273,"HANDLE, S14 FEMALE",095691182739
18278,"HANDLE, S18 FEMALE",095691182784
18283,"HANDLE, S24 FEMALE",095691182838
18288,"HANDLE, S30 FEMALE",095691182883
18293,"HANDLE, S36 FEMALE",095691182937
18298,"HANDLE, S42 FEMALE",095691182982
18303,"BOLT, W/NUT S14",095691183033
18308,"BOLT, W/NUT S18",095691183088
18313,"BOLT, W/NUT S24",095691183132
18318,"BOLT, W/NUT S30",095691183187
18323,"BOLT, W/NUT S36",095691183231
18328,"BOLT, W/NUT S42",095691183286
18333,"BOLT, ADJ. W/NUT & CAM S14",095691183330
18338,"BOLT, ADJ. W/NUT & CAM S18",095691183385
18343,"BOLT, ADJ. W/NUT & CAM S24",095691183439
18348,"BOLT, ADJ. W/NUT & CAM S30",095691183484
18353,"BOLT, ADJ. W/NUT & CAM S36",095691183538
18358,"BOLT, ADJ. W/NUT & CAM S42",095691183583
18363,"HEAD, ASSEMBLY S14",095691183637
18368,"HEAD, ASSEMBLY S18",095691183682
18373,"HEAD, ASSEMBLY S24",095691183736
18378,"HEAD, ASSEMBLY S30",095691183781
18383,"HEAD, ASSEMBLY S36",095691183835
18388,"HEAD, ASSEMBLY S42",095691183880
18391,"1142 1 1/2"" GRIP WRENCH",095691183910
18393,PLATE,095691183934
18398,PLATE,095691183989
18403,"PLATE, S24",095691184030
18406,SUPPRESSOR,095691184061
18408,"PLATE, S30",095691184085
18413,"PLATE, S36",095691184139
18418,"PLATE, S42",095691184184
18428,"ASSEMBLY, BATT COV HLDR",095691184283
18433,"HOLDER, BATTERY",095691184337
18436,CONNECTOR,095691184368
18443,"CLIP, CABLE",095691184436
18466,"SLEEVE, WIRING",095691184665
18486,"PKG OF 2 SCREWS 3-1/2"" LONG",095691184863
18506,"SLEEVE, MOTOR HOUSING 700",095691185068
18566,"SLEEVE, INSULATING",095691185662
18626,"SLEEVE, CABLE",095691186263
18633,"DISPLAY, W/12"" ADJ. WRENCH",095691186331
18643,"HOSE, O-RING, W/PORT",095691186430
18648,"HOSE, O-RING",095691186485
18653,"HEAD, EVAPORATOR W/O-RING",095691186539
18663,"CHARGER, BP 12 120V",095691186638
18666,LINECORD,095691186669
18676,"HOUSING, ASM FIELD",095691186768
18713,"KIT, EXHAUST TUBE",095691187130
18733,"KIT, COMPACT RETERM RED CABLE",095691187338
18758,"CABLE, PUSH",095691187581
18763,"SHELL, COMPACT SPRING",095691187635
18778,"CAP, COMPACT O-RING",095691187789
18783,"NUT, COMPACT PUSH",095691187833
18788,"PLUG, COMPACT TERMINATION",095691187888
18793,"WASHER, CRESCENT SHAPED SPRING",095691187932
18798,O-RING,095691187987
18803,SCREW,095691188038
18808,"RING, BACK UP",095691188083
18813,"SCREW, SEAL",095691188137
18818,"ASSEMBLY, CORD",095691188182
18823,"CABLE, COMPACT SAFETY",095691188236
18833,"ASSEMBLY, COMPACT WHIP",095691188335
18843,ADAPTER,095691188434
18848,"SHELL, COMPACT INNER CLAM",095691188489
18853,SEAL,095691188533
18863,"TUBE, 1/8 SHRINK",095691188632
18867,"SHOE, W/BRACKET",095691188670
18868,O-RING,095691188687
18872,SCREW,095691188724
18878,"LABEL, TOP",095691188786
18883,O-RING,095691188830
18888,"BAND, INDEX",095691188885
18893,"CABLE, 1 FT",095691188939
18903,O-RING,095691189035
18908,"CONNECTOR, MALE BULLET",095691189080
18913,"CONNECTOR,PKG OF 4",095691189134
18918,GROMMET,095691189189
18933,"GAUGE, CRIMP FIXTURE",095691189332
18938,"TOOL, PUSH NUT TIGHTENING",095691189387
18943,"KIT, COMPACT RE-TERM TOOL",095691189431
18948,"NIPPLE, GREASE FILL",095691189486
18951,"DIES, 1/2-3/4 BSPT",095691189516
18953,"FIXTURE, CRIMP",095691189530
18958,"FIXTURE,FIBERGLASS ROD CUTTING",095691189585
18961,"DIES, 1-2 BSPT",095691189615
18968,"HANDLE, RAPIDGRIP AL 14",095691189684
18971,"DIES, 1/2-3/4 BSPT HS",095691189714
18973,"HANDLE, RAPIDGRIP AL 18",095691189738
18978,"NUT, LOCK 5/16-18",095691189783
18981,"DIES, 1-2 BSPT HS",095691189813
18983,"WASHER, M8",095691189837
19023,"SWITCH, W/BRAKE",095691190239
19046,"PISTON, ASSEMBLY",095691190468
19053,"BASE, 425",095691190536
19056,"BODY, 300A",095691190567
19063,"BOLT, HEX HD, 3/8-16X3.5",095691190635
19068,"LEG, REAR",095691190680
19073,"LEG, LEFT",095691190734
19076,"SEAL, W/O-RING TP50",095691190765
19078,"LEG, RIGHT",095691190789
19088,LINK,095691190888
19093,"RING, CENTER W/HANDLE",095691190932
19098,"TUBE, CENTER",095691190987
19103,"SHOE, ADJUSTER, ASSM",095691191038
19106,"CARRIAGE, 311A",095691191069
19108,"BUSHING, LATCH",095691191083
19113,"SPRING, TORSION",095691191137
19118,LATCH,095691191182
19128,"SCREW, LH M5",095691191281
19163,"SWITCH, VSR",095691191632
19168,CORD,095691191687
19171,"1 1/2"" 90° 2 HDL WRENCH",095691191717
19173,"RELIEF, STRAIN",095691191731
19198,"SCREW, CLAMP",095691191984
19231,"1 1/2"" 45° 2 HDL WRENCH",095691192318
19233R,"BRUSH, SET",095691192332
19238,"LOCATOR, NAVITRACK SCOUT",095691192387
19243,"LOCATOR, NAVITRACK SCOUT PAL",095691192431
19246,"TUBE, SUCTION 8MM",095691192462
19258,"COUPLING, REMOTE TRANS 1-1/4""",095691192585
19263,"COUPLING,REM. TRANS 5/8 & 3/4",095691192639
19266,"UNION, 8MM",095691192660
19268,"COUPLING, REM. TRANS 1/2 & 7/8",095691192684
19273,"COUPLING,REM TRANS 5/8 & 3/8",095691192738
19281,"1 1/2"" 45°S' 2 HDL WRENC",095691192813
19288,"SCREW, SH CAP",095691192882
19293,"SCREW, SH CAP",095691192936
19298,"SCREW, SET",095691192981
19303,SEAL,095691193032
19306,"RING, F/OILER R84141",095691193063
19308,"SEAL, BACKING",095691193087
19313,"RING, SNAP",095691193131
19318,"PIN, DOWEL",095691193186
19323,"SCREW, SH CAP",095691193230
19328,"VALVE, PRESSURE RELIEF",095691193285
19333,O-RING,095691193339
19336,"HOSE, FLEXIBLE",095691193360
19343,STRAP,095691193438
19346,"HEAD, CENTERING REAR",095691193469
19348,"SEAL, PISTON",095691193483
19353,"PIN, SPRING",095691193537
19356,BACKPLATE,095691193568
19363,"SCREW, SH CAP",095691193636
19366,"LOOP, 758 F/141",095691193667
19368,SPRING,095691193681
19373,"SEAL, SHAFT",095691193735
19378,WASHER,095691193780
19383,PIN,095691193834
19388,"PIN, SPRING",095691193889
19393,"BUTTON, PRESSURE RELIEF",095691193933
19398,"CAP, PRESSURE RELIEF",095691193988
19403,TRIGGER,095691194039
19408,CIRCUIT BOARD,095691194084
19418,"HEAD, CYLINDER",095691194183
19423,CYLINDER,095691194237
19428,"PIN, JAW MOUNTING",095691194282
19433,"RETAINER, ROLL",095691194336
19438,PISTON,095691194381
19443,"RING, SCRAPER",095691194435
19448,SPRING,095691194480
19453,"STOP, PISTON",095691194534
19458,WASHER,095691194589
19463,"SENSOR, BOLT",095691194633
19468,"SLEEVE, CLAMPING",095691194688
19478,"SCREW, LOCK",095691194787
19488,BLADDER,095691194886
19493,PISTON,095691194930
19498,"COVER, GEAR",095691194985
19513,"PLUG, HOLE",095691195135
19518,"PUMP, COMPLETE",095691195180
19523,MOTOR,095691195234
19528,"PAD, KEY",095691195289
19533,"DECAL, RIDGID",095691195333
19543,"SEAL, SHAFT",095691195432
19548,IMPELLER,095691195487
19563,"PLATE, INLET",095691195630
19588,VOLUTE,095691195883
19638,"ASSEMBLY, COMPACT CABLE L/CAM",095691196385
19813,"JAW, 5/8"" PUREFLOW PEX COMPACT",095691198136
19818,"ACTUATOR, SWITCH",095691198181
19843,"CORD, WITH TERMINALS",095691198433
19848,"LID, ASM",095691198488
19883,FLOAT,095691198839
19888,"HOSE, ASM 2.57X7 LOCKING",095691198884
19893,"HANDLE, METAL",095691198938
19903R,"BUTTON, CAP",095691199034
19906,"ELBOW, UNION",095691199065
19908,"NUT, WASHER CAP 1/2",095691199089
19913,"WHEEL, ASM",095691199133
19918,SHAFT,095691199188
19926,"CONNECTOR, KIT",095691199263
19928,"CADDY, RIGHT",095691199287
19933,"CADDY, LEFT",095691199331
19936,"VALVE, 330 OILER",095691199362
19946,"LINE, OIL 330",095691199461
19956,NUT,095691199560
19966,FERRULE,095691199669
20013,"MOTOR, ASM",095691200136
20028,"PAD, FOAM LID",095691200280
20036,"HANDGRIP, PLASTIC MODEL S",095691200365
20038,"LID, ASSEMBLY",095691200389
20043,WASHER,095691200433
20053,"HOLDER, ACCESSORY",095691200532
20058,"DRUM, ASM",095691200587
20073,"CAP, DRAIN",095691200730
20078,"CASTER, FOOT REAR",095691200785
20083,"SCREW, TYPE ""AB"" #10X1 3/4",095691200839
20086,"HANDLE, CAM MODEL S",095691200860
20088,"CASTER, FOOT FRONT",095691200884
20098,"BAG, ASM ACCY PACK",095691200983
20106,"PIN, DRIVE MODEL S",095691201065
20108,"SWITCH ASSY, 918-I",095691201089
20113,"SWITCH ASSY, 1224",095691201133
20116,"LINK, MODEL S",095691201164
20118,"SWITCH ASSY, 535A",095691201188
20123,"SWITCH ASSY, 535M",095691201232
20126,"PIN, PIVOT MODEL S",095691201263
20128,"SWITCH ASSY, 535M 3PH",095691201287
20133,"SWITCH ASSY, 1822-I",095691201331
20136,"PIN, DOWEL MODEL S",095691201362
20138,"SWITCH, ASSY",095691201386
20143,"SWITCH, ASSY",095691201430
20148R,"SWITCH ASSY, KJ-1750",095691201485
20153,"SWITCH ASSY, 535M 54RPM",095691201539
20166,"CLAMP, CABLE",095691201669
20193,"ASSEMBLY, COL CMPCT CBL L/CAM",095691201935
20198,"ASSEMBLY, COL FLTPK CBL L/CAM",095691201980
20203,"WHEEL, ROLLER DOLLY",095691202031
20213,"TAPE,16'X3/4""",095691202130
20218,"TAPE,25'X1""",095691202185
20233,"LEVEL, 9"" TORPEDO",095691202338
20236,"HOUSING, MOTOR",095691202369
20238,"HACK SAW, 12"" PROHACK",095691202383
20246,"FIELD, 230V",095691202468
20248,"CASE, NAVITRACK SCOUT",095691202482
20256,"ARMATURE, 230V",095691202567
20263,"ASSEMBLY, COL COMPACT SPRING",095691202635
20268,"ASSEMBLY, B&W COMPACT SPRING",095691202680
20273,"SLEEVE, LOCKING",095691202734
20276,"CORD, W/PLUG 230V",095691202765
20278,"RING, RETAINING RING",095691202789
20283,"CONNECTOR, WITH BALL HOLE",095691202833
20288,"CONNECTOR, WITHOUT BALL HOLE",095691202888
20336,BEARING,095691203366
20346,BEARING,095691203465
20348,"CAPACITOR, 122 MACH.",095691203489
20358,"VALVE, DRAIN",095691203588
20363,"GRIP, HANDLE",095691203632
20373,"TUBE, EXHAUST",095691203731
20388,"CORD, POWER",095691203885
20393,"RELIEF, STRAIN",095691203939
20396,"WIRES, FIELD LEAD BLUE & WHITE",095691203960
20406,SCREW,095691204066
20413,BELT,095691204134
20426,SPACER,095691204264
20438,"SCREW, TAPPING",095691204387
20448,FILTER,095691204486
20453,PLUG,095691204530
20476,"HOUSING, FAN",095691204769
20483,"KIT,INCH XL-C RINGS",095691204837
20486,"SPRING, COMP .280 OD X .77 LG",095691204868
20493,"TEE, CONNECTOR 1/4""M X 8",095691204936
20498,"OIL, SYNTHETIC SAE4W40 (8.8OZ)",095691204981
20506,SPACER,095691205063
20533R,"RING, 108MM CRIMP RING",095691205339
20538,"CASE, METRIC XL2 RINGS",095691205384
20543,"RING, 2.5IN XL-C",095691205438
20546,SCREW,095691205469
20548,"RING, 3IN XL-C",095691205483
20553,"RING, 4IN XL-C",095691205537
20566,SCREW,095691205667
20568,"ROUTER, TRIM R24012",095691205681
20586,SCREW,095691205865
20788,TUBE,095691207883
20796,"RING, SPRING",095691207968
20903,"DIEHEAD,COMPL11R 1 1/2 BSPT HS",095691209030
20923,"DIEHEAD, CMPL 11R 1 1/2 NPT",095691209238
20928,"DIEHEAD,CMPL 11R 11/2 H.S. NPT",095691209283
20933,"DIEHEAD,CMPL,11R11/2 HS/SS NPT",095691209337
20943,"DIEHEAD,CMPL 11R 2 NPT",095691209436
20948,"DIEHEAD,CMPL 11R 2"" HS NPT",095691209481
20953,"DIEHEAD,CMPL 11R 2"" HS/SS NPT",095691209535
20963R,"DIEHEAD, 1 1/2 11R",095691209634
20968R,"DIEHEAD, 2"" 11R",095691209689
20978,"NUT, FLANGE 3/8",095691209788
20983,"BOLT, SHOULDER 3/8",095691209832
21008,"FASTENER, BELTGUARD",095691210081
21093,"ASSEMBLY, COPPER GROOVE ROLL",095691210937
21103,"CASE, IMPERIAL XLC",095691211033
21123,"KIT, SERVICE 44000 CYCLE",095691211231
21128,"KIT, SERVICE 22000 CYCLE`",095691211286
21133,"LABEL, WARNING",095691211330
21138,"DECAL, LED",095691211385
21148,"SWITCH, CONTACT",095691211484
21188,"WHEEL, CUTTER E-3469 W/QC PIN",095691211880
21208,"ASSEMBLY, MOTOR 2301 230V",095691212085
21218,"CASE, 11-R/12-R PLASTIC",095691212184
21243,"COVER, PRESSURE SWITCH",095691212436
21338,"CABLE, 1/4 X 30'",095691213389
21343,"KEYPAD, UNIVERSAL LOCATOR",095691213433
21358,SWITCH,095691213587
21462,SWITCH,095691214621
21523,"CAP, SONDE REMOTE TRANS GEN 2",095691215239
21533,SET OF6 PIN WHEEL QUICK CHANGE,095691215338
21543R,"PIN, DOWEL",095691215437
21583,"PIN, SPRING",095691215833
21593,"O-RING, 9 X 1.5",095691215932
21603,O-RING,095691216038
21608,O-RING,095691216083
21613,O-RING,095691216137
21618,"O-RING, 22 X 1.5",095691216182
21623,"SCREW, W/WASHER",095691216236
21648,"AXLE, ROLLER",095691216489
21716,"FIELD, 115V",095691217165
21723,"LABEL,WARNING",095691217233
21728,"SCREW,PKG OF 5",095691217288
21738,"HOUSING,AUTOSPIN MACHINE",095691217387
21743,"ASSEMBLY,AUTOSPIN MOTOR",095691217431
21748,"ASSEMBLY,CLUTCH",095691217486
21753,"ASSEMBLY,DRUM",095691217530
21758,RECTIFIER,095691217585
21763,"SWITCH, AIR W/MOUNTING NUT",095691217639
21768,"RELIEF,STRAIN",095691217684
21773,"LINECORD,AUTOSPIN",095691217738
21778,"SWITCH,AUTOSPIN",095691217783
21783,"FOOTSWITCH,BULB K-30",095691217837
21788,"LABEL,ON/OFF",095691217882
21808,BEARING,095691218087
21813,"SHAFT, PINION MJ-1",095691218131
21818,"BODY, PUMP MJ-1",095691218186
21823,"FITTING, ELBOW SWIVEL",095691218230
21828,"FITTING, ELBOW COMPRESSION",095691218285
21833,"GUIDE, REAR CABLE",095691218339
21843,"RELIEF, STRAIN W/MTG PLATE",095691218438
21847,"HOSE, 3' HYD 1/4 ID",095691218476
21857,"HOSE, 10 HYD 1/4 ID",095691218575
21878,"ACTUATOR, V2",095691218780
21893,"RECEIVER,SR-20 UTILITY LOCATOR",095691218933
21898,"TRANSMITTER,ST-305 UTIL 5 WATT",095691218988
21903,"TRANSMITTER,ST-510 UTIL 10WATT",095691219039
21908,"BUSHING, MINI COMPRESSION",095691219084
21913,"CAP, SPRING SLEEVE",095691219138
21923,"SLEEVE, INLINE LOCKING",095691219237
21928,"BUSHING, STANDARD COMPRESSION",095691219282
21933,"KIT, REMOTE TRANSMITTER SPRING",095691219336
21938,"CUTTER, 101 ML TUBING",095691219381
21943,"RECEIVER,SR20 UTIL LOCATOR PAL",095691219435
21958,"CAP,STANDARD SPRING SLEEVE",095691219589
22038,"HOUSING,MOTOR HC-300",095691220387
22043,"HOUSING,MOTOR 918I",095691220431
22048,"HOUSING,MOTOR 1215",095691220486
22086,"BLADE, 1493 W/CLIP",095691220868
22088,"OIL, AEROSOL THREADING",095691220882
22096,TUBING,095691220967
22103,"ENGINE, 6.5 HP HONDA GX 200",095691221032
22168,"STAND, VF-99 FOLDING (HIGH)",095691221681
22173,"CASE,SR-20 CARRYING CASE",095691221735
22383,"ASSEMBLY,FEEDSCREW 154/156",095691223838
22388,"CASE,NAVITRACK 2",095691223883
22393,"SCREW,DRIVE #6 X 1/4""",095691223937
22398,"LEVEL,9"" TORPEDO STANDARD",095691223982
22528,"ROD,GROUNDING ST-305",095691225283
22533,"CLIP,LEAD ST-305",095691225337
22538,"CABLE,ST-305",095691225382
22563,"CABINET,MACHINE STAND",095691225634
22588,"JAW, 24KN V 12",095691225887
22598,"JAW, 24KN V 15",095691225986
22608,"JAW, 24KN V 18",095691226082
22613,"JAW, 24KN V 22",095691226136
22618R,"JAW, 24KN V 28",095691226181
22638,"TRAY,1452 CLIP-ON TOOL",095691226389
22643,"PIN, WHEEL",095691226433
22648,"PIN, WHEEL",095691226488
22653,"JAW,1/2"" PUREFLOW PEX STD.",095691226532
22658,"JAW,5/8"" PUREFLOW PEX STD.",095691226587
22663,"JAW,3/4"" PUREFLOW PEX STD.",095691226631
22668,"JAW,1"" PUREFLOW PEX STD.",095691226686
22673,"JAW,1 1/4"" PUREFLOW PEX STD.",095691226730
22678,"JAW,1 1/2"" PUREFLOW PEX STD.",095691226785
22683,"JAW,1 1/4"" PUREFLOW PEX CMPCT",095691226839
22688,"JAW,1 1/2"" PUREFLOW PEX CMPT.",095691226884
22693,"LABEL,BATTERY NAVITRACK SCOUT",095691226938
22728,"ASSEMBLY,SPRING B&W 10.6 IN.",095691227287
22733,"ASSEMBLY,SPRING MINI COL 10.6",095691227331
22743,"CABLE LEAD, NAVITRACK BRICK",095691227430
22753,"SET OF,CLIP & RED CABLE LEAD",095691227539
22803,"SWITCH,DIAPHRAGM",095691228031
22838,"ASSEMBLY, ROLLER DOLLEY WHEEL",095691228383
22958,"JAW, ASSY 1807 1/2"" COMPACT",095691229588
22968,"JAW, ASSY 1807 3/4"" COMPACT",095691229687
22973,"JAW, ASSY 1807 1"" COMPACT",095691229731
22978,"JAW, ASSY 1807 1 1/4"" COMPACT",095691229786
22998,"SCREW,PARKER AB 3.5 X 12.5",095691229984
23003,"GASKET, HEAD PLATE",095691230034
23008,"HEAD, PUMP",095691230089
23013,"ADAPTOR, FILTER",095691230133
23018,"HANDLE, RUBBER",095691230188
23028,"TAP, DRAIN 1/4""",095691230287
23033,SPACER,095691230331
23038,TEE,095691230386
23043,"PLUG, 1/4"" GAS",095691230430
23048,"SWITCH, PRESSURE",095691230485
23053,"CORD, POWER 3 AWG 14",095691230539
23058,"SCREW, M6X16",095691230584
23063,"SCREW, M6X60",095691230638
23073,"NUT, M12",095691230737
23078,"SCREW, 8X50",095691230782
23083,SPACER,095691230836
23088,"SPACER, F/HANDLE",095691230881
23093,"PISTON,F/HANDLE",095691230935
23098,"PLUG, PLASTIC",095691230980
23103,"GAUGE, PRESSURE",095691231031
23108,HANDLE,095691231086
23113,"PANEL, CONTROL",095691231130
23118,WHEEL,095691231185
23123,"PIN, WHEEL",095691231239
23128,"TUBE, DISCHARGE",095691231284
23133,"CONNECTOR, STRAIGHT",095691231338
23138,"SPACER, WHEEL",095691231383
23143,"PAD, ANTIVIBRATION",095691231437
23148,"TANK, AIR",095691231482
23153,"PUMP, COMPLETE",095691231536
23158,"KIT, VALVE ASSEMBLY",095691231581
23168,"KIT, PISTON",095691231680
23178,"COVER,NAVITRACK BATTERY",095691231789
23188,"TRANSMITTER, BRICK PAL",095691231888
23282,"DIEHEAD, 842 NPT LH L/DIES",095691232823
23287,"DIEHEAD, 842 W/POST",095691232878
23292,"RING, RETAINING LH",095691232922
23297,"DIEHEAD, 842 BSPT LH L/DIES",095691232977
23302,"DIEHEAD, 842 W/POST BSPT",095691233028
23332,"TOOL, FLARE 345",095691233325
23337,"TOOL, FLARE 345DL",095691233370
23448,"CRIMP TOOL,1/2 ASTM F1807 PEX",095691234483
23458,"CRIMP TOOL,3/4 ASTM F1807 PEX",095691234582
23463,"CRIMP TOOL, 1"" ASTM F1807 PEX",095691234636
23468,"CRIMP TOOL,1/2&3/4 ASTM F1807",095691234681
23478,"GAUGE, 1"" GO/NO-GO",095691234780
23488,"CUTTER, PC-1250",095691234889
23493,"CUTTER, PC-1375",095691234933
23497,"CASE, HC1 F/HAND UNIT",095691234971
23498,"CUTTER, RC 1625 RATCHET",095691234988
23507,"BOOT, RUBBER",095691235077
23512,"WASHER, RUBBER",095691235121
23522,"MOTOR, 3/4 HP K1500A",095691235220
23532,"FRAME, ASM A TYPE",095691235329
23537,"HANDLE,  K-1500A",095691235374
23542,BODY,095691235428
23547,"GUARD, FRONT K1500",095691235473
23552,"PLATE, MAIN BEARING",095691235527
23557,"CLUTCH, MACHINED CASTING",095691235572
23562,"PULLEY, W/SHAFT ASM",095691235626
23567,"GUARD, INSIDE",095691235671
23572,"CONE, CLUTCH",095691235725
23577,"V-BELT, 3V315",095691235770
23582,"PULLEY, K1500A",095691235824
23588,"PIVOT,CENTER SR20",095691235886
23592,"PIN, ROLLER",095691235923
23593,"LATCH,PIVOT SR 20",095691235930
23597,"WHEEL, K1500S",095691235978
23598,"REEL,WIRE SR20",095691235985
23602,"WHEEL, K75A/K1500A",095691236029
23603,"SPRING,LATCH SR20",095691236036
23607,"CAP, END F/LEG",095691236074
23612,"SWITCH, TOGGLE K1500/75",095691236128
23613,"SEAL,WIRE SR 20",095691236135
23617,"BOLT, CARRIAGE 3/8-16 X 2",095691236173
23622,"CLIP, TOOL",095691236227
23628,"COVER,REAR PIVOT",095691236289
23632,"DECAL, WARNING",095691236326
23638,"PLATE,LCD MOUNTING SR 20",095691236388
23642,"BRACKET, MOTOR",095691236425
23643,"DISPLAY,LCD ONLY SR20",095691236432
23647,"BRACKET, TOOL CLIP",095691236470
23652,"SCREW, 1/4-20 X 2-3/4 SHC",095691236524
23653,"MODULE,LCD POWER SR 20",095691236531
23658,"ASSEMBLY,LCD GASKET SR20",095691236586
23662,"LABEL, K-1500",095691236623
23663,"ASSEMBLY,OUTER PIVOT SR20",095691236630
23672,"FRAME, ASM B TYPE",095691236722
23677,"BEARING, ASM THRUST",095691236777
23683,"MOTOR, ASSEMBLY",095691236838
23687,"DECAL, FOR/REV K1500A",095691236876
23692,K1500A 115V 60HZ,095691236920
23693,"LATCH, LID",095691236937
23697,K1500B 120V 60HZ,095691236975
23698,"HANDLE, ASSEMBLY",095691236982
23702,K1500A SE 120V 60HZ W/C14,095691237026
23707,K1500B SE 120V 60HZ W/C14,095691237071
23708,"WHEEL, 8"" GREY HUB",095691237088
23712,K1500A SE 120V 60HZ W/C11,095691237125
23713,"AXLE, SHAFT",095691237132
23717,K1500B SE 120V 60HZ W/C11,095691237170
23718,"CADDY, RIGHT",095691237187
23723,"CADDY, LEFT",095691237231
23728,"HOLDER, ACCESSORY",095691237286
23738,"BAG, FILTER VF3501",095691237385
23743,"BAG, FILTER VF3502",095691237439
23748,"PIN,WHEEL QUICK CHANGE REPAIR",095691237484
23753,"FLOAT, FILTER",095691237538
23758,"CAGE, FILTER",095691237583
23773,"HOSE, 7' SUPER FLEX",095691237736
23793R,"COVER, RIGHT",095691237934
23798,"COVER, LEFT",095691237989
23803R,"HANDLE, TOP",095691238030
23908,"ASSEMBLY, ADVANCED FEED K-39",095691239082
23913,"ASSEMBLY, FEED CARTRIDGE",095691239136
23958,"DRILL, 9 AMP 1/2"" SPADE HANDLE",095691239587
23986,"DIES, 1-2 BSPT HS PL",095691239860
23996,"DIES, 1/2-3/4 BSPT HS PL",095691239969
24006,"DIEHEAD, 555 W/POST",095691240064
24072,"CAP, END HOSE K60",095691240729
24078,"ASSEMBLY, MOTOR W/GEAR",095691240781
24093,GEARBOX,095691240934
24097,"DECAL, K-1500",095691240972
24098,"LABEL, WARNING",095691240989
24103,"HOUSING, SET",095691241030
24113,"SCREW, #8 X .62",095691241139
24117,"CAP, DUST RAM HALF",095691241177
24122,"BODY, PUMP",095691241221
24123,"LEVER, REVERSING",095691241238
24127,PISTON,095691241276
24132,"NUT, PACKING",095691241320
24137,"RING, BACK-UP",095691241375
24142,O-RING,095691241429
24147,"WASHER, COPPER",095691241474
24152,"BALL, STEEL",095691241528
24157,O-RING,095691241573
24162,"STEM, VALVE",095691241627
24163,"NOSEPIECE, AUTO",095691241634
24167,"GUIDE, VALVE",095691241672
24168,SCREW,095691241689
24172,KNOB,095691241726
24177,"BOLT, STOP SPRING",095691241771
24178,"SCREW, BUTTON 5/16-18",095691241788
24182,SPRING,095691241825
24183,"HANDGRIP, AUTO",095691241832
24187,"BALL, STEEL",095691241870
24188,"NOSEPIECE, MANUAL",095691241887
24192,SPRING,095691241924
24193,"RING, RETAINING",095691241931
24197,"TUBE, INTAKE W/FILTER",095691241979
24198,"HANDGRIP, MANUAL",095691241986
24202,PIN,095691242020
24203,"CAP, TOP GRIP",095691242037
24207,PIN,095691242075
24208,"PIN, PIVOT",095691242082
24213,"CARRIAGE, AUTO FEED",095691242136
24217,"ELBOW, 45 DEGREE",095691242174
24218,"LEVER, REVERSE",095691242181
24222,"HEAD, HANDLE",095691242228
24223,"LEVER, FORWARD",095691242235
24226,"CABLE, C11 IC F/AUSTRALIA",095691242266
24228,"SPRING, TENSION",095691242280
24232,RESERVOIR,095691242327
24233,"SLEEVE, W/RINGS",095691242334
24237,"CAP, RESERVOIR",095691242372
24238,"DRUM, FRONT",095691242389
24243,"SPRING, CLAMP",095691242433
24247,"BODY, VALVE",095691242471
24248,"LABEL, NOTICE",095691242488
24253,"GUARD, TRIGGER",095691242532
24256,"RING, RETAINING 555",095691242563
24258,"BOND,MINI PUSH: RED CABLE",095691242587
24272,HANDGRIP,095691242723
24273,"SEAL,HOUSING",095691242730
24277,"BODY, PUMP",095691242778
24278,"LABEL,PROGRAM COVER",095691242785
24282,PISTON,095691242822
24287,SPRING,095691242877
24292,"RING, BACK-UP",095691242921
24293,"SEAL,BOTTOM HANDLE",095691242938
24297,O-RING,095691242976
24298,"SEAL,TOP HANDLE",095691242983
24302,"SCREW, SET",095691243027
24307,"STEM, RELEASE VALVE",095691243072
24313,"LABEL,ANTENNA BALL",095691243133
24318,"RING,ANTENNA PIN",095691243188
24322,"PLUG, PIPE",095691243225
24323,"SHELL,BOTTOM ANTENNA",095691243232
24327,SPRING,095691243270
24328,"SHELL,TOP ANTENNA",095691243287
24332,SPRING,095691243324
24333,"LOCK,TUBE",095691243331
24337,"SCREW, SET",095691243379
24338,"BRACKET,BOTTOM TUBE",095691243386
24343,"SHELL,GRADIENT ANTENNA (OUTER)",095691243430
24347,"RING, BACK-UP",095691243478
24348,"SHELL,GRADIENT ANTENNA (INNER)",095691243485
24352,"PLUG, ADJUSTING",095691243522
24353,"BRACKET,TOP TUBE",095691243539
24358,"O-RING,PKG OF 4",095691243584
24362,PIN,095691243621
24363,"ROLL,POLYESTER TAPE",095691243638
24367,PIN,095691243676
24368,"SCREW,PKG OF 4",095691243683
24372,"CRANK, LEVER",095691243720
24373,"SET OF,4 PINS",095691243737
24378,"TUBE,TOP",095691243782
24383,"SCREW,PKG OF 4",095691243836
24387,"GUIDE, BALL",095691243874
24388,"PAD,GRIP",095691243881
24392,SPRING,095691243928
24393,"LABEL,BOTTOM",095691243935
24398,"LABEL,FRONT",095691243980
24402R,"TUBE, INTAKE W/FILTER",095691244024
24407,RESERVOIR,095691244079
24408,"SCREW,PKG OF 4",095691244086
24412,ENDBELL,095691244123
24417,O-RING,095691244178
24418,"ASSEMBLY,SPEAKER GASKET",095691244185
24422,"CAP, FILLER W/DIPSTICK",095691244222
24423,"CASE,TOP ONLY",095691244239
24433,"CASE,BOTTOM",095691244338
24442,"BODY, CYLINDER",095691244420
24452,PISTON,095691244529
24457,"CAP, END",095691244574
24462R,SPRING,095691244628
24478,"LABEL,SIDE ANTENNA",095691244789
24483,"PAD,HANDLE GRIP",095691244833
24487,"CRANK, LEVER",095691244871
24488,"SCREW,PKG OF 4",095691244888
24492,PIN,095691244925
24493,"SPEAKER, SR 20/SCOUT",095691244932
24497,"RING, SNAP",095691244970
24498,"LABEL,SPEAKER ADHESIVE",095691244987
24502,HANDLE,095691245021
24503,"BOARD, SPEAKER CIRCUIT",095691245038
24507,O-RING,095691245076
24508,"WASHER,FLAT PKG OF 4",095691245083
24513,"PIN,CROSS",095691245137
24518,"ASSEMBLY,SR 20 TOP CASE",095691245182
24523R,"FOAM,CIRCUIT BOARD BACKING",095691245236
24537,"RAM, W/STUD 8R111S",095691245373
24538,"BRACKET,TUBE",095691245380
24542,"PUMP, H18 HYDRAULIC HAND",095691245427
24543,"GASKET,TUBE BRACKET",095691245434
24548,"SEAL,TUBE",095691245489
24553,"SCREW,PKG OF 4",095691245533
24558,"WINDOW,DISPLAY",095691245588
24563,"ASSEMBLY,SERIAL BOARD",095691245632
24572,"GEAR, PINION W/SET SCREW",095691245724
24577,"GEAR, BEVEL W/KEY & SCREW",095691245779
24582,"SPACER, GROUP",095691245823
24588,"SCREW,PKG OF 4",095691245885
24593,"SCREW,PKG OF 4",095691245939
24597,PKG OF 3 24TPI CARBON BLADE,095691245977
24622,PKG OF 3 10 TPI BLADE,095691246226
24627,PKG OF 3 14TPI BI-MET BLADE,095691246271
24632,PKG OF 3 18TPI BI-MET BLADE,095691246325
24637,PKG OF 3 24TPI BI-MET BLADE,095691246370
24647,PKG OF 3 14TPI BI-MET BLADE,095691246479
24652,PKG OF 3 18TPI BI-MET BLADE,095691246523
24657,PKG OF 3 24TPI BI-MET BLADE,095691246578
24703,"KICKSTAND, COMPACT",095691247032
24713,"JAW, 24KN TH 16",095691247131
24723,"JAW, 24KN TH 20",095691247230
24747,"LINECORD, K37/K38 (12')",095691247476
24797,"KIT, 345 W/150 TUBING CUTTER",095691247971
24858,CLAMP,095691248589
24863,"LEG, MONITOR/VCR",095691248633
24868,"GUIDE, REAR CABLE",095691248688
24883,"MOTOR, 230V 2302CE",095691248831
24928,"ADAPTER,LOCKING SLEEVE",095691249289
24953,"PUMP,OIL LUBE",095691249531
24963,"VALVE,CHECK",095691249630
24973,FERRULE,095691249739
24993,"VALVE,150 PSI SAFETY",095691249937
24998,"TUBE,CONTROL PANEL",095691249982
25036,"CABLE, C10 IC F/EUROPE",095691250360
25046,"CABLE, C8 IC F/EUROPE",095691250469
25053,"GASKET,CRANKCASE COVER",095691250537
25056,"SLEEVE, INSERT R84174",095691250568
25068,"HEAD,SELF TAPPING HEAD",095691250681
25078,"KIT,FILTER SCREEN",095691250780
25148,"STATOR, SSP 1000",095691251480
25203,"PANEL,FRONT",095691252036
25208,"KEYPAD,DVD",095691252081
25218,"ASSEMBLY,IR CABLE",095691252180
25223,"SHELL,DVD",095691252234
25238,"PLATE,REAR DVD",095691252388
25268R,"ASSEMBLY,SUNHOOD SPRING (DVD)",095691252685
25353,"MOTOR,115V 54 RPM 1101A",095691253538
25363,"ASSEMBLY,POWER BOARD DVDR",095691253637
25368,"ASSEMBLY,KEYPAD CIRCUIT BOARD",095691253682
25538,"HANDLE,UPPER RH",095691255389
25543,"LATCH,HANDLE O-RING",095691255433
25548,"SCREW,PKG OF 3",095691255488
25563,"HANDLE,LOWER LH",095691255631
25568,"SCREW,PKG OF 3",095691255686
25573,"HANDLE,LOWER",095691255730
25578,"PIN, HANDLE",095691255785
25583,"KIT, BLADE PIN AND CLIP",095691255839
25588,"BLADE, PC-1375 REPLACEMENT",095691255884
25593,"SPRING,1375",095691255938
25598,"SET OF, ROLLER & PIN",095691255983
25638,"ROLL GROOVER, 975 COMBO",095691256386
25668,HC-450 TOOL 110V,095691256683
25823,"ASSEMBLY,NAVITRACK 2 TOP CASE",095691258236
25903,"LCD ONLY, NAVITRACK2/SR-60",095691259035
26032R,"DECAL, TRADE NAME H18",095691260321
26037,"DECAL, TRADE NAME HF18",095691260376
26042,"DECAL, TRADE NAME 8R111S",095691260420
26067,"REPAIR KIT, H18",095691260673
26072,"REPAIR KIT, HF18",095691260727
26083,"ASSEMBLY,BOTTOM CASE NAV 2",095691260833
26092,1224 1/2-4 120V 60HZ NPT,095691260925
26097,1224 1/2-4 240V 60HZ NPT,095691260970
26122,1224 1/2-4 240V 60HZ BSPT,095691261229
26127,1224 1/2-4 120V 60HZ BSPT,095691261274
26132,"DIEHEAD, 711 SO UNIV L/DIES",095691261328
26137,"DIEHEAD, 911 SO BSPT L/DIES",095691261373
26142,"DIEHEAD, 713 QO UNIV L/DIES",095691261427
26147,"DIEHEAD, 913 QO BSPT L/DIES",095691261472
26152,"DIEHEAD, 714 SO RECD L/DIES",095691261526
26157,"DIEHEAD, 914 SO BSPT L/DIES",095691261571
26162,"DIEHEAD, 541 1/4-1 BOLT L/DIES",095691261625
26163,"ACTUATOR, C1",095691261632
26167,"DIEHEAD, 542 1-1/8-2 BLT L/DIE",095691261670
26187,SET OF INSERT/ROLL F/COATED,095691261878
26192,"DIES, 1224 2-1/2""-4 NPT HS",095691261922
26212,"CUTTER, 764 1/4-4 PIPE",095691262127
26217,"REAMER, 744 1/4-4",095691262172
26232,"MOTOR, 240V 60HZ W/CONNECTOR",095691262325
26237,"MOTOR, 120V 60HZ W/CAPAC",095691262370
26247,SET OF INSERTS F/COATED,095691262479
26252,SET OF 2 ROLLS F/COATED PIPE,095691262523
26292,"TERMINAL, RING 1224",095691262929
26297R,"DECAL, 1224",095691262974
26306R,"WASHER, LOCK",095691263063
26307,"WASHER, 1224",095691263070
26332,"CAP, CHUCK 1224",095691263322
26337,"HAMMERWHEEL, 1224",095691263377
26347,"DRIVE, ASM",095691263476
26352,"BEARING, FLANGE 5.238IDx1.255L",095691263520
26357,"BASE, 1224",095691263575
26362,"GEARBOX, ASM 1224",095691263629
26367,"BEARING, ROLLER .7509ID x.750L",095691263674
26372,"BEARING, BALL .67ID X .47LG",095691263728
26377,"GEAR, 1ST INPUT",095691263773
26382,"SHAFT, OUTPUT",095691263827
26397,"BEARING, ROLLER",095691263971
26407,"BEARING, BALL .7874ID X.5512LG",095691264077
26412,"RING, RETAINING",095691264121
26417,"BEARING, BALL",095691264176
26422,"GEAR, CLUSTER SHIFT 1224",095691264220
26427,"BEARING, ROLLER",095691264275
26432,"GEAR, OUTPUT PINION 1224",095691264329
26437,"FORK, SHIFTING 1224",095691264374
26442,"SLIDE, SHIFT 1224",095691264428
26447,"BEARING, SLEEVE .375ID X .375L",095691264473
26452,"SPACER, SHAFT CONSTANT SPEED",095691264527
26457,"KEY, SQ 1/4 X 1-3/16",095691264572
26463,"ROD, Q-RING GROUND",095691264633
26468,CORD. 25 FT COIL (YELLOW),095691264688
26477,"COVER, TOP 1224",095691264770
26478,"SHELL,FRONT Q-RING",095691264787
26482,"COVER, BOTTOM 1224",095691264824
26483,"SHELL,BACK Q-RING",095691264831
26487,"PLATE, REAR SIDE 1224",095691264879
26488,"PLUG,RUBBER",095691264886
26492,"TENSIONER, BELT 1224",095691264923
26493,"STRAP,SHOULDER Q-RING",095691264930
26498,"CORD,POCKET Q-RING",095691264985
26503,"SEAL,CAP Q-RING",095691265036
26507,"BOSS, PINCH POINT 1224",095691265074
26508,"COVER, END Q-RING",095691265081
26513,"WINDOW,LCD Q-RING",095691265135
26517,"SCROLL, 1224",095691265173
26518,"TUBE,BATTERY Q-RING",095691265180
26522,"SCREW, 5/16-24 X 2-1/4 SH",095691265227
26523,"LABEL,LCD INTERFACE",095691265234
26528,"PLUG,POCKET",095691265289
26533,"KICKSTAND,Q-RING",095691265333
26537,"HEAD, CENTERING 1224",095691265371
26538R,"BAR,KICKSTAND",095691265388
26542,"BACKPLATE, 1224",095691265425
26543,"COVER,END CAP",095691265432
26548,"STANDOFF,POCKET",095691265487
26552,"KEY, SQ 1/4 X 4-7/16 SHIFT",095691265524
26557,"RING, RETAINING",095691265579
26558,"KIT, K-40 GUIDE HOSE W/ AF",095691265586
26562,"CONNECTOR, 1/8-27 NPT F/3/8",095691265623
26572,"PINION, CARRIAGE 1224",095691265722
26573,"VAC, VT2530 NOZZLE CARP/FLR",095691265739
26577,"BAR, GUIDE 1224",095691265777
26578,"VAC, VT2540 CLAW NOZZLE",095691265784
26582,"SPRING, COMP .308 OD X .90 LG",095691265821
26587,"PINION, SINE BAR 1224",095691265876
26592,"SPRING, COMP .640 OD X 4.31 LG",095691265920
26602R,"ARM, REAMER 1224",095691266026
26607,"BLOCK, PIVOT 1224",095691266071
26612,"SPRING, COMP .534 OD X 5.75 LG",095691266125
26617,"FOOT, RELEASE NPT 1224",095691266170
26622,"SPRING, TORSION .85 OD X 2.2 L",095691266224
26627,"BOLT, SHOULDER 1224",095691266279
26632,"BLOCK, DRIVE 1224",095691266323
26637,"RING, RETAINING 1224",095691266378
26642,"SCREW, 10-32 X 1-3/8 SHC",095691266422
26643,"FILTER, VF3500 3-LAYER",095691266439
26647,"GEARBOX, 1224",095691266477
26657,"KEY, SQ 3/16 X 5/8",095691266576
26662,"PIN, DOWEL .250 DIA X 1.25 LG",095691266620
26667,"PLUG, EXPANSION 2-3/64 DIA STL",095691266675
26672,"WASHER, THRUST 1224",095691266729
26677,"RING, RET EXT .62DIA 5160-62",095691266774
26692,"SPRING, COMP .240 OD X .75 LG",095691266927
26697,"UNION, BULKHEAD 3/8",095691266972
26702,"CLUSTER, ASM FIXED GEAR",095691267023
26707,"GREASE, GEARBOX 1224/1882",095691267078
26712,"DIEHEAD, W/POST PIN",095691267122
26717,"DIEHEAD, W/POST",095691267177
26727,"PIN, GROOVE .500 DIA X 1.75 LG",095691267276
26742,"FRAME, CUTTER 1224",095691267429
26747,"HOUSING, ROLLER 1224",095691267474
26752,"HANDLE, FEEDSCREW 765",095691267528
26757,"PIN, GROOVE .250 DIA X 1.50 LG",095691267573
26762,"PIN, GROOVE .375 DIA X 2.00 LG",095691267627
26767,"BEARING, SPINDLE FRONT",095691267672
26772,"PLATE, DRIP 1224",095691267726
26773,K-380/K-400 AUTO FEED ASSEM.,095691267733
26777,"SHAFT, PINION SINE BAR 1224",095691267771
26778,"HOSE, GUIDE, ASSEMBLY",095691267788
26787,"BLOCK, GUIDE 1224",095691267870
26788,"LEG, FRONT",095691267887
26792,"SPACER, SINE BAR 1224",095691267924
26793,"LEG, REAR",095691267931
26797,PKG OF 5 SCREWS 10-32 X 5/16,095691267979
26798,CROSS-MEMBER W/STAND STOP,095691267986
26802,"TRAY, DRAW 1224",095691268020
26803,"BLADE, PC-1250 REPLACEMENT",095691268037
26807,"INSERT, ASM CHIP PAN 1224",095691268075
26812,"TUBE, DIE LUBRICATION",095691268129
26813,"FIELD, 115V CM-1450",095691268136
26817,"BRACKET, CHIP PAN",095691268174
26818,"SCREW, FIELD",095691268181
26822,"HOSE, OUTPUT 21"" LONG 1224",095691268228
26823,"BAFFLE, CM-1450",095691268235
26828,"ARMATURE, 115V CM-1450",095691268280
26832,"BELT, 30.3"" X 1/2""",095691268327
26833,"BEARING, BALL",095691268334
26837,"STUD, DRIV-LOK #7 .135 X 1/2",095691268372
26838,"BEARING, BALL",095691268389
26842,"PLUG, DRAIN SNAP-TITE",095691268426
26843,"PLUNGER,",095691268433
26846,BOLT,095691268464
26847,"PAN, CHIP W/HANGER ASM 1224",095691268471
26848,"PIN, RUBBER",095691268488
26852,"PULLEY, GEARBOX W/SCREW 1224",095691268525
26857,"PULLEY, MOTOR W/SCREW 1224",095691268570
26858,"SHAFT, OUTPUT",095691268587
26863,"SPRING, COMPRESSION",095691268631
26867,"PLATE, LOCKOUT 1224",095691268679
26868,"HOLDER, BRUSH",095691268686
26872,"SPRING, TORSION .85 OD",095691268723
26873,"WIRE, JUMPER",095691268730
26877,"LEVER, RELEASE",095691268778
26882,"PLATE, CAM LOCKING",095691268822
26887,"NUT, HEX 7/16-20 HEAVY",095691268877
26893,"WIRE, JUMPER",095691268938
26897,"DIEHEAD, 713/913 W/POST&LATCH",095691268976
26902,"SHAFT, ASM INPUT",095691269027
26903,"NUT, WIRE",095691269034
26907,"PIN, SPIROL .109 DIA X .25 LG",095691269072
26912,"COVER, ASM SINE BAR",095691269126
26917,"RING, WIRE 1.19 DIA",095691269171
26922,"RING, WIRE 1.56 DIA",095691269225
26927,"TUBE, STRAINER 3/8 OD X 2.88",095691269270
26928,"TIE, CABLE",095691269287
26932,"PIN, GROOVE .500 DIA X 2.16 LG",095691269324
26937,PKG OF 6 RETAINING RING,095691269379
26938,"LABEL, WARNING",095691269386
26942,"SCREW, 1/4-20 X 2-3/4 SHC",095691269423
26943,"MICROSWITCH, 400V",095691269430
26948,"PULLEY, INPUT",095691269485
26952,"CAM, ASM NPT",095691269522
26953,"SHAFT, OUTPUT ASSEMBLY",095691269539
26957,"WASHER, DIEHEAD",095691269577
26958,"SHAFT, INTERMEDIATE ASSEMBLY",095691269584
26962,"BALL, SINE BAR",095691269621
26963,"SHAFT,INPUT ASSEMBLY",095691269638
26968,"COVER, TOP",095691269683
26972,"UNION, 3/8 OD TUBE 1224",095691269720
26973,"COVER, BACK",095691269737
26978,"LABEL, CONTROL PANEL",095691269782
26982,"DIEHEAD, 541 1/4-1 W/POST",095691269829
26983,SWITCH ASSY,095691269836
26987,"DIEHEAD, 542 1-1/8-2 W/POST",095691269874
26993,K-400 120V 3/8 X 50 C31IW,095691269935
26997,"SCREW, 3/8-16 X 3/4 HEX SOC BH",095691269973
26998,K-400 120V 1/2 X 75 C45IW,095691269980
27002,"KEY, SQ 3/16 X 1-5/16",095691270023
27007,"HOSE, INLET 36"" LONG 1224",095691270078
27008,K-400AF 120V C32IW W/AUTOFEED,095691270085
27012,"GUARD, PINION 1224",095691270122
27013,K-400AF 120V C45IW W/AUTOFEED,095691270139
27017,"SCREW, 12 X 5/8 SELFTAP W/WASH",095691270177
27022,"SCREW, 5/16-18 X 1 BUTT HD CAP",095691270221
27023,"WRENCH, ONE STOP",095691270238
27032,"KNOB, SHIFTER 1224",095691270320
27037,"BOLT, 3/8 X 3/4 SOC SHOULDER",095691270375
27038,K-400 220-240V 3/8 X 75 EXP,095691270382
27048,K-400 DRUM ASSEMBLY,095691270481
27052,"PIN, ROLL",095691270528
27057,"SCREW, 10-24 X 1-1/2 PAN HD",095691270573
27062,"BRACKET, MOTOR 1224",095691270627
27063,"FOOTSWITCH, 400V 3PH",095691270634
27067,"SCREW, 1/4-14 X 1 HX HD SF TAP",095691270672
27068,"LINECORD, 400V 3PH",095691270689
27072,"PIN, GROOVE .500 DIA X 2.25 LG",095691270726
27073,"PULLEY, INPUT 400V 3PH",095691270733
27078,"MOTOR, 400V 3PH",095691270788
27082,"PULLEY, MOTOR 50HZ 1224",095691270825
27083,"DECAL, CONTROL PANEL",095691270832
27088,"PANEL, CONTROL 535-400V",095691270887
27093,"CONTACTOR, 400V W/OVERLOAD",095691270931
27097,"WASHER, FLAT .281 ID",095691270979
27098,"PLATE, MOTOR 535-400V",095691270986
27102,"SCREW, 5/16-18 X 3-1/4 SOC HD",095691271020
27107,"SCREW, 5/16-18 X 2-1/2 SOC HD",095691271075
27108,"SWITCH ASSY, 535 400V 3PH",095691271082
27112,"BAR, SINE ASM",095691271129
27113,"SCREW, 5/16""-18 X3-1/2"" SHCS",095691271136
27117,"RING, RET EXT .47DIA 5160-47",095691271174
27118,"SCREW,PKG OF 5 #6-32 X 3/4""",095691271181
27123,"BRACKET,535A OIL PUMP",095691271235
27157,"NUT, LOCK 3/4-14 NPT",095691271570
27162,"COVER, JUNCTION BOX 1224",095691271624
27177,"RECEPTACLE, CONNECTOR 1224",095691271778
27187,"RELEIF, STRAIN W/LOCKNUT 1224",095691271877
27197,"BRACKET, STRAIN RELIEF 1224",095691271976
27242,PKG OF 6 10-32 X 1/2 SCREWS,095691272423
27252,"WASHER, STAT-O-SEAL",095691272522
27263,"PLANER,R4331 13"" 3 BLADE",095691272638
27267,"DIEHEAD, W/POST & LATCH",095691272676
27277,"CAM, ASM 914 BSPT",095691272775
27282,"MOTOR, 220V/240V 50HZ 1224",095691272829
27287,"MOTOR, 110V 50HZ W/CAPAC",095691272874
27307,"PUMP, OIL ML",095691273079
27352,"SCREW, 1/4-20 X 1/4 SC FP SET",095691273529
27357,"SCREW, 1/4-20 X 7/8 SHC",095691273574
27398,"HANDLE, 700 T-2",095691273987
27402,"WASHER, FLAT .286 ID X 5/8",095691274021
27403,"CAP, INSULATING",095691274038
27408,"FIELD, 115V T-2",095691274083
27413,"FIELD, 230V T-2",095691274137
27418,"DECAL, WARNING",095691274182
27423,"KIT,V1, 1/2""-1-1/4""",095691274236
27428,"KIT,V2, 1-1/2""-2""",095691274281
27442,WHEEL,095691274427
27443,"SUPPORT, BEARING",095691274434
27448,"BUSHING, GUIDE TUBE",095691274489
27452,"WASHER, FLAT .286 ID X 1""",095691274526
27453,"LEVER, HANDLE RELEASE",095691274533
27458,"SPRING, FLAT",095691274588
27463,"SHAFT, DRUM",095691274632
27468,"BUSHING, SLEEVE",095691274687
27478,"GUIDE, CABLE",095691274786
27483,"GUARD, BELT",095691274830
27488,"PULLEY, IDLER",095691274885
27493,"BUSHING, FLANGE",095691274939
27498,V-BELT,095691274984
27508,"NUT, HEX PKG OF 5",095691275080
27512,"CAPLUG, TAPERED",095691275127
27513,PULLEY,095691275134
27517,"NUT, LOCK 5/16-18 FLANGE",095691275172
27518,AXLE,095691275189
27523,"SPRING, EXTENSION",095691275233
27528,DRUM,095691275288
27533,"BRACKET, PULLEY",095691275332
27548,"SCREW, DRIVE 14-1/2""",095691275486
27553,GROMMET,095691275530
27558,PLUG,095691275585
27563,BUSHING,095691275639
27578,"SCREWS, PKG OF 3",095691275783
27583,"MOTOR, 220/240V 50HZ",095691275837
27592,K1500A SE 230V 50/60HZ,095691275929
27593,CAP,095691275936
27597,K1500B SE 230V 50/60HZ,095691275974
27598,"HOSE, 2'",095691275981
27603,"BRACKET, GUIDE HOSE MOUNTING",095691276032
27608,SPACER,095691276087
27612,K1500A 230V 50/60HZ ONLY,095691276124
27617,K1500B 230V 50/60HZ ONLY,095691276179
27623,"MOTOR, 220/240V 50HZ EXPORT",095691276230
27642,"AUGER, T125 RETRIEVING",095691276421
27653,"RUBBER BALLS, PKG OF 2",095691276537
27703,"SAW, HOLE CRYO 1 1/8"" BMTL",095691277039
27728,"SAW, HOLE CRYO 1 3/4"" BMTL",095691277282
27753R,"SAW, HOLE CRYO 2 3/8"" BMTL",095691277534
27858,"BLADE, RC-1625 REPLACEMENT",095691278586
27868,"COVER, BATTERY SR-20/SCOUT",095691278685
27888,"ASSEMBLY, COMPACT TERMINATION",095691278883
27933,"CASE, RP330 CARRYING",095691279330
27998,"PRESSRING IVP- NW 1/2"" CPL-RTC",095691279989
28003,"PRESSRING IVP- NW 3/4"" CPL-RTC",095691280039
28008R,"PRESSRING IVP- NW 1"" CPL-RTC",095691280084
28013,"PRESSR. IVP- NW 1 1/4"" CPL-RTC",095691280138
28018,"PRESSR. IVP-XL NW 1 1/2"" CPL",095691280183
28023,"PRESSR. IVP-XL NW 2"" CPL",095691280237
28028,"CASE, SMALL MVP RINGS",095691280282
28033,"ACTUATOR,V1",095691280336
28037,"SHAFT, ASM OUTPUT 1224",095691280374
28038,"CASE, LARGE MVP RINGS",095691280381
28043,"KIT,C1, 1/2""-1-1/4""",095691280435
28047,"SHAFT, ASM CONSTANT SPEED 1224",095691280473
28048,"KIT,V1/C1 COMBO 1/2""-1-1/4""",095691280480
28462,"DETENT, DIEHEAD",095691284624
28523,"SAW, MITER 12"" SLIDE MS1290LZA",095691285232
28922,"FIELD, 230V 700",095691289223
28983,"SCREW,SHC",095691289834
28988,MAGNET,095691289889
29003R,"PIN,SPRING",095691290038
29008,"SCREW,PAN HD SET OF 2",095691290083
29013,"SCREW,PAN HD",095691290137
29018,CLAMP,095691290182
29023,O-RING,095691290236
29028,SCREW PAN HD,095691290281
29038,"FILTER,BRONZE",095691290380
29046,"SCREW, CLAMP 141 THRDR",095691290465
29053,"CYLINDER, SUB ASSEMBLY",095691290533
29056,"WRENCH, 141",095691290564
29058,"HEAD,CYLINDER SUB ASSEMBLY",095691290588
29063,"ASSEMBLY,GEARBOX",095691290632
29077,"BRACKET, MAST",095691290779
29078,CYLINDER,095691290786
29082,"BRACE, UPPER",095691290823
29083,PISTON,095691290830
29088,"SEAL,PISTON",095691290885
29093,"VALVE,PRESSURE RELIEF",095691290939
29098,"SCREW,LOCK",095691290984
29102,"BOLT, HEX HD 1/8 X 4-1/2",095691291028
29113,BLADDER,095691291134
29118,"HEAD,CYLINDER",095691291189
29128,PISTON,095691291288
29133,"SPRING,INTERNAL",095691291332
29143,COVER,095691291431
29148,"BOLT,SENSOR",095691291486
29153,"COVER,GEAR",095691291530
29158,"PUMP,COMPLETE",095691291585
29163,TRIGGER,095691291639
29173,"CARRIER,LIGHT",095691291738
29178,"CABLE,POWER 230V",095691291783
29183,"PIN,JAW MOUNTING",095691291837
29188,"SPRING,EXTERNAL",095691291882
29248,"SUPPORT,BATTERY",095691292483
29278,PLUG,095691292780
29283,"SWITCH,COMPLETE",095691292834
29298,"MOTOR,INCL/MAGNET",095691292988
29433,"CIRCUIT BOARD ""LED"" COMPLETE",095691294333
29438,"CIRCUIT BOARD,""POWER"" COMPLETE",095691294388
29443,"CIRCUIT BOARD,POWER-230V",095691294432
29448,"CIRCUIT BOARD, LED ""B""",095691294487
29458,"ASSEMBLY, RP330-B",095691294586
29463,"MOTOR, COMPLETE W/MAGNET",095691294630
29466,"BLOCK, SWITCH R81181",095691294661
29468,"GEAR, PLASTIC ""BLACK""",095691294685
29493,"CAP, PRESSURE RELIEF (BLACK)",095691294937
29498,"NAMEPLATE, 120V",095691294982
29503,"SET, PLASTIC HOUSING RP330-C",095691295033
29506,"CONTACTOR, 220V R81185",095691295064
29508,"CORD, POWER 120V",095691295088
29523,"DECAL, WARNING",095691295231
29528,"DECAL, ERROR CODE",095691295286
29533,"MOTOR, COMPLETE W/MAGNET 120V",095691295330
29583,"GAUGE, 3/8""-1""GO/NO GO-F 1807",095691295835
29638R,"KIT,BRUSH HOLDER",095691296382
29648,"KIT,IMPELLER & SEAL",095691296481
29788,"RELIEF, STRAIN 700 GRAY",095691297884
29823,CASTER,095691298232
29833,"FOOT,CASTER W/STORAGE",095691298331
29848,"NOZZLE, CAR MPURPOSE 1-7/8",095691298485
29853,"THREADING MACH,1224 110V 50HZ",095691298539
29858,"THREADING MACH,1224 220/240V",095691298584
29863,"THREADING MACH,1224 220/240V",095691298638
29873,300 COMPACT 110V,095691298737
29878,"THREADING MACH,300 CMPCT 230V",095691298782
29898,"THREADING MACH,300CA CMPL 230V",095691298980
29903,300C CMPL 110V,095691299031
29908,"THREADING MACH, 300AA 230",095691299086
29913,300AC CMPL 110V,095691299130
29918,"THREADING MACH,535M 400V 50HZ",095691299185
29928,"THREADING MACH,535M 220-240V 3",095691299284
29933,"THREADING MACH,535A 400V 50HZ",095691299338
29937R,"ROLLER, CUTTER 151",095691299376
29938R,"THREADING MACH,535M 110V 36RPM",095691299383
29943,"THREADING MACH,535A 230V 36RPM",095691299437
29948,"THREADING MACH,535A 110V 36RPM",095691299482
29962,"PIN, WHEEL W/CLIP",095691299628
29963,"CUTTER, EN 35S TUBING",095691299635
29972,"PIN, WHEEL W/CLIP",095691299727
29973,"WHEEL, SET OF 2 35S CUTTER",095691299734
29982,"ROLLER, 154",095691299826
29983,"REAMER, EN 223S SS",095691299833
29993,"REAMER, EN 227S SS",095691299932
30007,"LEADER, T127 TRAP 7/8",095691300072
30012,"CUTTER, 151 TUBING PVC",095691300126
30017,"GEAR, RING",095691300171
30022,PKG OF 3 DRIVE PINS,095691300225
30027,"RING, DRIVE",095691300270
30032,"EXPANDER, MOD S SET S7",095691300324
30083,"CAMERA, EXP REPLACEMENT IMAGE",095691300836
30088,"CUTTER, RC-2375 RATCHETING",095691300881
30093,"BLADE, RCB-2375 REPLACEMENT",095691300935
30118,12R T2 RATCHET WITH HANDLE,095691301185
30138,"COVER, AUTOFEED LEVER",095691301383
30203,"CAMERA,MICROEXPLO HOOK MAG MIR",095691302038
30208,"CHARGER, MICROEXPLORER DC CAR",095691302083
30238,"TRIGGER,QA-45 VISE",095691302380
30338,"SPRING, TORSION",095691303387
30343,"SPRING, ASM XF-45",095691303431
30348,"ASSEMBLY, VISE NUT XF-45",095691303486
30353,"PIN, STOP XF-50",095691303530
30358,"SPRING, ASM XF-50",095691303585
30363,"TRIGGER, XF-50",095691303639
30368,"ASSEMBLY, VISE NUT XF-50",095691303684
30373,"PIN, STOP XF-50",095691303738
30408,"HOSE, LOCKING 14FT 1 7/8",095691304087
30438,"BRUSH, MOTOR RV2400A",095691304384
30443,"MOTOR, 115V RV2400A",095691304438
30458,"HOSE, 10' PRO FOR 2.5"" ACC",095691304582
30468R,"SHAFT, CART",095691304681
30473,"CASTER, WHEEL",095691304735
30498,"MOTOR, WD5500",095691304988
30528,"INSERT, SQUEEGE SET LNG/SHT",095691305282
30553,"GAUGE,TANK PRESSURE",095691305534
30558R,"GAUGE,OUTLET PRESSURE",095691305589
30568R,GRIP,095691305688
30583,"TUBE,UNLOADER W/NUT&FERRULE",095691305831
30608,"GRINDER,7"" TWIST HANDLE R10201",095691306081
30646,"PIN, FEMALE",095691306463
30653,"ASSEMBLY, USB COVER PLATE",095691306531
30658R,"LABEL,BOTTOM INSTRUCTION",095691306586
30668R,"LABEL,TOP DIRECTIONAL STRIP",095691306685
30673,"DECAL,FRONT",095691306739
30678,"LABEL, FRONT ARROW",095691306784
30693,"COOLANT, 1210 THREAD CUTTING",095691306937
30708,"EXTENSION, RATCHET,1/2 LOCKING",095691307088
30728,TORQUE LIMITER ASSEMBLY,095691307286
30758R,"CHARGER, MICROEXPLORER BATTERY",095691307583
30778,"KEYPAD, ST 510",095691307781
30783,"LCD, W/GASKET",095691307835
30788,"HANDLE, ST 510",095691307880
30798,"GASKET, BASEPLATE",095691307989
30803,"SCREW, PKG OF 4 #8-16 X .625",095691308030
30828,"HOUSING, ST-510",095691308283
30833,"STRAP, SHOULDER",095691308337
30873,LABELS,095691308733
30878,"PINION, INPUT",095691308788
30883,"SHAFT, DRIVE",095691308832
30888,"WASHER, THRUST",095691308887
30893,KEY .25 X .62,095691308931
30898,"GEAR, DRIVE",095691308986
30903,"RING, RETAINING",095691309037
30908R,"SCREW, 1/4-20 X 1-38 SHC",095691309082
30913,"COVER, REAR",095691309136
30916,PKG OF 2 BRUSH HOLDERS W/CAPS,095691309167
30918,BEARING,095691309181
30923,"BLOCK, SLIDE",095691309235
30928,"HOUSING, MAIN",095691309280
30933,ROLL. GROOVE,095691309334
30938,"WASHER, THRUST",095691309389
30943,"SHAFT, GROOVE ROLL",095691309433
30948,FEEDSCREW,095691309488
30953,"CORD, CONNECTOR 300 COMPACT",095691309532
30958,"HANDLE, UPPER RH",095691309587
30963,"SLEEVE, BLADE RETURN",095691309631
30968,"PIN, BLADE STOP",095691309686
30973,"HANDLE, UPPER LH",095691309730
30978R,"HANDLE, LOWER",095691309785
30983,"KIT, SPRING 1625",095691309839
30988,"PAWL, DRIVE",095691309884
30993,"PAWL, CATCH",095691309938
30998R,"PIN, HANDLE",095691309983
31000,"WRENCH, 6 RIDGID HD",095691310002
31003,"PIN, BLADE",095691310033
31005,"WRENCH, 8 RIDGID HD",095691310057
31010,"WRENCH, 10 RIDGID HD",095691310101
31015,"WRENCH, 12 RIDGID HD",095691310156
31020,"WRENCH, 14 RIDGID HD",095691310200
31023,"CASE, RP210 CARRYING CASE",095691310231
31025,"WRENCH, 18 RIDGID HD",095691310255
31030,"WRENCH, 24 RIDGID HD",095691310309
31035,"WRENCH, 36 RIDGID HD",095691310354
31040,"WRENCH, 48 RIDGID HD",095691310408
31045,"WRENCH, 60 RIDGID HD",095691310453
31050,"WRENCH, E6 RIDGID END HD",095691310507
31055,"WRENCH, E8 RIDGID END HD",095691310552
31060,"WRENCH, E10 RIDGID END HD",095691310606
31065,"WRENCH, E12 RIDGID END HD",095691310651
31070,"WRENCH, E14 RIDGID END HD",095691310705
31073,"VAC, MULTI-NOZZLE BODY",095691310736
31075,"WRENCH, E18 RIDGID END HD",095691310750
31078,"VAC, FLOOR BRUSH INSERT",095691310781
31080,"WRENCH, E24 RIDGID END HD",095691310804
31083,"VAC, CARPET INSERT",095691310835
31085,"WRENCH, E36 RIDGID END HD",095691310859
31088,"VAC, SQUEEGEE INSERT",095691310880
31090,"WRENCH, 810 ALUM",095691310903
31093R,"VAC, CLAW NOZZLE",095691310934
31095,"WRENCH, 814 ALUM",095691310958
31098,"HOSE, 10' PRO FOR 1-7/8"" ACC",095691310989
31100,"WRENCH, 818 ALUM",095691311009
31103,"WAND, UPPER METAL EXTENSION",095691311030
31105,"WRENCH, 824"" ALUM",095691311054
31108,"VAC, EXT WAND LOWER METAL",095691311085
31110,"WRENCH, 836 ALUM",095691311108
31113,"ASSEMBLY,LED CABLE CONNECTOR",095691311139
31115,"WRENCH, 848 ALUM",095691311153
31120,"WRENCH, OFFSET 14 ALUM",095691311207
31125,"WRENCH, OFFSET 18 ALUM",095691311252
31130,"WRENCH, OFFSET 24 ALUM",095691311306
31138,"SEAL, COUNTIR",095691311382
31143,"MOTOR,100V 122J",095691311436
31163,K-50-6 115V 50/60 HZ COMB 6,095691311634
31170,"WRENCH, BASIN 1010",095691311702
31175,"WRENCH, BASIN 1017",095691311757
31180,"WRENCH, BASIN 1019",095691311801
31228,"JAW,ASSEMBLY 1.25 COMP PROPRES",095691312280
31238,"ADAPTER, AUTOFEED",095691312389
31243,"GRIP, AUTOFEED",095691312433
31248,"WASHER, 5/16 LOCK",095691312488
31258,"FERRULE, GUIDE HOSE",095691312587
31275,"WRENCH, 17 HEX",095691312754
31280,"WRENCH, 25 HEX",095691312808
31288,"BAR, SHOULDER STRAP",095691312884
31298,"SCREW, PKG OF 4 #2-56 X .25",095691312983
31303,"POCKET, LEFT CABLE",095691313034
31305,"WRENCH, E110 HEX",095691313058
31310,"WRENCH, C12 CHAIN",095691313102
31313,"SET OF, CIRCUIT BOARDS ST-510",095691313133
31315,"WRENCH, C14 CHAIN",095691313157
31318,"STRAP, BATTERY COMPARTMENT",095691313188
31320,"WRENCH, C18 CHAIN",095691313201
31323,"ASSEMBLY, BATTERY COMPARTMENT",095691313232
31325,"WRENCH, C24 CHAIN",095691313256
31328,"GASKET, CABLE LOCK",095691313287
31330,"WRENCH, C36 CHAIN",095691313300
31333,"RECEPTACLE, CABLE LEAD",095691313331
31335,"WRENCH, 1 STRAP",095691313355
31340,"WRENCH, 2 STRAP",095691313409
31343R,"SCREW, PKG OF 4 #4-40 X .25",095691313430
31345,"WRENCH, 2 STRAP W/30"" STRAP",095691313454
31350,"WRENCH, 2 STRAP 24 LONG",095691313508
31353,"WASHER, PKG OF 4",095691313539
31355,"WRENCH, 2P STRAP F/PLASTIC",095691313553
31358,"SCREW, PKG OF 4 #6 X .75",095691313584
31360,"WRENCH, 5 STRAP",095691313607
31365,"WRENCH, 5 STRAP W/48 STRAP",095691313652
31370,"WRENCH, 5P STRAP F/PLASTIC",095691313706
31373,"POCKET, RIGHT CABLE",095691313737
31375,"WRENCH, S2 COMP LEVERAGE",095691313751
31380,"WRENCH, S4A COMP LEVERAGE",095691313805
31383,"SPRING, WAVE PKG OF 4",095691313836
31385,"WRENCH, S6A COMP LEVERAGE",095691313850
31388,"RING, RETAINING PKG OF 4",095691313881
31390,"WRENCH, S8A COMP LEVERAGE",095691313904
31393,"ASSEMBLY, INDUCTIVE COIL",095691313935
31395,"RAPWRENCH, 10 HD RIDGID",095691313959
31398,BASEPLATE,095691313980
31400,"WRENCH, 12 SPUD",095691314000
31405,"WRENCH, 342 INTERNAL",095691314055
31408,"SUPPORT, RECEPTACLE",095691314086
31410,"WRENCH, 902 TORQUE",095691314109
31413,"PIN,TOOL PIVOT REPAIR KIT",095691314130
31418,"SCREW,ADJUSTMENT REPAIR KIT",095691314185
31420,"HANDLE, WRENCH 6 HD RIDGID",095691314208
31423,"HANDLE,PIVOT PIN REPAIR KIT",095691314239
31425,"HANDLE, WRENCH 8 HD RIDGID",095691314253
31428,"KIT,ECCENTRIC JAW PIVOT KIT",095691314284
31430,"HANDLE, WRENCH 10 HD RIDGID",095691314307
31433,"KIT,JAW PIVOT PIN REPAIR",095691314338
31435,"HANDLE, WRENCH 12 HD RIDGID",095691314352
31438,"KIT,RETAINING RING REPAIR",095691314383
31440,"HANDLE, WRENCH 14 HD RIDGID",095691314406
31445,"HANDLE, WRENCH 18 HD RIDGID",095691314451
31450,"HANDLE, WRENCH 24 HD RIDGID",095691314505
31455,"HANDLE, 36 HD RIDGID WRENCH",095691314550
31458,"FRAME, 35S CUTTER",095691314581
31460,"HANDLE, WRENCH 48 HD RIDGID",095691314604
31463,"KNOB,",095691314635
31465,"HANDLE, WRENCH 60 HD RIDGID",095691314659
31468,HOUSING ASSEMBLY,095691314680
31470,"HANDLE, WRENCH E6 HD RIDGID",095691314703
31475,"HANDLE, WRENCH E8 HD RIDGID",095691314758
31478,FEEDSCREW,095691314789
31480,"HANDLE, WRENCH E10 HD RIDGID",095691314802
31483,"PIN, WHEEL",095691314833
31485,"HANDLE, WRENCH E12 HD RIDGID",095691314857
31487,"COUPLING, 5/8 REPAIR",095691314871
31490,"HANDLE, WRENCH E14 HD RIDGID",095691314901
31492,"COUPLING, 3/4 REPAIR",095691314925
31493,"PIN, ROLLER PKG OF 2",095691314932
31495,"HANDLE, WRENCH E18 HD RIDGID",095691314956
31498,"WASHER, FEEDSCREW",095691314987
31500,"HANDLE, WRENCH E24 HD RIDGID",095691315007
31502,"CASE, 345",095691315021
31503,"BEARING, ROLLER",095691315038
31505,"HANDLE, WRENCH E36 HD RIDGID",095691315052
31507,"MOTOR, 115V 4182",095691315076
31508,"ROLLER, SPACER PKG. OF 2",095691315083
31510,"HANDLE, ASM 810 WRENCH",095691315106
31512,"MOTOR, 230V 4282",095691315120
31513,"WASHER, REAR",095691315137
31515,"HANDLE, WRENCH 814",095691315151
31518,"RING, RETAINING",095691315182
31520,"HANDLE, WRENCH 818",095691315205
31523R,"SCREW, REAR",095691315236
31525,"HANDLE, WRENCH 824",095691315250
31530,"HANDLE, WRENCH 836",095691315304
31535,"HANDLE, WRENCH 848",095691315359
31555,"JAW, HOOK 6 WRENCH",095691315557
31560,"JAW, HEEL W/PIN 6 WRENCH",095691315601
31565,SET OF COIL & FLAT SPRINGS 6WR,095691315656
31570,"NUT, 6 WRENCH",095691315700
31572,"FEEDSCREW, W/ROLL HOUSE KIT",095691315724
31575,"PIN, 6 HEEL JAW",095691315755
31580,"JAW, HOOK 8 WRENCH",095691315809
31585,"JAW, HEEL W/PIN 8 WRENCH",095691315854
31590,SET OF COIL & FLAT SPRINGS 8WR,095691315908
31595,"NUT, 8 WRENCH",095691315953
31597,"ADAPTOR, 3/16 DOUBLE FLARE",095691315977
31600,"PIN, 8 HEEL JAW",095691316004
31602,"ADAPTOR, 1/4 DOUBLE FLARE",095691316028
31605,"JAW, HOOK 10 WRENCH",095691316059
31607,"ADAPTOR, 5/16 DOUBLE FLARE",095691316073
31610,"JAW, HEEL W/PIN 10 WRENCH",095691316103
31612,"ADAPTOR, 3/8 DOUBLE FLARE",095691316127
31615,"NUT, 10 WRENCH",095691316158
31617,"ADAPTOR, 1/2 DOUBLE FLARE",095691316172
31620,SET OF SPRINGS COIL & FLAT 10,095691316202
31622,"CUTTER, 150 TUBING",095691316226
31625,"PIN, HEEL JAW 10 WRENCH",095691316257
31627,"CUTTER, 150 TUBING W/HD WHEEL",095691316271
31630,"JAW, HOOK 12 WRENCH",095691316301
31632,"CUTTER, 151 TUBING",095691316325
31635,"JAW, HEEL W/PIN 12/14 WRENCH",095691316356
31637,"CUTTER, 151P TUBING F/PLASTIC",095691316370
31640,SET OF SPRINGS COIL & FLAT 12,095691316400
31642,"CUTTER, 152 TUBING",095691316424
31645,"NUT, 12 WRENCH",095691316455
31647,"CUTTER, 152P TUBING F/PLASTIC",095691316479
31650,"PIN, HEEL JAW 14 WRENCH",095691316509
31652,"CUTTER, 154 TUBING",095691316523
31655,"JAW, HOOK 14 WRENCH",095691316554
31657,"CUTTER, 154P TUBING F/PLASTIC",095691316578
31658,"VAC, WD4070EX 4 GALLON",095691316585
31660,SET OF SPRINGS COIL & FLAT 14,095691316608
31662,"CUTTER, 156 TUBING",095691316622
31665,"NUT, 14 WRENCH",095691316653
31667,"CUTTER, 156P TUBING F/PLASTIC",095691316677
31670,"JAW, HOOK 18 WRENCH",095691316707
31675,"JAW, HEEL W/PIN 18 WRENCH",095691316752
31680,SET OF SPRINGS COIL & FLAT 18,095691316806
31685,"NUT, 18 WRENCH",095691316851
31690,"PIN, HEEL JAW 18 WRENCH",095691316905
31695,"JAW, HOOK 24 WRENCH",095691316950
31698,"VAC, WD1851EX 16 GALLON PRO",095691316981
31700,"JAW, HEEL W/PIN 24 WRENCH",095691317001
31705,SET OF SPRINGS COIL & FLAT 24,095691317056
31708,"VAC, VT1794 1-7/8"" ACCSSORY KT",095691317087
31710,"NUT, 24 WRENCH",095691317100
31713,"HOSE, VT1720 1-7/8"" 7'",095691317131
31715,"PIN, HEEL JAW 24 WRENCH",095691317155
31718,"NOZZLE, VT1701 DUSTING BRUSH",095691317186
31720,"JAW, 36 USA RIDGID HOOK",095691317209
31723,"TOOL, VT1702 1-7/8"" CREVICE",095691317230
31725,"JAW, HEEL W/PIN 36 WRENCH",095691317254
31728,"WAND, VT1708 1-7/8"" EXTENSION",095691317285
31730,SET OF SPRINGS COIL & FLAT 36,095691317308
31733,"NOZZLE, VT1709 1-7/8"" UTILITY",095691317339
31735,"NUT, 36 WRENCH",095691317353
31738,"NOZZLE, VT1710 1-7/8"" WET",095691317384
31740,"PIN, HEEL JAW 36 WRENCH",095691317407
31743,"KIT, VT1755 HOSE TO HOSE ADAPT",095691317438
31745,"JAW, HOOK 48 WRENCH",095691317452
31748,"VAC,VT2565 FILTER NUT&COMBO PL",095691317483
31750,"JAW, HEEL W/PIN 48 WRENCH",095691317506
31753,"COUNTER,COUNTPLUS CABLE",095691317537
31755,SET OF SPRINGS COIL & FLAT 48,095691317551
31760,"NUT, 48 WRENCH",095691317605
31765,"PIN, HEEL JAW 48 WRENCH",095691317650
31770,"JAW, HOOK 60 WRENCH",095691317704
31775,"JAW, HEEL W/PIN 60 WRENCH",095691317759
31780,SET OF SPRINGS COIL & FLAT 60,095691317803
31785,"NUT, 60 WRENCH",095691317858
31790,"PIN, HEEL JAW 60 WRENCH",095691317902
31792,"KIT, R737BB 1 1/2-2 CASE",095691317926
31803,"CUTTER, EN 65S SS TUBING",095691318039
31812,"CASE, ONLY BB KO",095691318121
31822,"DIES, UNIV 1-2 NPT HS PL",095691318220
31827,"DIES, 1224 2-1/2""-4 NPT HS PL",095691318275
31832,"DIES, 1224 2-1/2""-4 BSPT HS PC",095691318329
31848,"MOTOR, ASSEMBLY 230V",095691318480
31858,"MOTOR, ASSEMBLY 240V",095691318589
31923,"CABLE, FLEX",095691319234
31928R,"BOARD, MAIN CIRCUIT",095691319289
31933,"RING, RETAINING 5103-56",095691319333
31938,"LINECORD, W/PLUG 115V",095691319388
31943,"LINECORD, W/PLUG 230V",095691319432
31948,"SENSOR, GAS SNIFFER ACCESSORY",095691319487
31990,"STRAP, #1 SINGLE",095691319906
32005,"HANDLE, WRENCH 1 STRAP",095691320056
32010,"PIN, 1 STRAP WRENCH",095691320100
32015,"STRAP, #2 SINGLE",095691320155
32017,"FRAME, 151 CUTTER",095691320179
32018,"PIN, BLADE STOP",095691320186
32020,"STRAP, #2 24"" LONG",095691320209
32022,"FRAME, 152 CUTTER",095691320223
32023,"HANDLE, UPPER RH",095691320230
32025,"STRAP, #2 30"" LONG",095691320254
32027R,"FRAME, 154 CUTTER",095691320278
32028,"SLEEVE, BLADE RETURN",095691320285
32032,"FRAME, 156 CUTTER",095691320322
32033,"HANDLE, UPPER LH",095691320339
32035,"STRAP, #2P 17"" LONG",095691320353
32037,"SLIDE, CUTTER 151",095691320377
32040,"HANDLE, WRENCH 2 STRAP",095691320407
32042,"SLIDE, 152",095691320421
32045,"PIN, 2 STRAP WRENCH",095691320452
32047,"SLIDE, 154",095691320476
32050,"STRAP, #5 SINGLE",095691320506
32055,"STRAP, #5 48"" LONG",095691320551
32057,"FEEDSCREW, 152",095691320575
32063,"SPRING, MINI TO SELF-LEVELING",095691320636
32065,"STRAP, #5P 30"" LONG",095691320650
32075,"HANDLE, WRENCH 5 STRAP",095691320759
32078,"CUTTER, 151 CSST",095691320780
32080,"PIN, 5 STRAP WRENCH",095691320803
32082,"BEARING, FLANGE .125ID X.375LG",095691320827
32085,"TRUNNION, ASM S2 WRENCH",095691320858
32087,"SPRING, COMP .188 OD X .19 LG",095691320872
32090,"TRUNNION, S2 WRENCH",095691320902
32092,"SPRING, SLIDE 152/154",095691320926
32097,PKG OF 2 ROLLERS,095691320971
32098R,"PLATE, RETAINER",095691320988
32100,SET OF JAWS S2 WRENCH,095691321008
32102,PKG OF 2 ROLLERS,095691321022
32103,"ASSEMBLY, ENDCAP W/STRAP ST305",095691321039
32105,"HEAD, ASM S2 WRENCH",095691321053
32106,"LINER, SWITCH 700",095691321060
32107,PKG OF 2 ROLLER PINS,095691321077
32108,"ASSEMBLY, ENDCAP W/STRAP BRICK",095691321084
32110,"CHAIN, W/SCREW S2",095691321107
32112,PKG OF 2 ROLLER PINS,095691321121
32113,"SHELL, TRANSMITTER ST305/BRICK",095691321138
32115,"HANDLE, W/NUT S2 WRENCH",095691321152
32117,PKG OF 2 ROLLER PINS,095691321176
32118,"ASSEMBLY, ENDCAP JACK ST305",095691321183
32120,"HANDLE, SWIVEL NUT S2 WRENCH",095691321206
32123,"ASSEMBLY, ENDCAP JACK (BRICK)",095691321237
32125,"HANDLE, WRENCH S2",095691321251
32126,"SWITCH, REVERSING 700",095691321268
32128,"ASSEMBLY, PCB ST 305 (US)",095691321282
32130,"NUT, SWIVEL S2 WRENCH",095691321305
32133,"TUBE, BATTERY",095691321336
32135,"SCREW, CHAIN S2 WRENCH",095691321350
32136,"SWITCH, ON/OFF 700",095691321367
32140,"BAR, SIDE S2 WRENCH",095691321404
32142,PKG OF 5 WHEEL PINS/CLIP,095691321428
32143R,"ADAPTER, PHONE JACK",095691321435
32145,"SCREW, 1/4-20 X 1/2 SHC",095691321459
32147,PKG OF 5 WHEEL PINS/CLIP,095691321473
32148,"RAIL, CHASSIS ST305/BRICK",095691321480
32150,"TRUNNION, ASM S4A WRENCH",095691321503
32153,"COVER, CASE",095691321534
32155,"TRUNNION, W/JAW S4A",095691321558
32156,PKG OF 5 SCREWS 700 SWITCH,095691321565
32157,PKG OF 5 STOP PINS,095691321572
32158,"COVER, BOTTOM FRAME",095691321589
32160,"WRENCH, S4A L/TRUNNION",095691321602
32162,PKG OF 5 RETAINING RINGS,095691321626
32163,"SUPPORT, INDUCTOR",095691321633
32165,SET OF TRUNNION JAWS S4A,095691321657
32166,"CLIP, SPRING REV SWITCH",095691321664
32167,PKG OF 5 RETAINING RINGS,095691321671
32170,"HEAD, ASM S4A",095691321701
32172,"KIT, REAMER BLADE",095691321725
32176,PKG OF 5 SCREWS,095691321763
32178,"BUMPER, ENDCAP",095691321787
32180,"CHAIN, W/SCREW S4A/6A WRENCH",095691321800
32183,"BUMPER, ENDCAP JACK ASM.",095691321831
32188,"ASSEMBLY, THUMBSCREW",095691321886
32190,"HANDLE, SWIVEL NUT S4A WRENCH",095691321909
32193R,"COVER, PHONEJACK",095691321930
32195,"HANDLE, WRENCH S4A/C46",095691321954
32200,"NUT, SWIVEL 228 SOIL PIPE CUTR",095691322005
32205,PKG OF 2 SCREWS 1/4-20 X 5/8 S,095691322050
32208,"SCREW, PKG OF 4 #2 X .25""",095691322081
32210,"BAR, SIDE S4A WRENCH",095691322104
32215R,"RIVET, SIDE BAR S4A WRENCH",095691322159
32218,"SCREW, PKG OF 4 #6 X 5/8",095691322180
32220,"RIVET, SIDE BAR S6A/8A WRENCH",095691322203
32225,"TRUNNION, S6A WRENCH",095691322258
32230,"TRUNNION, W/JAW S6A",095691322302
32236,"LINECORD, 48V 700 P/D",095691322364
32237,"DIES, 1224 2-1/2""-4 NPT HS PVC",095691322371
32240,SET OF JAWS,095691322401
32242,"DIES, 1224 2-1/2""-4 BSPT HS PV",095691322425
32243,"WASHER, NYLON PKG OF 4",095691322432
32245,"HEAD, S6A WRENCH",095691322456
32248,"SCREW, PKG OF 4 #6 X 3/8""",095691322487
32250,"HANDLE, WRENCH S6A/S8A",095691322500
32258,"ASSEMBLY, INDUCTOR",095691322586
32260,"BAR, SIDE S6A/S8A",095691322609
32270,"SCREW, 5/16-18 X 3/4 SHC",095691322708
32275,PKG OF 5 SOC HD SCREWS,095691322753
32280,"TRUNNION, S8A WRENCH",095691322807
32285,"TRUNNION, W/JAW S8A",095691322852
32295,SET OF TRUNNION JAWS S8A,095691322951
32300,"HEAD, ASM S8A",095691323002
32303,"SCREW, PKG OF 4 #4 X.375",095691323033
32308,"WASHER, PKG OF 4",095691323088
32313,"KEYPAD, ST-305/BRICK",095691323132
32318,"SCREW, PKG OF 4 #6-32 X 3/8",095691323187
32323,"O-RING, PKG OF 4",095691323231
32328,"LABEL, SIDE (ST-305/BRICK)",095691323286
32333,"FUSE, ST-305/BRICK",095691323330
32338,"SWITCH,INTERNAL (ST-305/BEICK)",095691323385
32343,"LABEL, BATTERY COMPARTMENT",095691323439
32348,"ANGLE, PHONE JACK",095691323484
32353,"TUBE, GROUND STAKE",095691323538
32358,"SEAL, TUBE PKG OF 4",095691323583
32406,"SCREW, 550 SAW",095691324061
32407,"SCROLL, CENTERING CW 1224",095691324078
32412,SET OF CENTERING JAWS CW 1224,095691324122
32432,"DECAL, WARNING NO NAME",095691324320
32457,"SCREW, W/WASHER JAW",095691324573
32466,"PLATE, SUPPORT 550",095691324665
32475,PKG OF 5 PINS,095691324757
32480,"HANDLE, WRENCH ALUM 14 OFFSET",095691324801
32485,"SPRING, FLAT 14 OFFSET WRENCH",095691324856
32486,"GUIDE, ORBITAL ACTION 550",095691324863
32490,"JAW, HOOK 14 OFFSET WRENCH",095691324900
32495,"HANDLE, WRENCH ALUM 18 OFFSET",095691324955
32496,"HANDLE, SIDE GRID 550",095691324962
32500,"SPRING, 18 OFFSET WRENCH",095691325006
32505,"JAW, HOOK 18 OFFSET",095691325051
32507,"FOOT, RELEASE BSPT",095691325075
32510,"HANDLE, WRENCH ALUM 24 OFFSET",095691325105
32515,"SPRING, FLAT 24 OFFSET WRENCH",095691325150
32520,"JAW, HOOK 24 OFFSET",095691325204
32525,"HANDLE, WRENCH C12",095691325259
32530,"CHAIN, ASM C12",095691325303
32535,PKG OF 5 PINS,095691325358
32536,"SCREW, W/CLIP 550",095691325365
32540,"HANDLE, WRENCH C14",095691325402
32545,"CHAIN, ASM C14",095691325457
32546,"SCREW, 550 SAW",095691325464
32550,"JAW, W/SCREW C14",095691325501
32555,PKG OF 5 RINGS,095691325556
32556,"COVER, PLASTIC 550",095691325563
32560,PKG OF 5 PINS,095691325600
32565,"HANDLE, ASM C18 WRENCH",095691325655
32570,"CHAIN, ASM C18/C24",095691325709
32573,"CUTTER, 2-IN-1 AUTOMATIC FEED",095691325730
32575,"JAW, W/SCREW C18",095691325754
32576,"SCREW, W/NUT 550",095691325761
32578,"SPRING, MINI TO SELF LEVEL 8.5",095691325785
32580,PKG OF 5 PINS,095691325808
32585,"HANDLE, ASM C24 WRENCH",095691325853
32586,"WRENCH, HEX 550",095691325860
32590,"JAW, W/SCREW C24 WRENCH",095691325907
32595,"HANDLE, ASM C36 WRENCH",095691325952
32596,"SCREW, 550 SAW",095691325969
32600,"JAW, W/SCREW C36 WRENCH",095691326003
32605,"CHAIN, W/PIN C36 WRENCH",095691326058
32610,PKG OF 5 PINS C36 WRENCH,095691326102
32633,"SWITCH, ROTARY (ALLWIN MOTOR)",095691326331
32636,"LEVER, SWITCH 550",095691326362
32638,"BELT, DRIVE 14.4""",095691326386
32643,"PULLEY, MAIN F/14.4"" BELT",095691326430
32645,"JAW, HOOK 17 HEX WRENCH",095691326454
32650,"HANDLE, WRENCH 17 HEX",095691326508
32655,"JAW, HOOK 25 HEX WRENCH",095691326553
32660,"HANDLE, WRENCH 25 HEX",095691326607
32666,"CLAMP, CABLE 550",095691326669
32676,SET OF BRUSHES 550,095691326768
32690,"JAW, HOOK E110 HEX WRENCH",095691326904
32695,"HANDLE, WRENCH E110 HEX",095691326959
32698,"VAC, VT2534 CAR CLEANING KIT",095691326980
32700,"HANDLE, ASM 1010",095691327000
32703,"VAC, VT2575 HD CLEANING KIT",095691327031
32705,"SLEEVE, W/HANDLE 1017",095691327055
32710,"JAW, FIXED",095691327109
32715,"JAW, ASM 1010/1017",095691327154
32720,"SLEEVE, W/HANDLE 1019",095691327208
32725,"JAW, ASM 1019",095691327253
32730,PKG OF 2 SPRINGS,095691327307
32735,"BAR, CUTTER",095691327352
32737,"CABLE, C27 HC 5/8 X 75'",095691327376
32740,"JAW, SWING 1010/1017",095691327406
32745,PKG OF 2 SPRINGS,095691327451
32755,PKG OF 2 TENSION PLUGS,095691327550
32760,PKG OF 2 GROOVE PINS,095691327604
32765,"BAR, ASM SLIDE",095691327659
32770,"JAW, SWING 1019",095691327703
32775,"HANDLE, WRENCH 10 RAPWRENCH",095691327758
32780,"HANDLE, WRENCH SPUD",095691327802
32783,"PIN, WHEEL 151 CSST",095691327833
32785,"JAW, HOOK SPUD WRENCH",095691327857
32788,"ROLLER, CUTTER WHEEL PKG OF 2",095691327888
32790,"HANDLE, W/BODY 342 WRENCH",095691327901
32793,"ROLLER, TOP PIPE PKG OF 4",095691327932
32795,SET OF 342 JAWS,095691327956
32798,"BRACKET, WHEEL PKG OF 2",095691327987
32800,"SPRING, JAW 342 WRENCH",095691328007
32805R,"HEAD, ASM 16 WRENCH",095691328052
32808,"OIL, ENDURA CLEAR 1 GALLON",095691328083
32820,"CUTTER, 2A HD PIPE",095691328205
32825,"CUTTER, 2A HD 3 WHEEL PIPE",095691328250
32828,"ROLL GROOVER, 975 COPPER",095691328281
32830,"CUTTER, 3S HD PIPE",095691328304
32833,"KIT, COPPER ROLLS FOR 975",095691328335
32838,"SHAFT, DRIVE 975 COPPER",095691328380
32840,"CUTTER, PIPE 4S HD",095691328403
32843,"ROLL, 975 GROOVE COPPER",095691328434
32845,"CUTTER, PIPE 4S HD 3 WHEEL",095691328458
32850,"CUTTER, PIPE 6S TYPE USA",095691328502
32858,"COMPRESSOR, ROTARY 115V",095691328588
32863,"CONDENSER, COIL",095691328632
32866,"PIN, SHEAR 550",095691328663
32868,"FAN, SF 2500 GEN 2",095691328687
32870,"CUTTER, 42A HD PIPE",095691328700
32873,"WRAP, SF2500 GEN 2",095691328731
32878,"HOSE, ASM. W/PORT SF2500 GEN 2",095691328786
32880,"CUTTER, PIPE 44S HD TYPE USA",095691328809
32883,"HOSE, ASM SF2500 GEN 2",095691328830
32888,"OIL, PVE, 5 GALLON",095691328885
32893,"CASE, SF2500 GEN 2",095691328939
32895,"CUTTER, 202 WIDE ROLL PIPE",095691328953
32900,"CUTTER, 246 SOIL PIPE",095691329004
32905,"TOOL, 228 SOIL PIPE ASM",095691329059
32910,"CUTTER, 10 TUBING",095691329103
32915,"CUTTER, 10 TUBING W/HD WHEEL",095691329158
32920,"CUTTER, 15 TUBING",095691329202
32925,"CUTTER, 15 TUBING W/HD WHEEL",095691329257
32930,"CUTTER, 20 TUBING",095691329301
32933,"HANDLE,RATCHET AUTOMATIC FEED",095691329332
32935,"CUTTER, 20 TUBING W/HD WHEEL",095691329356
32940,"CUTTER, 30 TUBING",095691329400
32950,"CUTTER, 30 TUBING W/HD WHEEL",095691329509
32962,"FRAME, 153 CUTTER",095691329622
32975,"CUTTER, 103 TUBING",095691329752
32977,"FOOT, RELEASE BSPT ADJUST",095691329776
32982,"TRIGGER, ASM ADJUST",095691329820
32985,"CUTTER, 104 TUBING",095691329851
32992,"SWITCH, AIR",095691329929
32998,"ASSEMBLY, SCOUT TOP CASE",095691329981
33003,"ASSEMBLY, SCOUT BOTTOM CASE",095691330031
33005,"CUTTER, 106 INTERNAL TUBE",095691330055
33008,"CIRCUIT BOARD, SCOUT MAIN",095691330086
33013R,"LCD, SCOUT",095691330130
33036,"CASE, METAL 550",095691330369
33057,"DIES, 1224 2-1/2""-4 NPT HS SS",095691330574
33072,"DIES, BEVEL 2-1/2""-4 45 DEG",095691330727
33077,"DIES, BEVEL 2-1/2""-4 37-1/2 DE",095691330772
33085,"TOOLBOX, 606 STD SHAPE",095691330857
33098,"MOTOR, COMPLETE 2303CE",095691330987
33100,"WHEEL, CUTTER F514 1 & 2 THIN",095691331007
33105,"WHEEL, CUTTER F3 1 & 2 HD",095691331052
33110,"WHEEL, CUTTER F3S 1 & 2 F/SS",095691331106
33115,"WHEEL, CUTTER F119 1 & 2 F/CI",095691331151
33120,"WHEEL, CUTTER F515 3 & 4 THIN",095691331205
33122,PKG OF 5 STOP PINS,095691331229
33125,"WHEEL, CUTTER F229 3 & 4 HD",095691331250
33127,"FRAME, CUTTER ASM 150",095691331274
33130,"WHEEL, CUTTER F229S 3 & 4 F/SS",095691331304
33132,"FEEDSCREW, 150",095691331328
33135,"WHEEL, CUTTER E1962 3 & 4 F/CI",095691331359
33137,"BAR, SLIDE 150",095691331373
33142,PKG OF 2 ROLLER PINS,095691331427
33145,"WHEEL, CUTTER F367 6 HD",095691331458
33150,"WHEEL, CUTTER F367S 6 HD F/SS",095691331502
33155,"WHEEL, CUTTER F383 6 F/CI",095691331557
33158,"JAW, COMPACT 35MM PROPRESS-RTE",095691331588
33160,"WHEEL, CUTTER F158 10/15/20THN",095691331601
33165,"WHEEL, CUTTER E1240 10/15/20HD",095691331656
33170,"WHEEL, CUTTER E2558 THIN",095691331700
33175,"WHEEL, CUTTER E2191 HD",095691331755
33177,"KNOB, REVERSIBLE",095691331779
33180,"WHEEL, CUTTER E5299 F/PLASTIC",095691331809
33182,"KNOB,REVERSIBLE",095691331823
33185,"WHEEL, CUTTER E3469",095691331854
33190,"WHEEL, CUTTER E4546 105/205 HD",095691331908
33195,"WHEEL, CUTTER E5272 F/PLASTIC",095691331953
33200,"WHEEL, CUTTER E1740 SE174",095691332004
33205,"WHEEL, CUTTER E2990 THIN 315",095691332059
33210,"WHEEL, CUTTER E702 F/PLSTC 134",095691332103
33216,"SUPPRESSOR, 550 SAW",095691332165
33220,"WHEEL, CUTTER E109 206",095691332202
33225,"WHEEL, CUTTER E2632 246",095691332257
33227,"SCREW, ADJUSTING 1224",095691332271
33263,"SHELL, ASM LCD-PAK",095691332639
33268,"SCREW, PKG OF 4 8-32 X 3/8",095691332684
33270,"FRAME, CUTTER W/SCREW 44S",095691332707
33273,"SCREW,PKG OF 4 10-32 X 1 3/4""",095691332738
33275,"FRAME, 6S CUTTER W/SCREW",095691332752
33278,"SCREW, PKG OF 4 10-32 X 5/8""",095691332783
33280,"FRAME, 4S CUTTER",095691332806
33283,"WRAP, CABLE LCD-PAK",095691332837
33285,"FRAME, 3S CUTTER",095691332851
33288,"GASKET, VGA",095691332882
33290,"RATCHET, ASM 246",095691332905
33293,"COVER, VGA",095691332936
33295,"FRAME, 42A CUTTER W/SCREW",095691332950
33298,"SCREW, PKG OF 2 8-32 X 1/4""",095691332981
33300,"HOUSING, ROLL 6S",095691333001
33305,"FRAME, 2A/202 CUTTER",095691333056
33313,"ASSEMBLY, REAR POCKET",095691333131
33315,"YOKE, ASM 228",095691333155
33323,"BRACKET,POWER SUPPLY RETAINING",095691333230
33328,"LABEL, BATTERY INSULATION",095691333285
33333,"PLATE, BOTTOM LCD-PAK",095691333339
33338,"ASSEMBLY, KICKSTAND",095691333384
33343,"SCREW, PKG OF 4 6-32 X 1/4""",095691333438
33345,"HOUSING, WHEEL 44S",095691333452
33348,"FOAM, NEOPRENE",095691333483
33353,"FOAM, RUBBER",095691333537
33358,BUSHING,095691333582
33363,"GASKET, ADHESIVE",095691333636
33373,"CORD, POWER (U.S.)",095691333735
33375,"FRAME, 30 CUTTER",095691333759
33385,"HOUSING, ROLL 4S",095691333858
33390,"HOUSING, ASM ROLL 3S",095691333902
33392,"BEARING, ROLLER 1.00 ID X .50L",095691333926
33395,"FRAME, CUTTER ASM 205",095691333957
33400,"HOUSING, ROLL",095691334008
33405R,"HOUSING, W/PIN 228",095691334053
33410,"SLIDE, W/RINGS 228",095691334107
33415,"JAW, HINGED W/R 228",095691334152
33417,"PLUG, RAIL",095691334176
33422,"KIT, ML PUMP SERVICE",095691334220
33425,"RATCHET, ASM 206",095691334251
33430,"TRUNNION, 206",095691334305
33432,"CONNECTOR, 3/8 OD TUBE 1224",095691334329
33435,"SHAFT, ASM RATCHET 206",095691334350
33440,"STOP, HANDLE W/SCREW 206",095691334404
33442,"BODY, PUMP VALVE",095691334428
33447,"CAP, PUMP W/SEAL",095691334473
33452,"RETAINER, ASM VALVE 1224 PUMP",095691334527
33455,"HOUSING, WHEEL 42A",095691334558
33457,PKG OF 2 GASKETS,095691334572
33462R,"BEARING, SLEEVE .500ID X .50LG",095691334626
33467,SET OF GEROTORS,095691334671
33472R,"SEAL, OIL 1224",095691334725
33475,"SLIDE, CUTOFF GAUGE 106",095691334756
33477,"O-RING, 1.86 ID X .07 THK",095691334770
33482,"HOUSING, GEROTOR W/BEARING",095691334824
33505,"HANDLE, FEEDSCREW 2A USA",095691335050
33513,"ADAPTOR, 960/975 UNIVERSAL",095691335135
33515,"HANDLE, FEEDSCREW 3S/6S USA",095691335159
33518R,"SCREW,PKG OF 4 6-32 X .250",095691335180
33520,"HOUSING, ROLL 30",095691335203
33523,"COVER, TORSION SPRING (LEFT)",095691335234
33528,"COVER, TORSION SPRING (RIGHT)",095691335289
33530R,"HOOK, HINGED W/RING 228",095691335302
33533,"SPRING, TORSION (LEFT)",095691335333
33535R,"SHAFT, ASM RATCHET 246",095691335357
33538,"SPRING, TORSION (RIGHT)",095691335388
33543,"FASTENER, PKG OF 2",095691335432
33545,"ARM, OUTSIDE SIDE 246",095691335456
33548R,"FOAM, STRIP",095691335487
33550,"BAR, OUTSIDE SIDE 246",095691335500
33551,"WHEEL, CUTTER 122SS",095691335517
33553,"ASSEMBLY, FRONT BUMPER",095691335531
33555R,"HANDLE, W/KNOB 246",095691335555
33558,"ASSEMBLY, REAR BUMPER",095691335586
33560,"ARM, INSIDE SIDE 246",095691335609
33563,"FOAM, ADHESIVE",095691335630
33568,"ASSEMBLY, LEFT BUMPER",095691335685
33573,"ASSEMBLY, RIGHT BUMPER",095691335739
33575,"FRAME, CUTTER ASM 20",095691335753
33580,"HOUSING, ASM ROLL 20",095691335807
33582,"COUPLING, 3/4 DBL MALE CABLE",095691335821
33586,"CHAIN, ASM 246 LS",095691335869
33590,"HANDLE, SCREW 42A",095691335906
33593,MAINTENACE SET,095691335937
33595,"KNOB, ASM 206",095691335951
33598,HOUSING SET,095691335982
33603,"CAP, PRESSURE RELIEF (YELLOW)",095691336033
33605,"HOOK, ASM 206",095691336057
33607,"LINK, EARTH",095691336071
33608,"CIRCUIT BOARD, POWER",095691336088
33612,SET OF COVER PLATES,095691336125
33613,"NAMEPLATE, USA",095691336132
33615,"EYEBOLT, 206",095691336156
33616,"PIN, 550 SAW",095691336163
33617,"SPACER, 1224",095691336170
33620,"WASHER, 206",095691336200
33622,"BRACKET, PUMP 1224",095691336224
33623,"ASSEMBLY, CYLINDER SUB",095691336231
33625,"CUP, 206",095691336255
33627,"SCREW, 3/8 X 1-1/4 SHOULDER",095691336279
33628,"ASSEMBLY, CYLINDER HEAD SUB",095691336286
33630,"WHEEL, ASM 206 CUTTER",095691336309
33633,"O-RING, 6.5MM X 1.00 MM",095691336330
33635,"WHEEL, SPACER 206",095691336354
33636,"ROLL, 550 SAW",095691336361
33638,"O-RING, 3.50MM X 1.00MM",095691336385
33640,"PIN, CENTER 206",095691336408
33642,"DIES, 1224 2-1/2""-4 BSPT HS",095691336422
33643,"O-RING, 13.00MM X 1.00MM",095691336439
33645,"PIN, 206",095691336453
33646,"SPRING, 550 SAW",095691336460
33648,"ASSEMBLY, PUMP HOUSE BODY SUB",095691336484
33650,"PIN, 206",095691336507
33653,"SHEET, TANK",095691336538
33658,"FLANGE, HEX NUT W/",095691336583
33663,"PUMP, PISTON",095691336637
33665,"EXTENSION, CHAIN 206",095691336651
33668,"SCREW, M6 X 30 SOCKET HEAD CAP",095691336682
33670,"CHAIN, ASM 206",095691336705
33673,"RESERVOIR, BLADDER OIL",095691336736
33675,"RING, CHAIN",095691336750
33676,"PIN, SPRING 550",095691336767
33678,"COVER, PUMP HOUSING",095691336781
33680,"PIN, CHAIN 206",095691336804
33683,"SCREW, 3.5MMX14 PAN HDPKG OF 6",095691336835
33685,PKG OF 5 RINGS,095691336859
33686,"SHOE, SLIDING 550",095691336866
33688,"PLUG, M8 X 1",095691336880
33690,PKG OF 5 RINGS,095691336903
33693,"O-RING, 4.00MM X 1.50 MM",095691336934
33695,PKG OF 5 RINGS,095691336958
33698,"BODY, PUMP HOUSING",095691336989
33700,PKG OF 5 RINGS,095691337009
33703,"SEAL, QUAD",095691337030
33705,"SEAL, FELT",095691337054
33706,"ROD, LIFT 550 SAW",095691337061
33708,"DISC, ARRESTER",095691337085
33710,"SEAL, FELT",095691337108
33713,"GEAR, MOTOR COMPLETE W/",095691337139
33715,"SEAL, FELT",095691337153
33716,"PIECE, CLAMPING 550",095691337160
33718,"SEAL, SCREW",095691337184
33720,PKG OF 5 SCREWS,095691337207
33723,"SCREW, M3X12 FLANGE PAN HEAD",095691337238
33726,"SCRAPER, 550 SAW",095691337269
33728,"SHAFT, ECCENTRIC",095691337283
33730R,"PIN, EYEBOLT 206",095691337306
33733R,BEARING,095691337337
33736,"RING, SEALING FOAM RUBBER 550",095691337368
33738,BEARING,095691337382
33740,"HANDLE, ASM 206 CUTTER",095691337405
33743,"RING, EXTERNAL RETAINING",095691337436
33746,"PLATE, HOLDING 550",095691337467
33748,"HOLDER, BEARING",095691337481
33753,"EXPANDER, CYLINDER W/",095691337535
33756,"RING, FELT SEALING 550",095691337566
33758,"VALVE, SWITCHING",095691337580
33760,"HOUSING, ASM ROLL 10",095691337603
33763,"PISTON,",095691337634
33765,"HOUSING, ROLL 1A/2A",095691337658
33766,"DRIVER, CARRIER 550",095691337665
33768,"MOTOR, 18V",095691337689
33770,"BLADE, DRIVE 206",095691337702
33772,"LINK, GROUND",095691337726
33773,"RING, WEAR",095691337733
33776,"PIN, SPRING 550",095691337764
33778,"VALVE, PRESSURE RELIEF",095691337788
33783,"LEVER, EMERGENCY STOP",095691337832
33785,PKG OF 5 SCREWS,095691337856
33786R,"SHOE, SLIDING 550",095691337863
33788,"SCREW, M3 X 8 SOCKET HEAD CAP",095691337887
33790,"HOOK, ASM 246",095691337900
33793,"HEAD, CYLINDER",095691337931
33795,"STOP, ASM HANDLE 246",095691337955
33798,"RING, SCRAPER",095691337986
33803,SCRAPER,095691338037
33805,"PIN, WHEEL W/CLIP 205",095691338051
33806,"CAP, BEARING 550",095691338068
33808,"ROLL, RETAINER COMPLETE",095691338082
33813,"DECAL, ERROR CODE",095691338136
33816,"PIN, SPRING 550",095691338167
33818,"SCREW, COUNTERSUNK M3 X 6MM",095691338181
33826,"STUD, 550 SAW",095691338266
33828,PISTON,095691338280
33830,PKG OF 5 RINGS,095691338303
33833,"SPRING,",095691338334
33838,WASHER,095691338389
33843,"SCREW, M3 X 6 PAN HEAD",095691338433
33846,"BEARING, BALL 550",095691338464
33848,"BULKHEAD, LCD-PAK",095691338488
33853,"PKG OF, 3 PIPE LIGHTS",095691338532
33858,"LABEL, FRONT",095691338587
33863,"STRAP, POWER SUPPLY",095691338631
33865,"GAUGE, CUTOFF 106",095691338655
33868,"SOCKET, BATTERY",095691338686
33870,"CAGE, ROLLER 2"" 106",095691338709
33873,"LABEL, WARNING",095691338730
33875,"CAGE, ROLLER 3"" 106",095691338754
33880,"FEEDSCREW, ASM 106",095691338808
33885,"ROD, GAUGE 106",095691338853
33888,"PKG OF, 8 SPACERS",095691338884
33893,"WASHER, PKG OF 2",095691338938
33895,SLEEVE,095691338952
33896,"SCREW, 550 SAW",095691338969
33898,"WASHER, PKG OF 2",095691338983
33900,"BAR, PIVOT 106",095691339003
33903,"ASSEMBLY, PLATE W/ELECTRONICS",095691339034
33905,"SCREW, 1/4 X 3/4 THUMB",095691339058
33906,"SEAL, 550 SAW",095691339065
33908,"SCREW, PKG OF 4 3-24 X 1/2",095691339089
33910,"SCREW, 1/4-20 X 7/8 BTT HD CAP",095691339102
33913,"WASHER, PKG OF 2",095691339133
33915,PKG OF 2 ROLLS,095691339157
33917,"SCREW, 10-24 X 1-1/4 PAN HD",095691339171
33918,"TERMINAL, GROUND",095691339188
33920,PKG OF 2 PINS,095691339201
33923,"COVER, RCA",095691339232
33926,"WASHER, 550 SAW",095691339263
33927,"KIT, 345DL W/150 TUBING CUTTER",095691339270
33928,"SCREW,PKG OF 4 4-40 X 3/8",095691339287
33932,PKG OF 2 KNURLED PINS 30,095691339324
33936,"RING, SEALING 550",095691339362
33937,PKG OF 5 STOP SCREWS #30,095691339379
33946,"WASHER, 550 SAW",095691339461
33948,"PLATE, LCD COVER",095691339485
33953,"ASSEMBLY, BNC CABLE",095691339539
33955,PKG OF 5 PINS,095691339553
33958,"GASKET, LCD",095691339584
33960,PKG OF 5 PINS,095691339607
33963,"PLATE, LCD MOUNT",095691339638
33965,PKG OF 5 ROLLS,095691339652
33966,"CAP, BEARING 550",095691339669
33968,"CABLE, MALE TO MALE VGA",095691339683
33970,PKG OF 5 RINGS W/PIN,095691339706
33973,"CORD, DC PATCH",095691339737
33982,PKG OF 2 WOODRUFF KEYS,095691339829
33987,"SHAFT, CONSTANT SPEED",095691339874
33992,"GEAR, CONSTANT SPEED FIRST",095691339928
33997,"GEAR, CONSTANT SPEED LARGE",095691339973
34006,"FAN, 550 SAW",095691340061
34018,"ASSEMBLY,AV CONNECTOR PCB",095691340184
34023,"CLIP,DVD HOUSING",095691340238
34036,"BAFFLE, AIR 550",095691340368
34065,"PLATE, 208",095691340658
34066,"SCREW, 550 SAW",095691340665
34070,"CHAIN, W/SCREW 208",095691340702
34077,"DIES, 500B 3/8 NC HS REBAR",095691340771
34078,"BRUSH,100/115 VOLT SERVICE KIT",095691340788
34082,"DIES, 500B 1/2 NC HS REBAR",095691340825
34083,"BRUSH,230 VOLT SERVICE KIT",095691340832
34087,"DIES, 500B 5/8 NC HS REBAR",095691340870
34088,"ASSEMBLY,LID W/KICKSTAND",095691340887
34090,PKG OF 5 SPRINGS,095691340900
34092,"DIES, 500B 3/4 NC HS REBAR",095691340924
34093,"LABEL,ICON",095691340931
34098,"LABEL,FRONT COVER",095691340986
34100,PKG OF 6 PINS,095691341006
34102,"DIES, 500B 10MM X 1.5 ISO HS R",095691341020
34110,PKG OF 5 ROLLS,095691341105
34113,"RING,RETAINING PKG OF 2",095691341136
34118,"WASHER,WAVE PKG OF 2",095691341181
34122,"DIES, 500B 20MM X 2.5 ISO HS R",095691341228
34126,"GEARCASE, 550",095691341266
34127,"DIES, 500B 24MM X 3 ISO HS REB",095691341273
34136R,"COVER, TOP 550",095691341365
34138R,"LABEL,TOP MINIPAK",095691341389
34142,"TOOL, 4100 COPPER CLEANING",095691341426
34147,SET OF BRUSHES F/4100,095691341471
34148,"KICKSTAND,RATCHET",095691341488
34152,"EXPANDER, MOD S SET S8",095691341525
34153,"ASSEMBLY,POWER/VIDEO CIRCUIT",095691341532
34157,"CHUCK, NIPPLE 419 2-1/2 NPT",095691341570
34162,"CHUCK, NIPPLE 419 3"" NPT",095691341624
34167,"CHUCK, NIPPLE 419 4"" NPT",095691341679
34168,"O-RING,PKG OF 2",095691341686
34170,PKG OF 5 PINS,095691341709
34172R,"CHUCK, NIPPLE 419 2-1/2 BSPT",095691341723
34173R,"COVER,USB CONNECTOR",095691341730
34175R,PKG OF 5 RINGS,095691341754
34177R,"CHUCK, NIPPLE 419 3"" BSPT",095691341778
34182,"CHUCK, NIPPLE 419 4"" BSPT",095691341822
34183,"SCREW,PKG OF 6 #4-20 X 3/8",095691341839
34187R,"ARM, SIDE 206",095691341877
34190,PKG OF 5 SPRINGS,095691341907
34192,"ARM, SIDE 206",095691341921
34210,"RING, RET EXT .50DIA",095691342102
34217,"BIT, TOOL 3/4-3 1/2 GROOVE",095691342171
34222,"BIT, TOOL 4"" GROOVE",095691342225
34245,PKG OF 5 RINGS,095691342454
34258,"PLATE,LCD MOUNT",095691342584
34268R,"PANEL,FRONT",095691342683
34273,"PAD,FOAM",095691342737
34278,"TAPE,MOUNTING",095691342782
34283,"WINDOW,MINIPAK LCD",095691342836
34290,PKG OF 5 SCREWS,095691342904
34300,PKG OF 5 SCREWS,095691343000
34305,"ROLL, CUTTER",095691343055
34310,PKG OF 5 PINS,095691343109
34315,"SPRING, WEAR PLUG",095691343154
34318,"GUIDE, MICRODRAIN (2PK) BALL",095691343185
34320,PKG OF 5 WEAR PLUGS,095691343208
34323,"PIN, 18"" AL RAPIDGRIP W/RING",095691343239
34325,PKG OF 10 SCREWS,095691343253
34328,"PIN, 14"" AL RAPIDGRIP W/RING",095691343284
34330,"BLADE, ASM 10",095691343307
34332,"PIN, SPLIT ROLL .125 X .625",095691343321
34335,"BLADE, ASM REAMER",095691343352
34340R,"BLADE, ASM REAMER",095691343406
34342R,PKG OF 6 PINS,095691343420
34345,PKG OF 5 SCREWS,095691343451
34352,"PIN, HEEL JAW S4A WRENCH",095691343529
34355,PKG OF 2 ROLL PINS W/CLIP,095691343550
34360,PKG OF 10 SCREWS,095691343604
34365,"HANDLE, SCREW 30",095691343659
34367,"PIN, OIL SUPPLY 765 GROOVER",095691343673
34370,PKG OF 5 ROLLS,095691343703
34375,"PIN, SPLIT ROLL .375 X 2.0",095691343758
34380,PKG OF 2 ROLLERS,095691343802
34383,"LABEL,LCD PANEL",095691343833
34385,PKG OF 2 SCREWS,095691343857
34387,PKG OF 2 SCREWS 5MM X 25MM,095691343871
34388,"SCREW,PKG OF 4 #6 X 5/8",095691343888
34390,"CHAIN, W/SCREW",095691343901
34392,"HOUSING, FAN 600PD",095691343925
34393,"GROMMET,BACKLIGHT CABLE",095691343932
34395,"SCREW, THUMB 228",095691343956
34397R,PKG OF 2 SCREWS 4.8 X 65M,095691343970
34400,PKG OF 2 PINS,095691344007
34402,"CAP, GEAR HOUSING 600PD",095691344021
34403R,"CUTTER, PRESS SNAP SOIL PIPE",095691344038
34405,PKG OF 2 INSERTS,095691344052
34407,"PKG OF 2 O-RINGS 4"" DIA.",095691344076
34408,"SUPPORT,FERRITE",095691344083
34410R,PKG OF 2 PINS,095691344106
34412,PKG OF 2 SCREWS 4.8MM X 80,095691344120
34413,"MAGNET,FERRITE",095691344137
34415,PKG OF 2 KNOBS,095691344151
34417,"HOUSING, GEAR",095691344175
34420,PKG OF 5 SCREWS,095691344205
34422,PKG OF 2 O-RINGS 4.5 DIA,095691344229
34423,"CABLE,LCD CONDUCTOR",095691344236
34425,PKG OF 5 SCREWS,095691344250
34427R,"GEAR, WORM",095691344274
34430,PKG OF 4 WASHERS,095691344304
34432,"BEARING, RING",095691344328
34437,"O-RING, 2.50 ID X .06 THK",095691344373
34440,"WHEEL, SPACER 246",095691344403
34442,"RING, RET SPIRAL 4.5 X .046",095691344427
34445,"PIN, CENTER 246",095691344458
34447,"RING, RET EXT .50DIA 5160-50",095691344472
34450,PKG OF 5 PINS,095691344502
34452,"GEAR, HELICAL",095691344526
34455,"PIN, EYEBOLT 246",095691344557
34457,"RING, RET INT 1.12DI N5000-112",095691344571
34460,"PIN, SPACER WHEEL 246",095691344601
34462,"BEARING, THRUST .63ID X .08LG",095691344625
34465,"PIN, SIDE ARM 246",095691344656
34467,"BEARING, ROLLER .79ID X .63LG",095691344670
34470,"PIN, WHEEL 246",095691344700
34472,"KEY, SQ 1/8 X 1/2",095691344724
34475,PKG OF 2 RATCHET PAWLS,095691344755
34477,WORM,095691344779
34480,"BOLT, EYE 246",095691344809
34482,"BEARING, ROLLER .39ID X .39LG",095691344823
34485,PKG OF 2 CUPS,095691344854
34487,"HANDGRIP, GEAR HOUSING",095691344878
34490,"CUP, TRUNNION SHALLOW 246",095691344908
34495,PKG OF 2 FELT SEALS 246 RATCHT,095691344953
34497,"ARM, ASM 601 SUPPORT",095691344977
34500,"SEAL, TRUNNION 246",095691345004
34502,"ARM, SUPPORT 601",095691345028
34505,"SEAL, EYEBOLT 246",095691345059
34510,"SEAL, TRUNNION 246",095691345103
34512,"GASKET, GEAR HOUSING",095691345127
34515,"CUP, TRUNNION DEEP 246",095691345158
34517,"WASHER, (1) BRASS",095691345172
34520,"WASHER, RATCHET 246",095691345202
34522,"OIL, 2 OZ WORM GEAR",095691345226
34523,"O-RING,PKG OF 6",095691345233
34525,"SPRING, COMP .562 OD X 1.12 LG",095691345257
34528,"CONNECTOR, DVDPAK BULKHEAD",095691345288
34545,"HANDLE, ASM 246 CUTTER",095691345455
34550,PKG OF 5 RETAINING RINGS,095691345509
34555,PKG OF 5 RINGS,095691345554
34565,PKG OF 5 PINS,095691345653
34568,"FRAME, 65S",095691345684
34570,"EXTENSION, CHAIN 246",095691345707
34572,"CUTTER, 152 TUBING PVC",095691345721
34573,"SLIDE, 65S",095691345738
34575,"CHAIN, ASM 246/266",095691345752
34577,"BLADE, REAMER 1/4-4""",095691345776
34578,"FEEDSCREW, 65S",095691345783
34583,"PIN, WHEEN 65S",095691345837
34585,"HANDLE, SCREW 15",095691345851
34588,"LATCH, 65S",095691345882
34590,"HANDLE, SCREW 10",095691345905
34593,"SPRING, SLIDE 65S",095691345936
34595,"HANDLE, SCREW 20 & 0",095691345950
34600,"FRAME, CUTTER ASM 15",095691346001
34605,"FRAME, CUTTER ASM 10",095691346056
34610,"HOUSING, ASM ROLL 15",095691346100
34612,"REAMER, 344",095691346124
34615,PKG OF 5 SCREWS 15 ROLL HOUSNG,095691346155
34620,PKG OF 5 SCREWS,095691346209
34623,"DRUM,  MICROREEL L100 115V",095691346230
34635,"BAR, SLIDE W/PIN",095691346353
34640,PKG OF 2 ROLLS,095691346407
34645,"CAP, BEARING 105",095691346452
34652,"COVER, CENTERING HEAD 1822",095691346520
34657,"COVER, TOP W/CLIPS 1822",095691346575
34660,"FEEDSCREW, ASM 205",095691346605
34662,"COVER, CHUCK 1822",095691346629
34665,PKG OF 4 ROLLS,095691346650
34667,PKG OF 3 BUTTON HD SCREW,095691346674
34670,PKG OF 4 ROLLS,095691346704
34678,"CASE, PRESS SNAP SOIL PIPE CTR",095691346780
34680,"LATCH, ASM 205",095691346803
34685,PKG OF 5 LATCH SPRINGS,095691346858
34688,"BLOCK, RAM",095691346889
34690,PKG OF 5 LATCH PINS,095691346902
34693,"BLOCK, SLIDE",095691346933
34695,"WHEEL, CUTTER E3495 F/ALUM 205",095691346957
34698,"PKG OF 2 PIN, CLEVIS",095691346988
34700,"BAR, ASM SLIDE 205",095691347008
34702,"RETAINER, BRAKE SHOE 1822",095691347022
34703,"PIN, BALL DETENT",095691347039
34705,"SHAFT, RATCHET 205",095691347053
34708,"CHAIN, CUTTER",095691347084
34710,"SHAFT, ASM 205",095691347107
34712,"BEARING, REAR SPINDLE",095691347121
34713,"WHEEL, CUTTER",095691347138
34715,PKG OF 5 SCREWS,095691347152
34717,"HOUSING, SPINDLE 1822",095691347176
34718,"PLATE, LEFT SIDE",095691347183
34720,PKG OF 5 PINS,095691347206
34722,PKG OF 5 10-32 HEX NUTS,095691347220
34723,"PKG OF 2 PIN, 3/8 X .825",095691347237
34725,"CAP, BEARING 205",095691347251
34727,"BEARING, FLANGE 4.692IDx1.25 L",095691347275
34728,"CHAIN, HOOK",095691347282
34730,"NUT, FEEDSCREW 205",095691347305
34732,"SPROCKET, DRIVE W/PINS 1822",095691347329
34733R,PKG OF 5 THREADER SPACER,095691347336
34738,"COVER, UPPER",095691347381
34743,PKG OF 5 BHCS 10-32 X 5/8,095691347435
34748,"COVER, LOWER",095691347480
34750,PKG OF 5 SCREWS,095691347503
34753,PKG OF 2 RAM GUIDE,095691347534
34755,PKG OF 2 ROLLS,095691347558
34757,"GUARD, SPLASH 1822",095691347572
34762,PKG OF 3 PIVOT ROD PINS,095691347626
34767,"ROD, PIVOT 1822",095691347671
34770,"SPRING, EXT .219 OD X 3.88 LG",095691347701
34772,PKG OF 3 FRONT PICKUP SPRING,095691347725
34775,PKG OF 2 ROLLS 1A/2A,095691347756
34780,PKG OF 5 PINS W/CLIP 1A/2A,095691347800
34782,SET OF JAW INSERT & FINGER,095691347824
34785,PKG OF 2 ROLLS,095691347855
34787,PKG OF 2 FRONT JAW SPACER,095691347879
34790,PKG OF 5 PINS W/CLIP,095691347909
34792,PKG OF 3 WASHERS,095691347923
34795,"HANDLE, W/NUT 228 CUTTER",095691347954
34796,"PIN, CROWN WHEEL",095691347961
34802,PKG OF 2 REAR JAW SPACERS,095691348029
34805,PKG OF 5 ROLLS,095691348050
34807,PKG OF 3 REAR PICKUP SPRINGS,095691348074
34817,PKG OF 2 PICKUP SPRING PINS,095691348173
34818,"WINDOW, SCOUT DISPLAY",095691348180
34823,"GASKET, SCOUT LCD",095691348234
34825,PKG OF 5 ROLLS,095691348258
34830,PKG OF 5 ROLLS,095691348302
34833,"ASSEMBLY,REAMER GEAR AND SHAFT",095691348333
34835,"BLOCK, GUIDE ONLY 44S",095691348357
34838,"ASSEMBLY,REAMER GEAR W/SHAFT",095691348388
34840,"BLOCK, ASM GUIDE",095691348401
34843,"HANDLE, ASM TYPE 2",095691348432
34845,"SCREW, SHOULDER 44S",095691348456
34848,"CIRCUIT BOARD, DECODER",095691348487
34850,"SPRING, GUIDE BLOCK",095691348500
34855,PKG OF 2 SPACERS,095691348555
34860,PKG OF 5 PINS,095691348609
34862,"SPROCKET, OUTPUT 1822",095691348623
34867,"SPACER, THRUST 1822",095691348678
34870,"WHEEL, CUTTER SR2 STAHLWILLE",095691348708
34872,"HOUSING, TRANSMISSION IND 1822",095691348722
34877,PKG OF 2 SHDR SCREWS 1/4 X 1/2,095691348777
34878,"DOCK, MEXP/CA300",095691348784
34882,"SHAFT, AXLE TRANSMISSION 1822",095691348821
34883,"HANDLE, 191 LONG REPLACEMENT",095691348838
34885,"HOUSING, ROLL 1A/2A SPEC",095691348852
34892,PKG OF 5 SET SCREWS 1/4-20,095691348920
34897,PKG OF 5 SET SCREWS 10-32,095691348975
34898,"MOTOR,115V",095691348982
34903,"MOTOR, 230V",095691349033
34907,"SPRING, LOW SPEED 1822",095691349071
34908,"SHROUD, K-40 MOTOR",095691349088
34912,"YOKE, SPRING 1822",095691349125
34917,PKG OF 5 SET SCREWS 10-32 X1/4,095691349170
34922,"DRIVER, SPRING YOKE 1822",095691349224
34927,"SHAFT, HANDLE 1822",095691349279
34928,"SPRING, TENSION",095691349286
34932,"KNOB, 1822",095691349323
34933,"LABEL, WARNING",095691349330
34938,"PLATE, RIGHT SIDE",095691349385
34942,"WASHER, WAVY",095691349422
34945,"REAMER, 2 PIPE",095691349453
34947,"MOTOR, 120V 60HZ INDUCTION",095691349477
34950,"REAMER, 3 PIPE",095691349507
34955,"REAMER, 2S SPIRAL PIPE",095691349552
34958,"BREAKER, CIRCUIT THERMAL",095691349583
34960,"REAMER, 254 SPIRAL",095691349606
34965R,"REAMER, 127 INNER/OUTER",095691349651
34972,SET OF MOTOR BRUSHES,095691349729
34973,"SPRING, EXTENTION PKG 2",095691349736
34975,"CONE, REAMER 2",095691349750
34978,"SCREW, DRIVER PKG 2",095691349781
34980,"RING, DRIVE 2 REAMER",095691349804
34983R,"CONNECTOR, SPRING PKG 2",095691349835
34985,"HANDGRIP, 2 REAMER",095691349859
34988,"PLUNGER, SPRING BALL NOSE",095691349880
34990,"HEAD, RATCHET 2",095691349903
34993,"RING, SPLIT",095691349934
34998,"SCREW,BINDING HEAD #6-32 PKG 2",095691349989
35003,"LOCKNUT, #6-32PKG 2",095691350039
35005,"PIN, REAMER PAWL",095691350053
35008,"PIN, SPRING PKG 2",095691350084
35013,"NUT, JAM 1/4-20",095691350138
35017,"NAMEPLATE, MOTOR 8187",095691350176
35020,"CONE, REAMER 2S",095691350206
35022,"NAMEPLATE, MOTOR 8287",095691350220
35023,"LANYARD, PKG 2",095691350237
35027,"WIRE, LEAD BRUSH RED 1822",095691350275
35028,"SPRING, SNAP PKG 2",095691350282
35030,"HANDLE, PIPE 3/4 X 17",095691350305
35033,"LATCH, PPC PRESSFRAME PKG 2",095691350336
35035,"HOUSING, RATCHET 2S",095691350350
35038,"GUARD, 1/4"" PRESSFRAME",095691350381
35040,"HEAD, RATCHET 2S",095691350404
35042,"BOLT, STOP",095691350428
35043,"GUARD, 1/2"" PRESSFRAME",095691350435
35045,PKG OF 5 SCREWS,095691350459
35048,"GUARD, 7/8"" PRESSFRAME",095691350480
35050,PKG OF 5 SCREWS,095691350503
35053,"GUARD, 1-1/4"" PRESSFRAME",095691350534
35055,PKG OF 5 WASHERS,095691350558
35057,"RAIL, REAR 1822",095691350572
35058,"GUARD, 1-5/8"" PRESSFRAME",095691350589
35062,"CLAMP, OIL SUPPLY LINE",095691350626
35063,"SCREW, DRIVE",095691350633
35065,"RATCHET, ASM 2S",095691350657
35067,"TUBE, OIL SUPPLY",095691350671
35068,"SPRING, COMPRESSION PKG 2",095691350688
35070,"HANDGRIP, ASM 2S",095691350701
35072,"WASHER, 3/4 X .388 X 1/4",095691350725
35073,"PIN, SPRING PKG 2",095691350732
35077,"BOLT, SHOULDER 3/8-16 X 2",095691350770
35078,"SPACER, PPC PRESSFRAME PKG 2",095691350787
35082,"EYEBOLT, 3/8-16 UNC 2A",095691350824
35083,"SPRING, EXTENTION PKG 2",095691350831
35088,"PIN,SPLIT ROLL .125X.313 PKG 4",095691350886
35090,"CONE, REAMER 3",095691350909
35092,PKG OF 2 O-RINGS .546ID X.14TH,095691350923
35093,"RING, SPIRAL RETAINING PKG 4",095691350930
35097,"TRAY, DRAW 1822",095691350978
35100R,"RING, DRIVE 3 REAMER",095691351005
35103,"CABLE,PUSH 200FT ONE SFTY CBL",095691351036
35107,PKG OF 4 SQUARE WASHERS,095691351074
35108,"CABLE,PUSH 325FT ONE SFTY CBL",095691351081
35112,"LINE, OIL INTAKE 30""",095691351128
35115,"HANDGRIP, 3 REAMER",095691351159
35117,PKG OF 4 OIL LINE INSERTS,095691351173
35122,"FITTING, 90 DEG",095691351227
35127,"PUMP, OIL 1822",095691351272
35132,"GEAR, PUMP 50HZ 26T UNIV",095691351326
35135,"CONE, REAMER",095691351357
35137,"TUBE, OIL OUTLET 40""",095691351371
35138,"REEL, MICROREEL L100 230V SS",095691351388
35140,PKG OF 5 SCREWS,095691351401
35142,"CLAMP, HOSE 3/8 OD",095691351425
35145,"HEAD, RATCHET 254",095691351456
35147,"CARRIAGE, HANDWHEEL 1822",095691351470
35150,"HANDGRIP, REAMER 254",095691351500
35155,"TOOL, DEBURRING 72",095691351555
35162R,PKG OF 2 RAIL PLUGS 1822,095691351623
35167R,"RAIL, FRONT 1822",095691351678
35170,"BENDER, 358 5/8 OD RATCHET",095691351708
35175,"BENDER, 368 3/4 OD RATCHET",095691351753
35178R,"CORD, RCA TO BNC",095691351784
35180R,"BENDER, 378 7/8 OD RATCHET",095691351807
35182R,"HANDWHEEL,300 COMPACT/1233",095691351821
35187,"SHAFT, PINION IDLER 1822",095691351876
35192R,"SCREEN, LOWER 1822",095691351920
35197,"GEAR, PUMP 60HZ 24T",095691351975
35202R,"SCREW, SQUARE HEAD 1/2-13 X 1-",095691352026
35207,U-BOLT,095691352071
35212,"WRENCH, HEX T-HANDLE",095691352125
35215,"BENDER, 1/2 TW COND",095691352156
35217,PKG OF 3 BUTTON HD SCREW,095691352170
35220,"BENDER, 3/4 TW COND",095691352200
35222,PKG OF 5 POP RIVETS,095691352224
35225,"BENDER, 1"" TW COND",095691352255
35227,"WIRE, GROUND F/FAN",095691352279
35228,"DRUM,  MICROREEL L100 230V",095691352286
35230,"BENDER, 1/2 HW COND",095691352309
35233,"PLUG, CIRCUIT BREAKER",095691352330
35235,"BENDER, 1/2-3/4 HW",095691352354
35237,"CONNECTOR, WIRE",095691352378
35240,"BENDER, 1-1 1/4 HW",095691352408
35243,"DRUM, MICROREEL L100C 115V",095691352439
35245,PKG 6: D1375 1/4 SPRING BENDER,095691352453
35247,"SCREW, 8-32 X 2-1/4",095691352477
35248,"DRUM, MICROREEL L100C 230V",095691352484
35250,PKG 6:D1376 5/16 SPRING BENDER,095691352507
35252,GROMMET,095691352521
35255R,PKG 6: D1377 3/8 SPRING BENDER,095691352552
35257,"RETAINER, WIRE",095691352576
35260,PKG 6:D1378 7/16 SPRING BENDER,095691352606
35265,PKG 6: D1379 1/2 SPRING BENDER,095691352651
35268,"PLUG, SEALING M10 X 1",095691352682
35270,PKG 6: D1380 5/8 SPRING BENDER,095691352705
35272,PKG OF 2 FLAT WASHERS,095691352729
35275,PKG 6: D1381 3/4 SPRING BENDER,095691352750
35277,"NOZZLE, ASM COOLANT",095691352774
35280,PKG 6: D1382 7/8 SPRING BENDER,095691352804
35282,"COLLAR, ASM",095691352828
35285R,SET OF BENDERS 1/4-5/8,095691352859
35290,SET OF BENDERS 1/4-7/8,095691352903
35302R,PKG OF 5 8-32 X 1/2 SHC,095691353023
35307,SET OF OIL PRESSURE RELIEFS,095691353078
35315,"HANDLE, ASM FORM 358",095691353153
35320R,"HANDLE, RATCHET 358",095691353207
35325,"ARM, ASM DRIVE 358",095691353252
35328,"SHROUD, FAN",095691353283
35330,"ARM, SWINGING 358",095691353306
35333,"STRAP, MICRODRAIN SHOULDER",095691353337
35335,"BACKPLATE, 358",095691353351
35337,"ARMATURE, 48V",095691353375
35338,"GUIDE, MICROREEL (2PK) BALL",095691353382
35340,"LATCH, 358",095691353405
35343,"JAW, 2"" PUREFLOW",095691353436
35345R,"ROLL, W/SHAFT 358",095691353450
35348,"SET OF,SIDE LATCHES",095691353481
35350,"SPRING, COMP .470 OD X .31 LG",095691353504
35353,"CLIP,PKG OF 4",095691353535
35355,"PIN, SPLIT ROLL .312 X 1.50",095691353559
35358,"LABEL,MICRODRAIN FRONT CASE",095691353580
35360,"PIN, RELEASE 358",095691353603
35362,"SPRING, COMP 1.05 OD X 1.40 LG",095691353627
35363,"LABEL, REAR CASE",095691353634
35365,PKG OF 4 SPRINGS,095691353658
35368,"GUIDE,CABLE",095691353689
35370,"SPRING, COMP .281 OD X .66 LG",095691353702
35373,"BAR, PUSHROD WEAR",095691353733
35375,"PAWL, RATCHET 358",095691353757
35378,"BASE,CAMERA CLAMP",095691353788
35380,"PINION, 358",095691353801
35385,"PIN, PINION 358",095691353856
35388,"SPRING,CLAMP HOOK",095691353887
35390,"PIN, PIVOT 358",095691353900
35393,"GUIDE,INTERCONNECT CABLE",095691353931
35395,"PAWL, HOLDING 358",095691353955
35398,"NUT,HEX PKG OF 4",095691353986
35400R,"PIN, PAWL HOLDING 358",095691354006
35403,"BRACKET, LEFT SHOULDER STRAP",095691354037
35405,"SPACER, HOLDING PAWL 358",095691354051
35408,"BRACKET, RIGHT SHOULDER STRAP",095691354082
35410,"SPRING, PAWL 358",095691354105
35413,"PKG OF 2, CORD WRAP",095691354136
35415,"HANDLE, ASM FORM 368",095691354150
35418,"PKG OF,2 CABLE HOOKS",095691354181
35420,"LATCH, 368",095691354204
35423,"PKG OF,2 CORD WRAP FEET",095691354235
35425,"ROLL, W/SHAFT 368",095691354259
35428,"PKG OF,2 CORD WRAP FEET RET.",095691354280
35430R,"HANDLE, ASM FORM 378",095691354303
35433,"PKG OF,4 #6-32 X 3 SCREWS",095691354334
35435,"HANDLE, RATCHET 378",095691354358
35438,"ASSEMBLY, MICRODRAIN HOUSING",095691354389
35440,"ARM, ASM DRIVE 378",095691354402
35445,"LATCH, 378",095691354457
35450,"ARM, SWINGING 378",095691354501
35455R,BACKPLATE,095691354556
35460,"ROLL, W/SHAFT 378",095691354600
35465,"PIN, SPLIT ROLL .312 X 2.25",095691354655
35470,"PIN, RELEASE 368/378",095691354709
35473,"DRAIN CLEANER, K-45 AF",095691354730
35475,"SPRING, COMP .524 OD X .72 LG",095691354754
35478,CASTER,095691354785
35480,"PAWL, RATCHET 368/378",095691354808
35483,"WHEELS, REAR",095691354839
35485,"PINION, 368/378",095691354853
35488,"CLIP, LEFT WAND",095691354884
35490,"PIN, PINION 368/378",095691354907
35493,"CLIP, RIGHT WAND",095691354938
35495,"PIN, PIVOT 368/378",095691354952
35500,"PAWL, HOLDING 368/378",095691355003
35503,LID,095691355034
35505,"PIN, PAWL HOLDING 378",095691355058
35508,"HANDLE, PULL",095691355089
35510,"SPRING, COMP .250 OD X .84 LG",095691355102
35511,KJ-1590 II,095691355119
35515,PKG OF 5 WASHERS,095691355157
35520,PKG OF 5 WASHERS,095691355201
35523,"ASSEMBLY, POWER HEAD",095691355232
35530,PKG OF 5 WASHERS,095691355300
35533,"BAG, CASTER & HDWR",095691355331
35535,"EXTRACTOR, 1 SCREW W/TURNUT",095691355355
35540,"EXTRACTOR, 2 SCREW W/TURNUT",095691355409
35543,"PKG OF,2 MAGNETS",095691355430
35545,"EXTRACTOR, 3 SCREW W/TURNUT",095691355454
35548,"SCREW,PKG OF 4 4-20 X 5/16",095691355485
35550,"EXTRACTOR, 4 SCREW W/TURNUT",095691355508
35553,"RETAINER,SLIP RING",095691355539
35555,"EXTRACTOR, 5 SCREW W/TURNUT",095691355553
35558,"COVER,SLIP RING CONTACT",095691355584
35560,"EXTRACTOR, 6 SCREW",095691355607
35563,"FLANGE, SLIP RING",095691355638
35565,"EXTRACTOR, 7 SCREW",095691355652
35568,"PKG OF, 3 CONTACT PINS",095691355683
35570,"EXTRACTOR, 8 SCREW",095691355706
35573,"PKG OF,6 CONTACT PIN SPRINGS",095691355737
35575,"EXTRACTOR, SET 3 SCREW",095691355751
35578,"ASSEMBLY,SLIP RING PCB",095691355782
35580,"EXTRACTOR, SET SCREW",095691355805
35583,"DRUM, ONLY 30FT MDRN/NANO",095691355836
35585,"EXTRACTOR, SET 10 SCREW",095691355850
35588,"GASKET,CONNECTOR",095691355881
35590,"EXTRACTOR, SET 25",095691355904
35593,"HUB,MOUNT",095691355935
35595,"EXTRACTOR, 80 PIPE",095691355959
35598,"ASSEMBLY,SLIP RING (DRUM SIDE)",095691355980
35600R,"EXTRACTOR, 81 PIPE",095691356000
35603R,"ASSEMBLY,MAIN MICRODRAIN PCB",095691356031
35605,"EXTRACTOR, 82 PIPE",095691356055
35608,"O-RING, PKG OF 4",095691356086
35610,"EXTRACTOR, 83 PIPE",095691356109
35615,"EXTRACTOR, 84 PIPE",095691356154
35618,O-RING,095691356185
35620,"EXTRACTOR, 85 PIPE",095691356208
35623,"DRUM,MICRODRAIN",095691356239
35625,"EXTRACTOR, 86 PIPE",095691356253
35628,"RETAINER,HUB",095691356284
35630,"EXTRACTOR, 87 PIPE",095691356307
35633,"CONE,HUB",095691356338
35635,"EXTRACTOR, 89 PIPE",095691356352
35640,"EXTRACTOR, 83E HD PIPE",095691356406
35643,"GASKET,DRUM HUB",095691356437
35645,"EXTRACTOR, 84E HD PIPE",095691356451
35648,"PKG OF,HEX NUTS (4)",095691356482
35650,"EXTRACTOR, 85E HD",095691356505
35653,"SHIELD,HUB",095691356536
35655,"EXTRACTOR, 86E HD PIPE",095691356550
35658,"RETAINER,PUSH CABLE",095691356581
35660R,"EXTRACTOR, 87E HD PIPE",095691356604
35663,"SCREW,PKG OF 4 #6 X 5/8""",095691356635
35665,"EXTRACTOR, 89E HD PIPE",095691356659
35670,"EXTRACTOR, SET 880 PIPE",095691356703
35675,"EXTRACTOR, SET 881 PIPE",095691356758
35680,"EXTRACTOR, SET 882 PIPE",095691356802
35685,"EXTRACTOR, SET 883 PIPE",095691356857
35693,"FOOT,RIGHT",095691356932
35695,"BOX, PLASTIC 10 SET",095691356956
35698,"FOOT,LEFT",095691356987
35700,"BOX, EXTRACTOR 25 RIDGID",095691357007
35703,"PIN,HINGE",095691357038
35710,"PACKET, 882",095691357106
35715R,"PACKET, 883",095691357151
35720R,"DRILL, #1 HS 1/8",095691357205
35725,"DRILL, #2 HS 3/16",095691357250
35730R,"DRILL, #3 HS 1/4",095691357304
35735,"DRILL, #4 HS 5/16",095691357359
35740,"DRILL, #5 HS 11/32",095691357403
35745,"DRILL, #6 HS 7/16",095691357458
35750R,"DRILL, #7 HS 1/2",095691357502
35755,"DRILL, #8 HS 5/8",095691357557
35760,"DRILL, #36 HS 1/4",095691357601
35765,"GUIDE, DRILL 921",095691357656
35770,"GUIDE, DRILL 1021",095691357700
35775,"GUIDE, DRILL 1121",095691357755
35780,"GUIDE, DRILL 1221",095691357809
35785,"GUIDE, DRILL 1321",095691357854
35790,"GUIDE, DRILL 1421",095691357908
35795,"GUIDE, DRILL 1521",095691357953
35800,"GUIDE, DRILL 1621",095691358004
35805,"GUIDE, DRILL 1721",095691358059
35810,"GUIDE, DRILL 1821",095691358103
35811,"DIES, GOLD HS 2-1/2 - 3 BSPT",095691358110
35815,"TAP, 1/8 NPT E5112",095691358158
35820,"TAP, 1/4 NPT E5113",095691358202
35825,"TAP, 3/8 NPT E5114",095691358257
35828,"CIRCUIT BOARD, DVDPAK/BASE",095691358288
35830,"TAP, 1/2 NPT E5115",095691358301
35835,"TAP, 3/4 NPT E5116",095691358356
35840,"TAP, 1"" NPT E5117",095691358400
35845,"TAP, 1-1/4 NPT E5118",095691358455
35846,"SET OF 9"" HEX WRENCHES",095691358462
35850,"TAP, 1-1/2 NPT E5119",095691358509
35853,"HEAD,MICRODRN CAM W/SNDE NTSC",095691358530
35855,"TAP, 2"" NPT E5120",095691358554
35867,"ADAPTOR, 839 F/819 NC",095691358677
35878,"STOP, BALL",095691358783
35883,"SPRING,MICRODRAIN CAMERA",095691358837
35888,"CABLE,MICRODRAIN SAFETY",095691358882
35912R,"SPRING, COMP .188 OD X .27 LG",095691359124
35913,"SHELL,MICRODRAIN SPRING",095691359131
35918,"PKG OF,4 SET SCREWS 4-40 X 1/8",095691359186
35928,"PLUG,WIRE",095691359285
35933,"CLAMP,SEALING",095691359339
35943,"KIT,REPAIR",095691359438
35980R,"PIN, BLADE 1200",095691359803
35982,"SCREW, SHOULDER",095691359827
35987,"SCREW, SOC HD SET",095691359872
35992,"PIN, SPLIT ROLL .250 X 1.25",095691359926
35997,"PIN, CAM LEVER",095691359971
35998,"DRAIN CLEANER, K-45 AF-1 120V",095691359988
36002,BALL,095691360021
36003,"DRAIN CLEANER, K-45 AF-5 120V",095691360038
36005,"TOOL, SIZING 575 1/2-3/4",095691360052
36007,"SCREW, SET 65RTC",095691360076
36008,"DRAIN CLEANER, K-45 AF-7 120V",095691360083
36012,"SPRING, COMP .359 OD X .75 LG",095691360120
36013,"DRAIN CLEANER, K-45-1 120V MAN",095691360137
36017,"PIN, STOP 65RTC",095691360175
36018,"DRAIN CLEANER, K-45 120V MAN",095691360182
36023,"DRAIN CLEANER, K-45-5 120V MAN",095691360236
36027,"PIN, W/CLIP 161",095691360274
36028,"DRAIN CLEANER, K-45-7 120V MAN",095691360281
36032,"SCREW, 1/2-13 X 7/8 SET",095691360328
36033,"DRAIN CLEANER, K-45AF 220-240V",095691360335
36037,"SCREW, 3/8-24 X 1/4 FH",095691360373
36038,"DRAIN CLEANER, K-45AF1 220-240",095691360380
36042,"SCREW, 1/4-20 X 5/8 NYLOK SHC",095691360427
36043,"DRAIN CLEANER, K-45AF5 220-240",095691360434
36047,"PIN, FEEDSCREW",095691360472
36048,"DRAIN CLEANER, K-45 220-240V M",095691360489
36052,"NUT, HEX STOP 1/4-20",095691360526
36053,"DRAIN CLEANER, K-45-1 220-240V",095691360533
36057,"PIN, SPLIT ROLL .125 X 1.12",095691360571
36058,"DRAIN CLEANER, K-45-5 220-240V",095691360588
36062,"WASHER, STOP",095691360625
36082,"SPACER, PIPE SUPPORT",095691360823
36087,"PIN, SPLIT ROLL .219 X 1.0",095691360878
36092,"BENDER, 405/408M TUBE",095691360922
36097,"BENDER, 406 TUBE",095691360977
36102,"BENDER, 410M TUBE",095691361028
36112,"BENDER, 406M TUBE",095691361127
36117,"BENDER, 403 TUBE",095691361172
36122,"BENDER, 404 TUBE",095691361226
36127,"BENDER, 412M TUBE",095691361271
36132,"BENDER, 408 TUBE",095691361325
36148,"ASSEMBLY,CNT PLUS MAG&CARRIER",095691361486
36152,"LINE, OIL SUPPLY 3.3""",095691361523
36158,"LASER, MICRO LM-100",095691361585
36162,"LINE, OIL SUPPLY 7.4""",095691361622
36163,"GAS SNIFFER, MICRO CD-100",095691361639
36167,"VALVE, 3-WAY",095691361677
36177,SADDLE,095691361776
36182,"LINK, CONNECTING",095691361820
36187,"BAR, DRIVE",095691361875
36188,"VAC, 14 GAL WET/DRY 230 VOLT",095691361882
36192,"SPRING, TORSION 2.82OD X .92LG",095691361929
36197,"CAP, END",095691361974
36208,"COVER,PRESSURE SWITCH OF45150B",095691362087
36218,"ASSEMBLY,MICROREEL COIL CORD",095691362186
36223,"CONNECTOR, PKG OF 10",095691362230
36247,"ADAPTOR, HOLE 1822",095691362476
36248,"LEVEL, 5-VIAL ULTRA MAG TORP",095691362483
36253,"LEVEL, 5-VIAL LASER",095691362537
36262,"SCREW, 3/8 X 5/8 SHOULDER",095691362629
36267,"PIN, PIVOT 1822",095691362674
36268,"BLADE, P-TEC",095691362681
36272,"ARM, REAMER 1822",095691362728
36273,"VISE, 460-6 TRISTAND CHAIN",095691362735
36277,"CONE, REAMER",095691362773
36278,"VISE, 460-12 TRISTAND CHAIN",095691362780
36282R,"HOUSING, WHEEL",095691362827
36283,"ASSEMBLY,ANTENNA MAST W/BOARD",095691362834
36287,"HANDLE, FEEDSCREW 1822",095691362872
36322,AXLE,095691363220
36333,"SCREW,LH",095691363336
36338,"WASHER,STAR",095691363381
36343,BEARING,095691363435
36345,"THREADER, 00R 1/2-1 NPT",095691363459
36348,"HOUSING,GEAR",095691363480
36353,"HOUSING,SET",095691363534
36355,"THREADER, 00R 3/8-1 NPT",095691363558
36358,"SCREW, M4 X 25",095691363589
36363,"SCREW, M4 X 41",095691363633
36368,"SET,BRUSH WIRE",095691363688
36373,"SET,BRUSH",095691363732
36375,"THREADER, 00R 1/8-1 NPT",095691363756
36378,"LEVER,SWITCH",095691363787
36383,SWITCH,095691363831
36387,PKG OF 2 ROLL PINS,095691363879
36388,"CAPACITOR,230V",095691363886
36390,"THREADER, 11R 1/2- 1-1/4 NPT",095691363909
36393,"BEARING,NEEDLE",095691363930
36398,WASHER,095691363985
36403,"GEAR,INTERMEDIATE",095691364036
36408,"GEAR,SPINDLE",095691364081
36413,"BEARING,NEEDLE",095691364135
36418,"PLATE,BEARING",095691364180
36423,GASKET,095691364234
36428,BEARING,095691364289
36433,"ARMATURE,115V",095691364333
36438,"ARMATURE,230V",095691364388
36443,BEARING,095691364432
36447,TUBE,095691364470
36448,"FIELD,115V",095691364487
36453,"FIELD,230V",095691364531
36458,"SET,LEAD WIRE",095691364586
36463,SCREW,095691364630
36468,SCREW,095691364685
36473,"CLAMP,CORD",095691364739
36475,"THREADER, 12R 1/2-2 NPT",095691364753
36478,"LINECORD,115V",095691364784
36480,"THREADER, 12R 1/2- 1-1/4 NPT",095691364807
36482,"CORD, CONNECTING 220V 50HZ GS",095691364821
36483,"LINECORD,230V",095691364838
36487,"CORD, CONNECTING 110V 50HZ",095691364876
36488R,"POWER UNIT,K45 115V",095691364883
36493,"POWER UNIT, K45 230V",095691364937
36498,"GUARD, DRUM",095691364982
36502,SUPPRESSOR,095691365026
36503,"LABEL, WARNING",095691365033
36505,"THREADER, 12R 1/8-2 NPT",095691365057
36508R,"SCREW,PKG OF 4 2-56 X 1/8",095691365088
36510,"THREADER, 12R 1/2-2 NPSM",095691365101
36518,"BENDER, 3/8""-2"" TIP-UP",095691365187
36523,"BENDER, 3/8""-3"" TIP-UP",095691365231
36540,"THREADER, 31A NPT",095691365408
36550,"THREADER, 31A NPT HS",095691365507
36555,"THREADER, 31A NPT HS SS",095691365552
36558,"CHARGER, TC40 (USA)",095691365583
36560,"THREADER, 31A NPSM",095691365606
36565,"THREADER, 65RC NPT",095691365651
36568,"HEAD, MICROREEL CAMERA 115V",095691365682
36570,"THREADER, 65RTC NPT",095691365705
36573,"HEAD,MICROREEL CAMERA 230V",095691365736
36592,"CUTTER, 153P TUBING F/PLASTIC",095691365927
36597,"CUTTER, 153 TUBING",095691365972
36612,"PLATE, WARNING",095691366122
36620,"THREADER, 141 NPT",095691366207
36630,"THREADER, 161 NPT",095691366306
36642,"FOOTSWITCH, ASM",095691366429
36647,"FOOTSWITCH, ASM",095691366474
36652,"FOOTSWITCH, ASM",095691366528
36657,"FOOTSWITCH, ASM",095691366573
36662,"FOOTSWITCH, ASM 301A",095691366627
36667,"DECAL, WARNING",095691366672
36673,"BLADE, TC40 REPLACEMENT (USA)",095691366733
36677,"DECAL, WARNING",095691366771
36680,"THREADER, 00RB 1/4-1 NC BOLT",095691366801
36690R,"THREADER, 00RB 1/4-1 NF BOLT",095691366900
36692R,"COVER, FOOTSWITCH",095691366924
36693R,"CABLE,MICROREEL SAFETY",095691366931
36697R,"PEDAL, FOOT",095691366979
36702,"SPRING, FOOT PEDAL",095691367020
36712,"CORD, B295",095691367129
36713,"ASSEMBLY, MICROREEL PUSH CABLE",095691367136
36717,"LINECORD, B296",095691367174
36718,"DRUM,MICRODRAIN W/ELECTRONICS",095691367181
36722,"CORD, B297",095691367228
36727,"CORD, 301A",095691367273
36732,"CONNECTOR, CORD",095691367327
36747,"PIN, PIVOT",095691367471
36758,"ADAPTER, CA-350 AC POWER",095691367587
36762,"SWITCH, MICRO FOOTSWITCH",095691367624
36767,"O-RING, .36 ID X .07 THK",095691367679
36772,POPPET,095691367723
36787,PKG OF 5 SCREWS,095691367877
36792,"LINECORD, B296",095691367921
36797,"CORD, B297",095691367976
36798,"THERMOMETER, MICRO IR-200",095691367983
36813,"LASER, MICRO LM-400",095691368133
36817,"PLUG, STOP",095691368171
36822,"BODY, CHUCK W/PINS NPT",095691368225
36827,"COLLAR, RELEASE 819",095691368270
36832,"PIN, STOP",095691368324
36837,"PIN, SPRING COMPRESSION",095691368379
36842,"PIN, STOP F/SPRING",095691368423
36847,"ROLLER, PRESSURE",095691368478
36848,"CAMERA, MICRO CA-150",095691368485
36858,"STAND, MITER SAW AC9945",095691368584
36875,"DIEHEAD, CMPL 00R 1/8 NPT",095691368751
36880,"DIEHEAD, CMPL 00R 1/4 NPT",095691368805
36885,"DIEHEAD, CMPL 00R 3/8 NPT",095691368850
36890R,"DIEHEAD, CMPL 00R 1/2 NPT",095691368904
36895,"DIEHEAD, CMPL 00R 3/4 NPT",095691368959
36900,"DIEHEAD, CMPL 00R 1"" NPT",095691369000
36913,"KIT, 12V JOBMAX R82235 LI",095691369130
36935,"DIEHEAD, CMPL 00R 1/8 HS NPT",095691369352
36940,"DIEHEAD, CMPL 00R 1/4 HS NPT",095691369406
36942,"BENDER, 310M TUBE",095691369420
36945,"DIEHEAD, CMPL 00R 3/8 HS NPT",095691369451
36947,"BENDER, 312M TUBE",095691369475
36950,"DIEHEAD, CMPL 00R 1/2 HS NPT",095691369505
36952,"BENDER, 314M TUBE",095691369529
36955,"DIEHEAD, CMPL 00R 3/4 HS NPT",095691369550
36957,"BENDER, 315M TUBE",095691369574
36960,"DIEHEAD, CMPL 00R 1"" HS NPT",095691369604
36962,"BENDER, 316M/310 TUBE",095691369628
36965,"DIEHEAD, CMPL 00R 1/8 HS NPTSS",095691369659
36967,"BENDER, 318M TUBE",095691369673
36968,"PUMP, TILE SAW WATER AC11306",095691369680
36970,"DIEHEAD, CMPL 00R 1/4 HS NPTSS",095691369703
36972,"BENDER, 312 TUBE",095691369727
36975,"DIEHEAD, CMPL 00R 3/8 HS NPTSS",095691369758
36980,"DIEHEAD, CMPL 00R 1/2 HS NPTSS",095691369802
36985,"DIEHEAD, CMPL 00R 3/4 HS NPTSS",095691369857
36990,"DIEHEAD, CMPL 00R 1"" HS NPT SS",095691369901
36995,"DIEHEAD, CMPL 00R 1/8 NPSM",095691369956
37005,"DIEHEAD, CMPL 00R 3/8 NPSM",095691370051
37010,"DIEHEAD, CMPL 00R 1/2 NPSM",095691370105
37015,"DIEHEAD, CMPL 00R 3/4 NPSM",095691370150
37020,"DIEHEAD, CMPL 00R 1"" NPSM",095691370204
37025,"DIEHEAD, CMPL 11R 1/8 NPT",095691370259
37030,"DIEHEAD, CMPL 11R 1/4 NPT",095691370303
37035,"DIEHEAD, CMPL 11R 3/8 NPT",095691370358
37040,"DIEHEAD, CMPL 11R 1/2 NPT",095691370402
37045,"DIEHEAD, CMPL 11R 3/4 NPT",095691370457
37050,"DIEHEAD, CMPL 11R 1"" NPT",095691370501
37055,"DIEHEAD, CMPL 11R 1-1/4 NPT",095691370556
37088,"CHARGER, CA-300 GLOBAL",095691370884
37093,"IMAGER, 4M CABLE & 6MM",095691370938
37095,"DIEHEAD, CMPL 11R 1/8 HS NPT",095691370952
37098,"IMAGER, 1M CABLE & 6MM",095691370983
37100,"DIEHEAD, CMPL 11R 1/4 HS NPT",095691371003
37103,"IMAGER, 17MM CABLE",095691371034
37105,"DIEHEAD, CMPL 11R 3/8 HS NPT",095691371058
37108,"EXTENSION, MICRO CA 3 FT",095691371089
37110,"DIEHEAD, CMPL 11R 1/2 HS NPT",095691371102
37113,"EXTENSION, MICRO CA 6 FT",095691371133
37115,"DIEHEAD, CMPL 11R 3/4 HS NPT",095691371157
37120,"DIEHEAD, CMPL 11R 1"" HS NPT",095691371201
37123,"PACK, MICRO CA 17MM ACCESSORY",095691371232
37125,"DIEHEAD, CMPL 11R 1-1/4 HS NPT",095691371256
37130,"DIEHEAD, CMPL 11R 1/8 HS NPTSS",095691371300
37135,"DIEHEAD, CMPL 11R 1/4 HS NPTSS",095691371355
37140,"DIEHEAD, CMPL 11R 3/8 HS NPTSS",095691371409
37143,"HOOK,CAMERA CLAMP",095691371430
37145,"DIEHEAD, CMPL 11R 1/2 HS NPTSS",095691371454
37150,"DIEHEAD, CMPL 11R 3/4 HS NPTSS",095691371508
37153,"DRUM, ONLY MREEL & MDRN 65FT",095691371539
37155R,"DIEHEAD, CMPL 11R 1"" HS NPT SS",095691371553
37158,"ASSEMBLY,MICRORL.W/ELECTRONICS",095691371584
37160R,"DIEHEAD, CMPL 11R 1-1/4HSNPTSS",095691371607
37178,"LABEL,HUB CONE",095691371782
37183,"CIRCUIT BOARD,DRUM (NON-COUNT)",095691371836
37188,"ASSEMBLY,MICROREEL COUNT PCB",095691371881
37193,"BATTERY,MICROREEL COUNTER",095691371935
37198,"KEYPAD,MICROREEL COUNTER",095691371980
37223,"FORMER, 3/8"" BENDER 90 PIPE",095691372239
37228,"FORMER, 1/2"" BENDER 90 PIPE",095691372284
37233,"FORMER, 3/4"" BENDER 90 PIPE",095691372338
37238,"FORMER, 1"" BENDER 90 PIPE",095691372383
37243,"FORMER, 1-1/4"" BENDER 90 PIPE",095691372437
37248,"FORMER, 1-1/2"" BENDER 90 PIPE",095691372482
37253,"FORMER, 2"" BENDER 90 PIPE",095691372536
37258,"FORMER, 2-1/2"" BENDER 90 PIPE",095691372581
37263,"FORMER, 3"" BENDER 90 PIPE",095691372635
37273,"SUPPORT, CORNER HB382",095691372734
37278,"SUPPORT, CORNER HB383",095691372789
37293,"PIN, FIXING 382",095691372932
37298,"PIN, FIXING 383",095691372987
37308,"PIN, LOCKING RP210",095691373083
37313,"O-RING, 4X1.5MM RP210",095691373137
37318,"BALL, STEEL 4MM RP210",095691373182
37323,"SPRING, JAW MOUNTING PIN RP210",095691373236
37328,"COVER, LOCKING PIN RP210",095691373281
37343,K-45AF-5 110V,095691373434
37353,"LATCH, PKG OF 2 PROPRESS CASE",095691373533
37373,"ASSEMBLY,MICROREEL SPRING",095691373731
37375,"DIEHEAD, CMPL 12R 1/8 NPT",095691373755
37380,"DIEHEAD, CMPL 12R 1/4 NPT",095691373809
37385,"DIEHEAD, CMPL 12R 3/8 NPT",095691373854
37388,"GROMMET,RUBBER",095691373885
37390,"DIEHEAD, CMPL 12R 1/2 NPT",095691373908
37393,"WASHER,FLAT PKG OF 4",095691373939
37395,"DIEHEAD, CMPL 12R 3/4 NPT",095691373953
37398,CLAMP,095691373984
37400,"DIEHEAD, CMPL 12R 1"" NPT",095691374004
37403,"CONNECTOR,IDC",095691374035
37405,"DIEHEAD, CMPL 12R 1-1/4 NPT",095691374059
37408,"COVER,SLIP RING",095691374080
37410,"DIEHEAD, CMPL 12R 1-1/2 NPT",095691374103
37413,"JETTER,KJ-3100 WITH HOSE REEL",095691374134
37415,"DIEHEAD, CMPL 12R 2"" NPT",095691374158
37435,"DIEHEAD, CMPL 12R 1/2 LH NPT",095691374356
37440,"DIEHEAD, CMPL 12R 3/4 NPT LH",095691374400
37445,"DIEHEAD, CMPL 12R 1"" NPT LH",095691374455
37455,"DIEHEAD, CMPL 12R 1-1/2 LH NPT",095691374554
37465,"DIEHEAD, CMPL 12R 1/8 HS NPT",095691374653
37470,"DIEHEAD, CMPL 12R 1/4 HS NPT",095691374707
37475,"DIEHEAD, CMPL 12R 3/8 HS NPT",095691374752
37480,"DIEHEAD, CMPL 12R 1/2 HS NPT",095691374806
37483,"DRUM, MICRODRAIN D65S 115V",095691374837
37485,"DIEHEAD, CMPL 12R 3/4 HS NPT",095691374851
37488,"CAPACITOR, START 540-648 MFD",095691374882
37490,"DIEHEAD, CMPL 12R 1"" HS NPT",095691374905
37493,"CAPACITOR, RUN 60 MFD.",095691374936
37495,"DIEHEAD, CMPL 12R 1-1/4 HS NPT",095691374950
37500,"DIEHEAD, CMPL 12R 1-1/2 HS NPT",095691375001
37505,"DIEHEAD, CMPL 12R 2"" HS NPT",095691375056
37510,"DIEHEAD, CMPL 12R 1/8 HS NPTSS",095691375100
37513,"REEL, MICRODRAIN D65S SS 230V",095691375131
37515,"DIEHEAD, CMPL 12R 1/4 HS NPTSS",095691375155
37520,"DIEHEAD, CMPL 12R 3/8 HS NPTSS",095691375209
37525,"DIEHEAD, CMPL 12R 1/2 HS NPTSS",095691375254
37528,"DRUM, MICRODRAIN D65S 230V",095691375285
37530,"DIEHEAD, CMPL 12R 3/4 HS NPTSS",095691375308
37533,"SCREW,PKG OF 2 8-32 X 1",095691375339
37535,"DIEHEAD, CMPL 12R 1"" HS NPT SS",095691375353
37540,"DIEHEAD, CMP 12R 1-1/4 HSNPTSS",095691375407
37545,"DIEHEAD, CMP 12R 1-1/2 HSNPTSS",095691375452
37550,"DIEHEAD, CMPL 12R 2"" HS NPT SS",095691375506
37555,"DIEHEAD, CMPL 12R 1/8 NPSM",095691375551
37560,"DIEHEAD, CMPL 12R 1/4 NPSM",095691375605
37565,"DIEHEAD, CMPL 12R 3/8 NPSM",095691375650
37570,"DIEHEAD, CMPL 12R 1/2 NPSM",095691375704
37575,"DIEHEAD, CMPL 12R 3/4 NPSM",095691375759
37580,"DIEHEAD, CMPL 12R 1"" NPSM",095691375803
37585,"DIEHEAD, CMPL 12R 1-1/4 NPSM",095691375858
37590,"DIEHEAD, CMPL 12R 1-1/2 NPSM",095691375902
37595,"DIEHEAD, CMPL 12R 2"" NPSM",095691375957
37603,"ACCESSORIES, U-BRACKET, HB382",095691376039
37610,"DIEHEAD, CMPL 00RB 1/4 NC",095691376107
37615,"DIEHEAD, CMPL 00RB 5/16 NC",095691376152
37618,"ACCESSORIES, STRAIGHTENER",095691376183
37620,"DIEHEAD, CMPL 00RB 3/8 NC",095691376206
37623R,"SCREW, PKG OF 5 W/WASHER",095691376237
37625,"DIEHEAD, CMPL 00RB 7/16 NC",095691376251
37628,"CABLE, C-25 HD INNER CORE",095691376282
37630,"DIEHEAD, CMPL 00RB 1/2 NC",095691376305
37633,"CABLE, C-26 HD. INNER CORE",095691376336
37635,"DIEHEAD, CMPL 00RB 9/16 NC",095691376350
37638,"CABLE, C-27 HD. INNER CORE",095691376381
37640,"DIEHEAD, CMPL 00RB 5/8 NC",095691376404
37643,"CABLE, C-24 HD. INNER CORE",095691376435
37645,"DIEHEAD, CMPL 00RB 3/4 NC",095691376459
37650,"DIEHEAD, CMPL 00RB 7/8 NC",095691376503
37655,"DIEHEAD, CMPL 00RB 1"" NC",095691376558
37678,"CORD, ASM 115V",095691376787
37698,"CORD, ASM 230V",095691376985
37710,"DIEHEAD, CMPL 00RB 1/4 NF",095691377104
37715R,"DIEHEAD, CMPL 00RB 5/16 NF",095691377159
37720,"DIEHEAD, CMPL 00RB 3/8 NF",095691377203
37725,"DIEHEAD, CMPL 00RB 7/16 NF",095691377258
37728,"MOTOR, ASM 115V",095691377289
37730,"DIEHEAD, CMPL 00RB 1/2 NF",095691377302
37735,"DIEHEAD, CMPL 00RB 9/16 NF",095691377357
37740,"DIEHEAD, CMPL 00RB 5/8 NF",095691377401
37745,"DIEHEAD, CMPL 00RB 3/4 NF",095691377456
37753,"CABLE, ASM C-24 HD K-750 RETL",095691377531
37755,"DIEHEAD, CMPL 00RB 1""-14NS",095691377555
37777,"RATCHET, ASM W/HANDLE 11R/R200",095691377777
37785,"DIEHEAD, CMPL 00RB 9/16 NF LH",095691377852
37793,"COVER,RUBBER",095691377937
37800,"DIEHEAD, CMPL 00RB 7/8 NF LH",095691378002
37805,"DIEHEAD, CMPL 00RB 1""-14NS LH",095691378057
37810,"DIES, 12R 1/8 NPT",095691378101
37813,"ACCESSORIES, TURNABLE TRIPOD",095691378132
37815,"DIES, 12R 1/4 NPT",095691378156
37820,"DIES, 12R 3/8 NPT",095691378200
37825,"DIES, 12R 1/2 NPT",095691378255
37828,"ACCESSORIES, FOOT WHEELS",095691378286
37830,"DIES, 12R 3/4 NPT",095691378309
37835,"DIES, 12R 1"" NPT",095691378354
37838,"ACCESSORIES, U-BRACKET, HB383",095691378385
37840,"DIES, 12R 1-1/4 NPT",095691378408
37842,"CABLE, C31 3/8 X 50'",095691378422
37845,"DIES, 12R 1-1/2 NPT",095691378453
37847,"CABLE, C32 3/8 X 75'",095691378477
37850,"DIES, 12R 2"" NPT",095691378507
37852,"CABLE, C33 3/8 X 100'",095691378521
37855,"DIES, 12R 1/8 NPT HS",095691378552
37857,"CABLE, C44 1/2 X 50'",095691378576
37860,"DIES, 12R 1/4 NPT HS",095691378606
37862,"CABLE, C45 1/2 X 75'",095691378620
37865,"DIES, 12R 3/8 NPT HS",095691378651
37867,"CABLE, C45 HC 1/2 X 75'",095691378675
37870,"DIES, 12R 1/2 NPT HS",095691378705
37872,BELT,095691378729
37875,"DIES, 12R 3/4 NPT HS",095691378750
37880,"DIES, 12R 1"" NPT HS",095691378804
37882,"SPRING, EXTENSION",095691378828
37885,"DIES, 12R 1-1/4 NPT HS",095691378859
37888,"CAMERA, MICRO CA-300 LI",095691378880
37890,"DIES, 12R 1-1/2 NPT HS",095691378903
37895,"DIES, 12R 2"" NPT HS",095691378958
37897,PKG OF 5 NYLON WASHERS,095691378972
37900,"DIES, 12R 1/8 NPT HS SS",095691379009
37905,"DIES, 12R 1/4 NPT HS SS",095691379054
37907,PKG OF 5 HEX SCREWS,095691379078
37910,"DIES, 12R 3/8 NPT HS SS",095691379108
37912,"COLLAR, SET ASM",095691379122
37913,"CABLE, MICRODRAIN PUSH 65FT",095691379139
37915,"DIES, 12R 1/2 NPT HS SS",095691379153
37920,"DIES, 12R 3/4 NPT HS SS",095691379207
37922,"TUBE, GUIDE",095691379221
37925,"DIES, 12R 1"" NPT HS SS",095691379252
37930,"DIES, 12R 1-1/4 NPT HS SS",095691379306
37932,PKG OF 6 CLINCH STUDS,095691379320
37935,"DIES, 12R 1-1/2 NPT HS SS",095691379351
37937,"AXLE, DRUM",095691379375
37940,"DIES, 12R 2"" NPT HS SS",095691379405
37945,"DIES, 12R 1/8 NPSM",095691379450
37947,PKG OF 5 SPIRAL RINGS,095691379474
37950,"DIES, 12R 1/4 NPSM",095691379504
37952,PKG OF 5 GROMMETS,095691379528
37955,"DIES, 12R 3/8 NPSM",095691379559
37957,SPRING,095691379573
37958,"JAW, 1/2"" MEGAPRESS STD",095691379580
37960,"DIES, 12R 1/2 NPSM",095691379603
37962,"TIP, RUBBER",095691379627
37963,"JAW, 3/4"" MEGAPRESS STD",095691379634
37965,"DIES, 12R 3/4 NPSM",095691379658
37967,"FOOTSWITCH, ASM",095691379672
37968,"JAW, 1"" MEGAPRESS STD",095691379689
37970,"DIES, 12R 1"" NPSM",095691379702
37973,"RING, 1-1/4"" MEGAPRESS STD",095691379733
37975,"DIES, 12R 1-1/4 NPSM",095691379757
37978,"RING, 1-1/2"" MEGAPRESS STD",095691379788
37980,"DIES, 12R 1-1/2 NPSM",095691379801
37983,"RING, 2"" MEGAPRESS STD",095691379832
37985,"DIES, 12R 2"" NPSM",095691379856
37988,"PREP TOOL, 1-1/4""-2"" MEGAPRESS",095691379887
37993,"PREP TOOL, 1/2""-1"" MEGAPRESS",095691379931
37997,"SET OF, BALL TRANSFER HEADS",095691379979
38003,"STRIP, 1-1/4""-2"" ABRASIVE",095691380036
38007,"SCREW, 10-32 X 3/4 BUTT HCA",095691380074
38008,"STRIP, 1/2""-1"" ABRASIVE",095691380081
38013,"SET OF,BRUSHES 230V",095691380135
38018,"SET OF,BRUSH LEADS 230V",095691380180
38023,"SWITCH,230V",095691380234
38028,"BENDER, MODEL 603, 3/16""",095691380289
38033,"BENDER, MODEL 604, 1/4""",095691380333
38038,"BENDER, 605/608M, 5/16""",095691380388
38043,"BENDER, MODEL 606, 3/8""",095691380432
38048,"BENDER, MODEL 608, 1/2""",095691380487
38050,"DIES, 12R 1/4 NPT HS LH",095691380500
38053,"BENDER, MODEL 606M, 6MM",095691380531
38055,"DIES, 12R 3/8 NPT HS LH",095691380555
38058,"BENDER, MODEL 610M, 10MM",095691380586
38060,"DIES, 12R 1/2 NPT HS LH",095691380609
38063,"BENDER, MODEL 612M, 12MM",095691380630
38065,"DIES, 12R 3/4 NPT HS LH",095691380654
38068,"GASKET, COUNT PLUS",095691380685
38070,"DIES, 12R 1"" NPT HS LH",095691380708
38075,"DIES, 12R 1-1/4 NPT HS LH",095691380753
38078,"FRAME, HB383",095691380784
38080,"DIES, 12R 1-1/2 NPT HS LH",095691380807
38083,"FRAME, HB382",095691380838
38088,"PUMP, HB382 ASSY",095691380883
38093,"PUMP, HB383 ASSY",095691380937
38098,"SCREW, SAFETY",095691380982
38100,"DIES, 65R NPT HS",095691381002
38103,O-RING,095691381033
38105,"DIES, 65R NPT HS SS",095691381057
38108,"LEVER,HANDLE",095691381088
38110,"DIES, 65R NPT HS CI",095691381101
38113,"GRIP,HANDLE",095691381132
38120,"DIES, 141 NPT HS",095691381200
38123,"DECAL,OPERATING",095691381231
38125,"DIES, 141 NPT HS CI",095691381255
38128,"KNOB,RELEASE",095691381286
38130,"DIES, 141 NPT HS PVC",095691381309
38133,"NUT,RING",095691381330
38138,"WASHER,COPPER",095691381385
38140,"DIES, 141 37-1/2 DEG BEVEL",095691381408
38143,"PACKING,RUBBER",095691381439
38148R,"BALL,PKG OF 3",095691381484
38153,O-RING,095691381538
38155,"DIES, 161 NPT HS",095691381552
38158,"CAP,FILL",095691381583
38163,"LABEL,WARNING",095691381637
38168R,"LABEL,RIDGID",095691381682
38173,"SEAL,HB382",095691381736
38178,"SEAL,HB383",095691381781
38183,"SCRAPER,HB382",095691381835
38188,"SCRAPER,HB383",095691381880
38193,"RAM,HB382",095691381934
38198,"RAM,HB383",095691381989
38203,"SPRING,PULL",095691382030
38208,PIN,095691382085
38213,"PLUG,",095691382139
38218,"SPRING,",095691382184
38223,"FILTER,",095691382238
38225,"DIES, 4PJ 3"" NPT HS",095691382252
38228R,"BODY,HB 382 PUMP",095691382283
38230,"DIES, 4PJ 3-1/2 NPT HS",095691382306
38233,"BODY,HB 383 PUMP",095691382337
38238,"PLUG,",095691382382
38243,"PLATE,HB 382 NAME",095691382436
38245,"DIES, 4PJ 3"" NPT HS CI",095691382450
38248R,"PLATE,HB 383 NAME",095691382481
38253R,"RING, PKG OF 2",095691382535
38255R,"DIES, 4PJ 4"" NPT HS CI",095691382559
38258,"PIN,",095691382580
38263R,"SPRING,",095691382634
38268,"PIN,",095691382689
38273,"SEAL,",095691382733
38278,"RAM,PRESS",095691382788
38283,"SCRAPER,",095691382832
38288,"KIT,HB 382 REPAIR",095691382887
38293,"KIT,HB 383 REPAIR",095691382931
38323,"KIT,MICRODRAIN BEARING UPGRADE",095691383235
38328,"KIT,M.REELC BEARING UPGRADE",095691383280
38335,"DIE, BUTTON 1/4-20 UNC",095691383358
38338,"KIT,M.REEL BEARING UPGRADE",095691383389
38340,"DIE, BUTTON 5/16-18 UNC",095691383402
38345,"DIE, BUTTON 3/8-16 UNC",095691383457
38350,"DIE, BUTTON 7/16-14 UNC",095691383501
38355,"DIE, BUTTON 1/2-13 UNC",095691383556
38360,"DIE, BUTTON 9/16-12 UNC",095691383600
38365,"DIE, BUTTON 5/8-11 UNC",095691383655
38370,"DIE, BUTTON 3/4-10 UNC",095691383709
38375,"DIE, BUTTON 7/8-9 UNC",095691383754
38380,"DIE, BUTTON 1""-8 UNC",095691383808
38385,"DIE, BUTTON 1/4-28 UNF",095691383853
38390,"DIE, BUTTON 5/16-24 UNF",095691383907
38395,"DIE, BUTTON 3/8-24 UNF",095691383952
38400,"DIE, BUTTON 7/16-20 UNF",095691384003
38405,"DIE, BUTTON 1/2-20 UNF",095691384058
38410,"DIE, BUTTON 9/16-18 UNF",095691384102
38415,"DIE, BUTTON 5/8-18 UNF",095691384157
38420,"DIE, BUTTON 3/4-16 UNF",095691384201
38425,"DIE, BUTTON 7/8-14 UNF",095691384256
38430,"DIE, BUTTON 1""-14 NS",095691384300
38535,"RATCHET, W/HANDLE 0R",095691385352
38540,"RATCHET, W/HANDLE 00R",095691385406
38550,"RATCHET, W/HANDLE 111R",095691385505
38560,"RATCHET, L/HANDLE 0R",095691385604
38565,"RATCHET, L/HANDLE 00R",095691385659
38568R,"EXTENSION,HB 383",095691385680
38575,"RATCHET, L/HANDLE 111R",095691385758
38578,"ASSEMBLY,OLED MONITOR",095691385789
38583,"ASSEMBLY,LCD MONITOR",095691385833
38585,"HANDLE, PIPE 3/4 X 24",095691385857
38590,"HANDLE, PIPE 3/4 X 19",095691385901
38593,"CIRCUIT BOARD,LCD MONITOR",095691385932
38605,"CASE, CARRYING METAL 00R & 0R",095691386052
38608,"BAR, SUNHOOD TORSION",095691386083
38610,"CASE, CARRYING METAL 00RB",095691386106
38613R,"HOUSING, FRONT MONITOR (OLED)",095691386137
38615,"CASE, CARRYING METAL 111R",095691386151
38620,"CASE, CARRYING METAL 11R",095691386205
38623,"KEYPAD,DVDPAK",095691386236
38625,"CASE, CARRYING METAL 12R",095691386250
38628,"COVER,REAR MONITOR (OLED)",095691386281
38633,"COVER,REAR MONITOR (LCD)",095691386335
38638R,"ASSEMBLY,TOP COVER DVDPAK",095691386380
38643,"ASSEMBLY,BOTTOM COVER DVDPAK",095691386434
38660,"RING, SPRING 0R",095691386601
38670,"RING, RATCHET W/SPRING 0R",095691386700
38675,"HOUSING, RATCHET 0R",095691386755
38677,"DIES, R200 1/8 BSPT",095691386779
38682,"DIES, R200 1/4 BSPT",095691386823
38685,"HOUSING, RATCHET 00R",095691386854
38688,"ASSEMBLY,TOP COVER DVDBASE",095691386885
38690,PKG OF 3 PAWLS,095691386908
38692,"DIES, R200 1/2 BSPT",095691386922
38693,"NOZZLE, PROP 1/4"" NPT H-111",095691386939
38695,PKG OF 5 SPRINGS COMP.,095691386953
38697,"DIES, R200 3/4 BSPT",095691386977
38698,"NOZZLE, PROPULS 1/8 NPT H-101",095691386984
38700,"KNOB, 00R",095691387004
38702,"DIES, R200 1"" BSPT",095691387028
38703,"NOZZLE, DRHD 1/8 NPT H-104 SS",095691387035
38705,PKG OF 5 PINS,095691387059
38708,"NOZZLE, PENET 1/4"" NPT H-112",095691387080
38710,"DIEHEAD, 00R 1/8",095691387103
38712,"DIES, R200 1-1/2 BSPT",095691387127
38713,"NOZZLE, PENETR 1/8 NPT H-102",095691387134
38715,"PLATE, COVER 1/8",095691387158
38718,"NOZZLE,SPINNER 1/4"" NPT H-115",095691387189
38720,PKG OF 4 SCREWS,095691387202
38723,"NOZZLE,SPINNER 1/8"" NPT H-105",095691387233
38725,"RING, SPRING 00R",095691387257
38730,"DIEHEAD, ASM 00R 1/4",095691387301
38735,"PLATE, COVER 1/4",095691387356
38740,"DIEHEAD, ASM 00R 3/8",095691387400
38745,"PLATE, COVER 3/8",095691387455
38750,PKG OF 4 SCREWS,095691387509
38755,"DIEHEAD, ASM 00R 1/2",095691387554
38760,"PLATE, COVER 1/2",095691387608
38765,"DIEHEAD, ASM 00R 3/4",095691387653
38770,"PLATE, COVER 3/4",095691387707
38775,"DIEHEAD, ASM 00R 1""",095691387752
38780,"PLATE, COVER 1""",095691387806
38785,"DIEHEAD, ASM 11R 1/8",095691387851
38790,"DIEHEAD, ASM 11R 1/4",095691387905
38795,"DIEHEAD, ASM 11R 3/8",095691387950
38798,"ASSEMBLY,NAV. BRICK PCB (US)",095691387981
38800,"DIEHEAD, ASM 11R 1/2",095691388001
38805,"DIEHEAD, ASM 11R 3/4",095691388056
38808,"JETTER, KJ-3100 W/O REEL",095691388087
38810,"DIEHEAD, ASM 11R 1""",095691388100
38815,"DIEHEAD, ASM 11R 1-1/4",095691388155
38820,"HOUSING, RATCHET 11R",095691388209
38823,"ASSEMBLY, REAR CAP DVD BASE",095691388230
38825,"COVER, RATCHET HOUSING 11R",095691388254
38830,"RING, SPRING 11R",095691388308
38833,"ARMATURE,ASM 120V",095691388339
38835,"RING, W/SPRING RATCHET 11R",095691388353
38838,"ARMATURE,ASM 230V",095691388384
38843,"ARMATURE, ASM 100V",095691388438
38845,"RING, SPRING 111R",095691388452
38848,"FIELD, 120V",095691388483
38853,"FIELD, 230V",095691388537
38858,"FIELD, 100V",095691388582
38880,"PLATE, COVER 1-1/4",095691388803
38885,"HOUSING, RATCHET 111R",095691388858
38890,"DIEHEAD, ASM 12R 1/8",095691388902
38895,"RING, SPRING 12R",095691388957
38900,"DIEHEAD, 12R 1/4 ASM",095691389008
38905,"DIEHEAD, 12R 3/8",095691389053
38910,"DIEHEAD, ASM 12R 1/2",095691389107
38915,"DIEHEAD, ASM 12R 3/4",095691389152
38920,"DIEHEAD, ASM 12R 1""",095691389206
38925,"DIEHEAD, ASM 12R 1-1/4",095691389251
38930,"DIEHEAD, ASM 12R 1-1/2",095691389305
38935,"PLATE, COVER 1-1/2 12R",095691389350
38940,PKG OF 4 SCREWS,095691389404
38945,"DIEHEAD, ASM 12R 2""",095691389459
38950,"PLATE, COVER 2"" 12R",095691389503
38955,"HOUSING, RATCHET 12R",095691389558
38960,"DIEHEAD, BOLT 00RB 1/4",095691389602
38965,"DIEHEAD, BOLT 00RB 5/16",095691389657
38970,"DIEHEAD, BOLT 00RB 3/8",095691389701
38975,"DIEHEAD, BOLT 00RB 7/16",095691389756
38980,"DIEHEAD, BOLT 00RB 1/2",095691389800
38985,"DIEHEAD, BOLT 00RB 9/16",095691389855
38990,"DIEHEAD, BOLT 00RB 5/8",095691389909
38995,"DIEHEAD, BOLT 00RB 3/4",095691389954
39000,"DIEHEAD, BOLT 00RB 7/8",095691390004
39003,"SHIELD, PKG OF 2",095691390035
39005,"DIEHEAD, BOLT 00RB 1""",095691390059
39020,PKG OF 5 SCREWS,095691390202
39085,"DIEHEAD, 161",095691390851
39090,"GEARCASE, 161",095691390905
39095,"WORKHOLDER, 161",095691390950
39100,"SCROLL, WORKHOLDER 141",095691391001
39105,"SCROLL, WORKHOLDER 161",095691391056
39110R,"PLATE, SELECTOR 141 F/CI",095691391100
39115R,"PLATE, SELECTOR F/CI",095691391155
39136,GUARD,095691391360
39153,"RADIO, 18V GEN5X R84087",095691391537
39160,"BARREL, 161",095691391605
39162,"PUMP, OIL 1822I",095691391629
39165,"PLATE, SELECTOR 161",095691391650
39172,"SPRING, RATCHET HOUSING",095691391728
39175,"DIEHEAD, 141",095691391759
39177,"RATCHET, ASM 11R/R200",095691391773
39180,"PLATE, CAM 141",095691391803
39182,"HOUSING, RATCHET R200",095691391827
39185,"PLATE, SELECTOR 141",095691391858
39187,"RING, RATCHET,R200",095691391872
39190,"PLATE, SELECTOR 141",095691391902
39192,"PAWL, RATCHET R200",095691391926
39195,"WORKHOLDER, 141",095691391957
39197,"KNOB, RATCHET R200",095691391971
39200,"GEARCASE, 141",095691392008
39205,"RING, RATCHET SGL 65R",095691392053
39215,"PLATE, DRIVE W/PIN 65R",095691392152
39220,"PLATE, DRIVE 65R JP",095691392206
39225,"PLATE, DRIVE 65R CO",095691392251
39235,"BODY, 31A",095691392350
39245R,"FACEPLATE, 65R HEAD",095691392459
39263R,"BENDER, 2"" EL HYD PIPE 115/60",095691392633
39288R,"BENDER, 3"" EL HYD PIPE 115/60",095691392886
39290R,"RING, GAUGE 65RTC",095691392909
39295R,"WORKHOLDER, 65RTC",095691392954
39300,"WORKHOLDER, ASM 65RTC",095691393005
39310,"PLATE, CAM 161",095691393104
39315,"POST, GUIDE 161",095691393159
39318,"ASSEMBLY, 230V SOFT START",095691393180
39320,"BARREL, 141",095691393203
39325,"SHAFT, PINION 161",095691393258
39330,"POST, GUIDE 141",095691393302
39335,"WORKHOLDER, CAM 65R",095691393357
39340,"WORKHOLDER, ASM CAM 65R",095691393401
39345,SET OF JAWS 141 WORKHOLDER,095691393456
39348,"KEY, MOTOR SHAFT 1.65""",095691393487
39350,"PLATE, RETAINING 161",095691393500
39353,"SPACER, MOTOR SHAFT",095691393531
39355,SET OF JAWS 161 WORKHOLDER,095691393555
39358,"FLANGE, GEARBOX MOUNTING",095691393586
39360,"SHAFT, PINION 141",095691393609
39363,"CAP, CABLE END",095691393630
39365,"SHAFT, PINION 161",095691393654
39368,"KIT, SEAL",095691393685
39370,"RING, GAUGE 65RC",095691393708
39373,"BEARING, BALL",095691393739
39378,"SHAFT, GEAR",095691393784
39380,"RATCHET, W/HANDLE",095691393807
39383,DIPSTICK W/ ORING,095691393838
39388,"HOUSING, GEAR BOX",095691393883
39390,"CASE, RATCHET",095691393906
39393,PLUG,095691393937
39398,"SCREW, SH CAP",095691393982
39400,"PLATE, CHANGE 65R",095691394002
39403,"SCREW, SH CAP",095691394033
39405,"PLATE, THROWOUT 65R",095691394057
39408,SPACER,095691394088
39413,GEAR,095691394132
39418,FLANGE,095691394187
39420,HANDLE,095691394200
39423,WASHER,095691394231
39425,SET OF WORKHOLDER JAWS 65RTC,095691394255
39428,"SCREW, SH CAP",095691394286
39430,"RING, SPRING 161",095691394309
39433,"PLUG, DRAIN",095691394330
39435,"SLEEVE, PINION 161",095691394354
39438,"SCREW, SH CAP",095691394385
39443,"SCREW, SH CAP M10X80",095691394439
39448,"WASHER, LOCK",095691394484
39450,"PLATE, ASM CAM 65R",095691394507
39453,"CAP, VALVE",095691394538
39455,"PLATE, RETAINING 141",095691394552
39458,"RING, PKG OF 6",095691394583
39463,"O-RING, PKG OF 12",095691394637
39465,"SHAFT, DRIVE 141",095691394651
39468,VALVE,095691394682
39470,"SHAFT, PINION",095691394705
39473,"HOUSING, PUMP HEAD",095691394736
39483,"PLUG, 3/4""",095691394835
39485,PKG OF 2 SET SCREW,095691394859
39490,PKG OF 2 SPRINGS,095691394903
39493,O-RING,095691394934
39498,"GASKET, WIRING",095691394989
39500,"PIN, LOCK CAM 65RTC",095691395009
39503,"GUIDE, FRONT PISTON",095691395030
39505,PKG OF 2 STOP PINS,095691395054
39508,"GUIDE, PISTON",095691395085
39510,PKG OF 2 BALLS,095691395108
39513,GASKET,095691395139
39515,"EXTENSION, PIPE",095691395153
39518,O-RING,095691395184
39523,"WASHER, COPPER",095691395238
39528,PISTON,095691395283
39533,SPACER,095691395337
39538,"PISTON, GUIDING",095691395382
39540,"COUPLING, HANDLE 3/4",095691395405
39542,PKG OF 4 SCREWS 10-24 X 1/2,095691395429
39543,"PIN, PISTON",095691395436
39545,"HANDLE, PIPE 3/4 X 22-1/2",095691395450
39548,O-RING,095691395481
39550,"HANDLE, PIPE 3/4 X 11-3/4",095691395504
39555,"CAM, LOCKING 65RTC",095691395559
39557,PKG OF 5 WING NUTS K375,095691395573
39558,"COVER, SIDE W/ SIGHT GLASS",095691395580
39560,"SPRING, COMP .297 OD X .41 LG",095691395603
39562,"LINECORD, W/PLUG 230V",095691395627
39563,"BOLT, M8 X 16",095691395634
39567,"SCREW, 1/4-20 SC HD SHOULDER",095691395672
39568,BEARING,095691395689
39570,PKG OF 5 SCREWS,095691395702
39573,"ROD, CONNECTING",095691395733
39575,PKG OF 5 SCREWS,095691395757
39578,"CRANKSHAFT, 24MM",095691395788
39580,PKG OF 5 BALLS,095691395801
39582,"SCREW, 5/16-18 X 1 CUP PT SET",095691395825
39583,KEY,095691395832
39585,"WRENCH, 4PJ/141/161",095691395856
39587,"DIES, UNIV 1/8 NPT HS LH",095691395870
39588,"HOUSING, PUMP",095691395887
39598,OIL SIGHT GLASS,095691395986
39603,"RING, SNAP",095691396037
39605,"COLLAR, RETAINING",095691396051
39608,O-RING,095691396082
39613,"BOLT, M6 X 16",095691396136
39615,"RING, PRESSURE 4PJ",095691396150
39618,"COVER, CRANKCASE",095691396181
39620,PKG OF 3 PINS,095691396204
39623,"DISK, CONTRAST",095691396235
39625,"RING, PINION SHAFT",095691396259
39630,"PIN, CENTER",095691396303
39633,"RING, SEAL",095691396334
39638,SEAL,095691396389
39640,PKG OF 2 PINS,095691396402
39645,"KNOB, SELECTOR",095691396457
39650,"SCREW, GUIDE POST",095691396501
39655,"BLOCK, GUIDE 141/161",095691396556
39658,"SUPPORT, OPEN BEARING",095691396587
39660R,"SPRING, COMP .688 OD X 2.0 LG",095691396600
39663,"BOLT, M6 X 60",095691396631
39665,"RING, PINION SHAFT 161",095691396655
39668,"ASSEMBLY, COMPLETE PUMP HEAD",095691396686
39670,"RING, PRESSURE 161",095691396709
39673,OIL SIGHT GLASS,095691396730
39675,"RING, SPLIT 2 PC 161",095691396754
39678,O-RING,095691396785
39680,"SHAFT, DRIVE 161",095691396808
39683R,"DISK, CONTRAST",095691396839
39685,"COLLAR, RETAINING 161",095691396853
39688,SEAL,095691396884
39690,PKG OF 4 SPRINGS,095691396907
39693,"WASHER, LOCK",095691396938
39695,"RING, SPLIT 2 PC 141/4PJ",095691396952
39698,"BOLT, CONNECTING ROD",095691396983
39700,PKG OF 5 DIE PIN W/CLIPS,095691397003
39703,"ASSEMBLY, VALVE KIT",095691397034
39705,PKG OF 3 PINS,095691397058
39708,"ASSEMBLY, PISTON KIT",095691397089
39710,"PLATE, COVER 1"" 31A",095691397102
39713,"ASSEMBLY, WATER SEAL KIT",095691397133
39715,"PLATE, COVER 3/4",095691397157
39718,"ASSEMBLY, OIL SEAL KIT",095691397188
39720,"PLATE, COVER 1/2",095691397201
39722,"YOKE, ASM 458",095691397225
39723,"ASSEMBLY, PISTON GUIDE KIT",095691397232
39727,"BAR, ASM FLARING 458",095691397270
39728,"BASE,TRISTAND 460-6",095691397287
39730,"RING, SPRING",095691397300
39733,"LEG, ASM REAR 460-6",095691397331
39742,"YOKE, W/SHAFT 458",095691397423
39743,"CHAIN, ASM LEG",095691397430
39745,PKG OF 5 PINS,095691397454
39748R,"PLATE, WEAR ASM",095691397485
39750,PKG OF 5 PINS W/CLIP,095691397508
39755,"SCREW, SET DOG POINT",095691397553
39757,"CLUTCH, ASM W/BOOT PRO 60",095691397577
39760R,"SCREW, 1/2 X 1-3/4 HEX CAP",095691397607
39763,"CHAIN,ASM 460-12",095691397638
39765R,"WASHER, FLAT .515 ID",095691397652
39768,"JAW,460-12",095691397683
39770,PKG OF 5 SCREWS,095691397706
39773,"BASE,TRISTAND 460-12",095691397737
39775,PKG OF 2 SCREWS,095691397751
39778,"LEG, ASM REAR ADJ",095691397782
39780,PKG OF 2 SET SCREW,095691397805
39783,"ARM, CONVERSION",095691397836
39785,"SCREW, 1/2-13 X 1 SET",095691397850
39788,"BOLT, 1""-8 UNC, HEX HD",095691397881
39790,PKG OF 2 STOP SCREWS,095691397904
39795,"SCREW, CLAMP W/CLIP 141/161",095691397959
39800,"COVER, RATCHET",095691398000
39803,"KEYPAD,CS 1000",095691398031
39805,"WHEEL, RATCHET 161",095691398055
39808,"COVER,CS 1000 KEYBOARD",095691398086
39810,"PLUG, WEAR 161",095691398109
39813,"ASSEMBLY,LCD MOUNT PLATE",095691398130
39815,"SPRING, COMP .688 OD X 1.5 LG",095691398154
39818,"KEYBOARD,CS 1000",095691398185
39820,PKG OF 5 PINS,095691398208
39823,"CIRCUIT BOARD, BATT.PROTEC.",095691398239
39825,"SLEEVE, PINION 141",095691398253
39828,"ASSEMBLY,HINGE (RIGHT)",095691398284
39830,PKG OF 2 NYLOK SCREWS,095691398307
39833,"ASSEMBLY,HINGE (LEFT)",095691398338
39835,"PLATE, SERIAL 141",095691398352
39838,"CABLE,CONNECTOR",095691398383
39840,"NAMEPLATE, 161",095691398406
39843,"SET OF,CS 1000 CIRCUIT BOARDS",095691398437
39845,"SPOUT, OIL 768",095691398451
39848,"ASSEMBLY,LCD AND HOUSING",095691398482
39850R,"NIPPLE, PIPE 1/8",095691398505
39853,"KIT,CONNECTOR COVER",095691398536
39855,"ELBOW, 1/8 90 DEG",095691398550
39860R,"SCREW, LOCK",095691398604
39868,"KIT,ST33Q DRIVE BOARD",095691398680
39873R,"KIT,ST33Q INTERFACE CIR. BOARD",095691398734
39875,PKG OF 2 PAWLS,095691398758
39878,"CAP, UNLOADER HANDLE",095691398789
39880,SET OF 2 JAWS,095691398802
39883,"SCREW, SH CAP",095691398833
39885,PKG OF 4 SPRINGS,095691398857
39888,"NUT, HEX 5/16 X 18",095691398888
39893R,"HANDLE, UNLOADER",095691398932
39895,"LEVER, CAM 65R",095691398956
39898,PIN,095691398987
39900,PKG OF 4 SPRINGS,095691399007
39903R,"SCREW, ADJUSTING",095691399038
39908,"GUIDE, SPRING",095691399083
39913,PLATE,095691399137
39915,PKG OF 5 SPRINGS,095691399151
39918,SPRING,095691399182
39920,PKG OF 5 SPRINGS,095691399205
39923,"SPRING, BUTTON",095691399236
39928,PIN,095691399281
39933,"PISTON, UPPER",095691399335
39938,"VALVE, SHUTTER",095691399380
39940,"PAWL, RATCHET",095691399403
39942,"CUTTER, 151J TUBING",095691399427
39943,SPRING,095691399434
39948,"FITTING, 3/8"" G",095691399489
39950,"LINK, THROWOUT",095691399502
39953,"WASHER, SEAL",095691399533
39955,"SCREW, LOCK",095691399557
39957,"CUTTER, 156PE TUBING",095691399571
39958,"HOUSING, VALVE",095691399588
39960,PKG OF 5 PINS,095691399601
39963,"WASHER, SEAL",095691399632
39965,PKG OF 3 CAM LEVER PINS,095691399656
39966,SET OF CARBON ELECTRODES,095691399663
39967,"SCREW, 10-32 X .334 LH HEX FL",095691399670
39968,"PISTON, LOWER",095691399687
39970,"LEVER, CLAMP",095691399700
39972,TRIGGER,095691399724
39973,"ADAPTER, BY-PASS",095691399731
39975,"RING, SPRING CHANGE PLATE 65R",095691399755
39976,PKG OF 2 STUDS W/4 NUTS,095691399762
39977,"PIVOT, TRIGGER",095691399779
39978,"HOUSING, BY-PASS",095691399786
39980,"RING, SPRING GAUGE PLATE 65R",095691399809
39982,"SPRING, TENSION .45 OD X 1.5LG",095691399823
39983,"ADAPTER, INLET PORT",095691399830
39985,"SCREW, ASM CLAMP 65R",095691399854
39987,"FOOT, RELEASE",095691399878
39990,PKG OF 4 SCREWS,095691399908
39992,"BRACKET, RELEASE ADJ",095691399922
39993,"SEAL, KIT",095691399939
39995,"CAM, RELEASE 65R",095691399953
40003,"REEL, NANOREEL N85S(CA350) PAL",095691400031
40005,SET OF 346 SUPPORT ARMS,095691400055
40017,"FOOTSWITCH, U.K.",095691400178
40022,"FOOTSWITCH, ASM",095691400222
40025,"WORKHOLDER, .010 UNDER 65RC",095691400253
40027,"FEEDSCREW, ASM 1224",095691400277
40028,"ADAPTER, CA-300 POWER",095691400284
40043,"CAMERA, MICRO CA-25 VIEW ONLY",095691400437
40060,PKG OF 4 RIVETS,095691400604
40068,"FILTER, HF1000 HEPA",095691400680
40073,"FILTER, PREFILTER-RV2400HF",095691400734
40080,"VISE, 21A BENCH YOKE",095691400802
40082,"CUTTER, PIPE W/P COAT ROLL",095691400826
40087,SET OF CHUCK JAWS 1224,095691400871
40090,"VISE, 23A BENCH YOKE",095691400901
40100,"VISE, 25A BENCH YOKE",095691401007
40110,"VISE, 27A BENCH YOKE",095691401106
40123,"VAC, WD1270EX",095691401236
40125,"VISE, 39 KIT YOKE",095691401250
40127,"TERMINAL, PIGGYBACK",095691401274
40128,"VAC, WD1680EX",095691401281
40130,"VISE, 40A TRISTAND YOKE",095691401304
40137,"JUMPER, PIGGYBACK BLACK",095691401373
40147,"HANDWHEEL, CARRIAGE 1224",095691401472
40152,WASHER,095691401526
40153,"BAG, 6-9 GAL DUST",095691401533
40157,"SHAFT, HANDWHEEL",095691401571
40158,"FILTER, WET",095691401588
40163,"BRUSH, 1 7/8"" CREVICETOOL/DUST",095691401632
40165,"VISE, 560 STAND CHAIN",095691401656
40167,PKG OF 5 SCREWS 5/16-18 X3-1/2,095691401670
40168,"BRUSH, 1 7/8"" FLOOR",095691401687
40170,"VISE, 640 POST CHAIN",095691401700
40173,"PIN, CONTACT",095691401731
40175,"VISE, BC2A BENCH CHAIN",095691401755
40180,"VISE, BC4A BENCH CHAIN",095691401809
40183,"SCREW, PKG OF 2 W/WASHER",095691401830
40185,"VISE, BC210 BENCH CHAIN",095691401854
40188,"FRAME, CART WELDMENT",095691401885
40193,"AXLE, WHEEL",095691401939
40195,"VISE, BC410 BENCH CHAIN",095691401953
40198,"BRACKET, PUMP SUPPORT",095691401984
40200,"VISE, BC410P BENCH CHAIN",095691402004
40203,"ENGINE, GAS 16HP MANUAL",095691402035
40205,"VISE, BC510 BENCH CHAIN",095691402059
40208,"PUMP, ASM KJ3100",095691402080
40210,"VISE, BC610 BENCH CHAIN",095691402103
40213,"LABEL, MODEL NUMBER",095691402134
40215,"VISE, BC810 BENCH CHAIN",095691402158
40218,"LABEL, JETTER WARNING",095691402189
40220,"VISE, 461 STRAIGHT WELDING",095691402202
40222,"JAW, VISE F/COAT PIPE 450",095691402226
40223,"LABEL, INSTRUCTION",095691402233
40225,"VISE, 462 ANGLE WELDING",095691402257
40227,PKG OF 5 SPRING WASHERS,095691402271
40228,"LABEL, ENGINE WARNING",095691402288
40230,"VISE, 463 ELBOW WELDING",095691402301
40233,"ARRESTOR, SPARK",095691402332
40235,"VISE, 464 FLANGE WELDING",095691402356
40237,"LATCH, SINE BAR",095691402370
40238,"ADAPTER, BRASS 3/8"" G",095691402387
40242,"BAR, SINE PM",095691402424
40243,"O-RING, PKG OF 2",095691402431
40248,"COVER, BATT MICRO LM-100",095691402486
40253,"KEYPAD,MICRO LM-100",095691402530
40258,"COVER,BATTERY CD-100",095691402585
40260,"SCREW, PKG OF 5",095691402608
40262,"INSERT, SHOE W/PIN",095691402622
40263,"CAP, PROBE TIP CD-100",095691402639
40267,PKG OF 5 SCREWS,095691402677
40268,"COVER, SENSOR W/O-RING CD-100",095691402684
40270,"WASHER, PKG OF 6",095691402707
40272,LATCH,095691402721
40273,"HOLDER, BATTERY MICRO IR-100",095691402738
40278,"O-RING,",095691402783
40282,"HANDLE, FORM",095691402820
40287,"PIN, BENDER F/403, SET OF 5",095691402875
40288,"PUMP, TRIPLEX PLUNGER",095691402882
40293,"GEARBOX,",095691402936
40297,"INSERT, SHOE W/PIN",095691402974
40298,"VALVE, UNLOADER COMPLETE",095691402981
40302,"HANDLE, FORM",095691403025
40303,"PULSE ASM, KJ3100",095691403032
40307,"INSERT, SHOE W/PIN",095691403070
40308,"ADAPTER, GAGE PORT",095691403087
40310,"YOKE, W/HOOK 21",095691403100
40312,"HANDLE, FORM",095691403124
40313,"VALVE, THERMAL RELIEF",095691403131
40315,"YOKE, ASM COMPL 21",095691403155
40317,"INSERT, SHOE W/PIN",095691403179
40318,"BUSHING, ADAPTER 3/4MX1/2F",095691403186
40320,"HOOK, W/HINGE PIN",095691403209
40322,LATCH,095691403223
40325,"BOLT, HINGE W/NUT & WASHER 21",095691403254
40327,"HANDLE, FORM",095691403278
40330,"SPOOL, BENDING 21",095691403308
40335,"JAW, UPPER 775",095691403353
40337,"INSERT, SHOE W/PIN",095691403377
40340,"PIN, HINGE 21",095691403407
40345,"SCREW, W/WASHER PKG OF 5",095691403452
40347,"HANDLE, FORM",095691403476
40350,"NUT, PKG OF 5",095691403506
40352,"INSERT, SHOE W/PIN",095691403520
40355,"FEEDSCREW, ASM 21",095691403551
40357,"HANDLE, FORM",095691403575
40360,SET OF CLAMPS W/SCREWS,095691403605
40362,"INSERT, SHOE W/PIN",095691403629
40367,PKG OF 5 SCREWS,095691403674
40370,"YOKE, W/HOOK",095691403704
40372,LATCH,095691403728
40375,"YOKE, ASM COMPL",095691403759
40377,PKG OF 5 WASHERS,095691403773
40380,"HOOK, W/HINGE PIN",095691403803
40382,"HANDLE, FORM",095691403827
40385,PKG OF 5 SCREWS W/WASHER,095691403858
40388,"ASSEMBLY,TOP CASE LT 1000",095691403889
40390,"FEEDSCREW, ASM",095691403902
40392,SET OF 2 GRIPS,095691403926
40393,"ASSEMBLY,FRONT SIDE PLATE",095691403933
40395,SET OF CLAMPS W/SCREWS,095691403957
40397,"INSERT, SHOE W/PIN",095691403971
40398,"ASSEMBLY,REAR SIDE PLATE",095691403988
40400,"JAW, UPPER",095691404008
40402,"HANDLE, FORM",095691404022
40403,"SEAL,LT 1000",095691404039
40405,SET OF LOWER JAWS,095691404053
40408,"KIT,ADJUSTMENT KNOB",095691404084
40410,"BOLT, ASM HINGE",095691404107
40413,"WRAP,USB CORD",095691404138
40415,"PIN, HINGE",095691404152
40417,"SPRING, COMP .312 OD X 1.0 LG",095691404176
40418,"INSERT,CORD WRAP",095691404183
40425,"YOKE, W/HOOK 23",095691404251
40428,"ADAPTER,USB-B TO USB-B 3FT",095691404282
40430,"YOKE, ASM COMPL 23",095691404305
40433,"ADAPTER,USB-A TO USB-B 6FT",095691404336
40435,"HOOK, W/HINGE PIN 23",095691404350
40438,"ASSEMBLY,FRAME LT 1000M",095691404381
40440,"FEEDSCREW, VISE 23",095691404404
40443,"DRUM, NANOREEL N85S NTSC",095691404435
40445,SET OF CLAMPS W/SCREW 23,095691404459
40448,"DRUM, NANOREEL N85S PAL",095691404480
40450,"SPOOL, BENDING 23",095691404503
40455,"JAW, UPPER 23",095691404558
40460,SET OF LOWER JAWS 23,095691404602
40463,"ADAPTER, CA-300 JP POWER",095691404633
40465,"BOLT, ASM HINGE",095691404657
40515,"YOKE, W/HOOK 25",095691405159
40520,"YOKE, ASM COMPL 25",095691405203
40525,"HOOK, W/HINGE PIN 25",095691405258
40530,PKG OF 5 SCREWS W/WASHER,095691405302
40535,"FEEDSCREW, VISE 25",095691405357
40540,SET OF CLAMPS W/SCREW 25,095691405401
40545,"JAW, UPPER 25",095691405456
40550,SET OF LOWER JAWS,095691405500
40555,"PIN, HINGE 25",095691405555
40558,"SPACER, MOTOR FLANGE",095691405586
40560,"BOLT, ASM HINGE 25",095691405609
40563,"SCREW, 3/8""",095691405630
40568,"COVER, GEARBOX PINION",095691405685
40590,"JAW, UPPER 27",095691405906
40593,"SET OF, MDRAIN MD22MMPIPE GDE",095691405937
40598,"SET OF, MREEL LG/25MMPIPE GDE",095691405982
40602,"NUT, COMPRESSION",095691406026
40607,FERRULE,095691406071
40617,"CUTTER, 101 TUBING",095691406170
40620,"YOKE, W/HOOK 27",095691406200
40623,"HEADSET, W/MICROPHONE CA-300",095691406231
40625,"YOKE, ASM COMPL 27",095691406255
40627,"HANDLE, FORM",095691406279
40628,"PLUG, BREATHER 100V ONLY",095691406286
40630,"HOOK, W/HINGE PIN 27",095691406309
40635,PKG OF 5 SCREWS W/WASHER,095691406354
40637,"INSERT, W/PIN",095691406378
40638,"KIT, JOBMAX AC R28602",095691406385
40640,"NUT, HEX JAM 3/4-16",095691406408
40642,"LATCH, ASM",095691406422
40645,"FEEDSCREW, VISE 27",095691406453
40647,SPACER,095691406477
40650,SET OF CLAMPS W/SCREWS 27,095691406507
40652,SET OF 2 GRIPS,095691406521
40655,"SPOOL, BENDING",095691406552
40660,SET OF LOWER JAWS 27,095691406606
40662,PKG OF 5 WASHERS,095691406620
40665,"BOLT, ASM HINGE 27",095691406651
40670,"PIN, HINGE 27",095691406705
40672,"INSERT, W/PIN",095691406729
40677,"HANDLE, FORM",095691406774
40687,"INSERT, W/PIN",095691406873
40692,"LATCH, ASM",095691406927
40695,"BASE, VISE W/SPOOLS BC2A",095691406958
40697,SPACER,095691406972
40702,SET OF 2 GRIPS,095691407023
40703,"ASSEMBLY,HINGE (RIGHT) OLED",095691407030
40708,"ASSEMBLY,HINGE (LEFT) OLED",095691407085
40712,PKG OF 5 WASHERS,095691407122
40713,"ASSEMBLY,HINGE (RIGHT) LCD",095691407139
40715,"CHAIN, W/SCREW BC2A",095691407153
40718,"ASSEMBLY,HINGE (LEFT) LCD",095691407184
40720,"NUT, SWIVEL",095691407207
40722,"INSERT, W/PIN",095691407221
40725,"NUT, W/HANDLE",095691407252
40727,"INSERT, W/PIN",095691407276
40730,PKG OF 2 PINS,095691407306
40732,"HANDLE, FORM",095691407320
40735,PKG OF 5 SCREWS W/WASHER,095691407351
40737,"INSERT, W/PIN",095691407375
40740,"SPOOL, BENDING",095691407405
40742,"INSERT, W/PIN",095691407429
40743,"SCREW,PKG OF 4 10-32 X 1.25",095691407436
40745,"BASE, VISE W/SPOOLS BC4A",095691407450
40748,"SET, HANDLES W/O SWITCH HOLES",095691407481
40753,"PLATE, COVER",095691407535
40755,"CHAIN, W/SCREW BC4A",095691407559
40758,"BOX, JUNCTION",095691407580
40760,"NUT, SWIVEL S4A",095691407603
40765,"HANDLE, W/SWIVEL NUT",095691407658
40770,PKG OF 5 WASHERS,095691407702
40773,"DISCONNECT, RT ANGLE PKG OF 2",095691407733
40775,PKG OF 2 PINS,095691407757
40777,CONNECTOR,095691407771
40780,"SCREW, CHAIN",095691407801
40782,"FITTING, Y",095691407825
40785,PKG OF 5 SCREWS W/WASHER,095691407856
40787,"VALVE, IN-LINE",095691407870
40795,"SCREW, CHAIN S8A",095691407955
40800,"CHAIN, W/SCREW S8A",095691408006
40805,"NUT, SWIVEL BC8A/S8A",095691408051
40810,"NUT, W/HANDLE ASM",095691408105
40818,"SYSTEM, NREEL N85S/CA350 LI",095691408181
40820,"NUT, W/HANDLE",095691408204
40825,"CHAIN, COIL W/EYEBOLT",095691408259
40830,"NUT, EYEBOLT",095691408303
40835,PKG OF 5 SCREWS W/WASHER,095691408358
40838,"RING,SPIRAL PKG OF 2",095691408389
40845,"TRAY, TOOL",095691408457
40848,"COVER, ASSEMBLY LT1000 FRONT",095691408488
40850,"SUPPORT, REAR W/SCREW",095691408501
40855,"SCREW, 1/2 X 3/4 SET",095691408556
40868,"CUTTER, PTEC 5000",095691408686
40880,"PAD, CLAMP SCREW 2A",095691408808
40883,"NUT,HEX PKG OF 4",095691408839
40890,"BASE, ASM 39 VISE",095691408907
40895,"BASE, VISE 40A",095691408952
40900,"YOKE, W/HOOK 40A",095691409003
40905,"BOLT, ASM HINGE 40A",095691409058
40910,PKG OF 5 SCREWS,095691409102
40915,"TRAY, W/LEG",095691409157
40917,"MOTOR, 4182C",095691409171
40920,"YOKE, ASM COMPL 40A",095691409201
40922,"DIEHEAD, 811A NPT",095691409225
40925,"SHOE, JACK SCREW",095691409256
40930,PKG OF 5 WASHERS,095691409300
40932,"DIEHEAD, 815A W/POST",095691409324
40938,"CUTTER, FC-200 2"" ABS",095691409386
40940,PKG OF 5 GROMMETS,095691409409
40942,"PLATE, CAM NPT",095691409423
40943,"ARMATURE, ASM 115V",095691409430
40945,"CHAIN, ASM LEG",095691409454
40948,"ARMATURE, ASM 220V",095691409485
40953,"ARMATURE, ASM 100V",095691409539
40955,"PLATE, WEAR 450/45A",095691409553
40957,"DIEHEAD, 811A W/POST BSPT",095691409577
40965,PKG OF 5 SCREWS W/WASHERS,095691409652
40968,"ASSEMBLY, LCD COVER CA-100",095691409683
40970,"HANDLE, CRANK BC210",095691409706
40973,"ASSEMBLY, LCD MICRO CA-100",095691409737
40975,"RING, FRICTION BC210",095691409751
40978,"CIRCUIT BOARD, MICRO CA-100",095691409782
40980,"SCREW, CHAIN BC210",095691409805
40983,"SET OF, HANDLES MICRO CA-100",095691409836
40987,"GEAR, RING",095691409874
40990,"ROLL, BC210/450",095691409904
40993,"HOLDER, BATTERY MICRO CA-100",095691409935
41000,"HANDLE, W/NUT BC210",095691410009
41005,"CHAIN, LINK BC210",095691410054
41010,"NUT, W/RING BC210",095691410108
41015,"HANDLE, CRANK BC410",095691410153
41020,"JAW, VISE BC410",095691410207
41025,"RING, FRICTION",095691410252
41035,"PIN, ROLL F/VISE",095691410351
41040,"PIN, CHAIN SCREW",095691410405
41050,"HANDLE, W/NUT BC410",095691410504
41055,"CHAIN, LINK BC410",095691410559
41060,"NUT, SWIVEL W/RING",095691410603
41065,"SCREW, LINK CHAIN",095691410658
41073,"KIT, MICRODRAIN RETERM",095691410733
41080,"HANDLE, CRANK BC610",095691410801
41082,"WHEEL, CUTTER",095691410825
41085,"JAW, VISE BC610",095691410856
41090,PKG OF 5 SCREWS W/WASHER,095691410900
41095,"SCREW, VISE CHAIN",095691410955
41100,"RING, FRICTION",095691411006
41105,"ROLL, BC610/BC810",095691411051
41110,"PIN, ROLL BC610/810",095691411105
41115,"PIN, CHAIN SCREW",095691411150
41125,"HANDLE, W/NUT BC610",095691411259
41130,"CHAIN, LINK BC610",095691411303
41135,"NUT, SWIVEL W/RING",095691411358
41140,"JAW, VISE BC810",095691411402
41145,PKG OF 5 SCREWS W/WASHER,095691411457
41155,"CHAIN, LINK BC810",095691411556
41160,"BASE, VISE 640",095691411600
41162,"TOOL, FLARE 377",095691411624
41165,"BASE, VISE 560",095691411655
41177,"TOOL, FLARE 458J",095691411778
41180,"CHAIN, COIL W/SCREW",095691411808
41185,"BASE, W/PIVOT PINS",095691411853
41190,"BASE, W/PIVOT PINS",095691411907
41195,"BASE, W/PIVOT PINS",095691411952
41200,"BRACKET, SLIDE 464",095691412003
41205,"LEVER, CLAMP 464",095691412058
41210,"SCREW, ADJUSTING 464",095691412102
41212,"CABLE, C75 IC 3/4 X 75'",095691412126
41215,"BOLT, HEX 5/8 X 2-3/4",095691412157
41220,"WASHER, FLAT 5/8 STD",095691412201
41225,"BASE, W/PIVOT PINS",095691412256
41235,"SUPPORT, TRAY W/SCREW",095691412355
41240,"TRAY, TOOL",095691412409
41245,"SCREW, 3/8 X 1 SET",095691412454
41255,"LEG, ASM FRONT",095691412553
41265,PKG OF 5 PINS W/WASHERS,095691412652
41270,PKG OF 5 WASHERS,095691412706
41275,"JAW, VISE F/PLASTIC BC210P",095691412751
41280,"JAW, VISE F/PLASTIC BC410P",095691412805
41285,"TOOL, FLARE 375",095691412850
41295,"TOOL, FLARE 454W",095691412959
41300,"TOOL, FLARE 455",095691413000
41312,"WHEEL, CUTTER F158 BLISTER PK",095691413123
41315,"TOOL, FLARE 3/8 HAMMER",095691413154
41317,"WHEEL, CUTTER E3469 BLISTER PK",095691413178
41320,"TOOL, FLARE 1/2 HAMMER",095691413208
41325,"TOOL, FLARE 5/8 HAMMER",095691413253
41326,SERVICE KIT FOR 1442,095691413260
41327,"INSERT, OIL LINE",095691413277
41330,"TOOL, FLARE 3/4 HAMMER",095691413307
41335,"TOOL, FLARE 1"" HAMMER",095691413352
41338,"ASSEMBLY, BEARING",095691413383
41340,"TOOL, FLARE 1-1/4 HAMMER",095691413406
41343,"VAC, WD0671EX 6 GAL 230V",095691413437
41345,"TOOL, FLARE 1-1/2 HAMMER",095691413451
41347,SET OF REAR JAWS,095691413475
41350,"TOOL, FLARE 2"" HAMMER",095691413505
41355,"CASE, FLARING TOOL",095691413550
41360,"YOKE, W/SHAFT",095691413604
41367,"PIN, SPLIT ROLL .187 X 1.38",095691413673
41387,"DIEHEAD, 914 2-1/2-4 BSPT L/DI",095691413871
41395,"BAR, FLARING ASM 454W",095691413956
41398,"KIT, SHAFT MOUNT",095691413987
41400,"BAR, FLARING ASM 375",095691414007
41402,"PIN, SPLIT ROLL .375 X 1.88",095691414021
41403,"SET OF, FRONT & REAR LCD CASES",095691414038
41405,"BAR, FLARING ASM 455",095691414052
41410,"RING, RET EXT .75DIA 5108-75",095691414106
41412,"LEG, ASM SUPPORT",095691414120
41415,"CAP, FLARE TOOL",095691414151
41425,"BEARING, THRUST .757ID X .0781",095691414250
41428,"CABLE, MICRODRAIN PAR. TERM",095691414281
41430,"SHAFT, ASM",095691414304
41435,"YOKE, ASM FLARE TOOL",095691414359
41440,"HANDLE, W/PIN 454",095691414403
41445,"LATCH, W/SPRING",095691414458
41450,PKG OF 5 PINS,095691414502
41455,"PIN, LOCATING",095691414557
41460,"CONE, 45 DEGREE",095691414601
41465,"MANDREL, 37 DEGREE 376",095691414656
41467,"DIEHEAD, ASM 11R 1-1/4 BSPT",095691414670
41470,"BEARING, BALL THRUST",095691414700
41475,"SHAFT, ASM 45 DEGREE",095691414755
41477,"DIEHEAD, 11R 5/8 BEC W/BUSHING",095691414779
41480,"SHAFT, ASM 376",095691414809
41482,"DIEHEAD, 11R 20MM ISO W/BUSHNG",095691414823
41485,"SPRING, COMP .745 OD X 1.12 LG",095691414854
41487,"DIEHEAD, 11R 25MM ISO W/BUSHNG",095691414878
41490,"FEEDSCREW, 376",095691414908
41492,"DIEHEAD, 11R 32MM ISO W/BUSHNG",095691414922
41495,"HANDLE, W/PIN 376",095691414953
41497,"DIEHEAD, 11R 40MM ISO W/BUSHNG",095691414977
41500,PKG OF 5 PINS,095691415004
41502,"SCREW, SET",095691415028
41505,PKG OF 5 PINS,095691415059
41510,"PLUNGER, ASM",095691415103
41512,PKG OF 2 SPIRAL RINGS,095691415127
41515,"SCREW, ASM CLAMP",095691415158
41520,"BEARING, FLARE TOOL",095691415202
41525,"FEEDSCREW, 45 DEGREE",095691415257
41535,"BEARING, THRUST",095691415356
41537,"SPRING, BOOSTER PAIR",095691415370
41540,"CONE, 45 DEGREE",095691415400
41545,PKG OF 5 PINS,095691415455
41550,"BEARING, ROLLER .038 X .038",095691415509
41555,"CONE, 37 DEGREE",095691415554
41557,"BACK, DRUM",095691415578
41575,"OIL, 5 GAL NU-CLEAR THRDNG",095691415752
41577,"BEARING, FLANGE .243ID X.375LG",095691415776
41582,"WASHER, 3/8 SHAKEPROOF",095691415820
41585,"OIL, 55GAL/208L NU-CLEAR THREA",095691415851
41590,"OIL, 1 QT DARK THREADING",095691415905
41592,"WASHER, FLAT #12 .250 ID",095691415929
41597,"SCREW, 12-24 X 3/4 PAN S/T CR",095691415974
41598,"VAC, VT2561 NUT-CAP COMBO",095691415981
41600,"OIL, 5 GAL DARK THREADING",095691416001
41603,"VAC, TURBO BEATER BAR KIT",095691416032
41608,"CUTTER, PTEC 3000 DOMESTIC",095691416087
41610,"OIL, 55 GAL/208L DARK THREAD",095691416100
41620,"GREASE, GEARHEAD 1 LB CAN",095691416209
41623,"ASSEMBLY, NAV 2 ANTENNA MAST",095691416230
41628,"ASSEMBLY, SR-20 ANTENNA MAST",095691416285
41630,"GREASE, GEARHEAD 25LB CAN",095691416308
41633,"CIRCUIT BOARD, SR-20 MAIN",095691416339
41638,"ASSEMBLY, SR-60 ANTENNA MAST",095691416384
41643,"CIRCUIT BOARD, NAV 2 MAIN",095691416438
41648,"CIRCUIT BOARD, SR-60 MAIN",095691416483
41655,"KIT, REPAIR #2 PUMP",095691416551
41660,"PAN, DRIP ASM 318/418",095691416605
41695,PKG OF 5 CLIPS,095691416957
41697,"CABLE, C100 IC 3/4 X 100'",095691416971
41700,PKG OF 5 0-RINGS #2 GUN,095691417008
41703,"CUTTER, FC-150 1-1/2"" ABS",095691417039
41705,"COUPLING, 318",095691417053
41710,PKG OF 5 SPRINGS,095691417107
41715,PKG OF 5 WASHERS,095691417152
41720,PKG OF 5 SPRINGS,095691417206
41730,PKG OF 5 BALLS,095691417305
41733,"BATTERY, 12V HYPER LITHIUM",095691417336
41735,PKG OF 5 STOP WASHERS,095691417350
41738,"BATTERY, 18 V HYPER LI 3AH",095691417381
41740,"SPRING, COMP .750 OD X 3.0 LG",095691417404
41750,ACTUATOR,095691417503
41755,PKG OF 5 SCREWS,095691417558
41760,PKG OF 5 LINKS,095691417602
41762,"BEARING, FLANGE .75ID X .75LG",095691417626
41765,"STRAINER, 318",095691417657
41768,"BLADE, FC REPLACEMENT",095691417688
41773,"SET OF, CABLE LEADS (RED)",095691417732
41775,"HOSE, W/FITTINGS",095691417756
41778,"SET OF, CABLE LEADS (YELLOW)",095691417787
41780,"WASHER, OUTSIDE 318",095691417800
41783,"ASSEMBLY,NANO PUSH CABLE 85FT",095691417831
41790,"WASHER, INSIDE 318",095691417909
41810,"NUT, LOCK OILER",095691418104
41812,PKG OF 2 GIB SCREWS,095691418128
41815,PKG OF 3 0-RINGS,095691418159
41817,"SWITCH, TOGGLE K375/750",095691418173
41818,"ASSEMBLY, TOP COVER DVDPAK2",095691418180
41823,"ASSEMBLY, BOTTOM COVER DVDPAK2",095691418234
41825,"TUBE, EXTENSION 302",095691418258
41830,"SPOUT, OILER 302",095691418302
41833,"CAP, REAR DVDPAK",095691418333
41838,"KIT, SLIP RING CONTACT",095691418388
41843,"HOLE CUTTER, HC300 230V ME",095691418432
41847,"FEEDSCREW, ASM W/BEARING",095691418470
41852,"WHEEL, CUTTER M50",095691418524
41855,300 PD 115V,095691418555
41860,300 PD 230V,095691418609
41862,"RING, RETAINING 1/8 MONO",095691418623
41863,LINK,095691418630
41867,"RING, RETAINING 1/4 MONO",095691418678
41868,LINK,095691418685
41872,"RING, RETAINING 3/8 MONO",095691418722
41873,LINK,095691418739
41877,"RING, RETAINING 1/2 MONO",095691418777
41878,CARRIAGE,095691418784
41882,"RING, RETAINING 3/4 MONO",095691418821
41883,CARRIAGE,095691418838
41887,"RING, RETAINING 1"" MONO",095691418876
41888,CARRIAGE,095691418883
41892,"RING, RETAINING 1-1/4 MONO",095691418920
41893,"HANDLE, FORM 603",095691418937
41897,"RING, RETAINING 1-1/2 MONO",095691418975
41898,"HANDLE, FORM 604",095691418982
41902,"RING, RETAINING 2"" MONO",095691419026
41903,"HANDLE, FORM 605/608M",095691419033
41907,"DIEHEAD, MONO W/POST",095691419071
41908,"HANDLE, FORM 606",095691419088
41912,"DIEHEAD, MONO W/POST",095691419125
41913,"HANDLE, FORM 606M",095691419132
41917,"DIEHEAD, MONO W/POST",095691419170
41918,"HANDLE, FORM 608",095691419187
41922,"DIEHEAD, MONO W/POST",095691419224
41923,"HANDLE, FORM 610M",095691419231
41928,"HANDLE, FORM 612M",095691419286
41933,"HANDLE, CARRIAGE",095691419330
41935,700 PD 115V,095691419354
41937,"GLOVE, RIDGID DRN CLN LEATHER",095691419378
41938,"HANDLE, CARRIAGE",095691419385
41940,700 PD 230V DOMESTIC,095691419408
41943,"HANDLE, CARRIAGE",095691419439
41948,"ROLLER, SET W/ PINS",095691419484
41953,"ROLLER, SET W/ PINS",095691419538
41958,"ROLLER, SET W/ PINS",095691419583
41963,"ROLLER, SET W/ PINS",095691419637
41968,"ROLLER, SET W/ PINS",095691419682
41973,"WASHER, LATCH",095691419736
41977,K750SE DRUM MACHINE,095691419774
41978,"ROLLER, SET W/ PINS",095691419781
41982,K750 DRUM ASM W/3/4 PIGTL,095691419828
41983,"ROLLER, SET W/ PINS",095691419835
41987,"KIT, C75 IC W/TOOLS 3/4 X 75'",095691419873
41988,"ROLLER, SET W/ PINS",095691419880
41992,"KIT, C100 IC W/TOOLS 3/4 X 100",095691419927
41993,"PIN, ROLLER PKG 2",095691419934
41997,"KIT, C27 IC W/TOOLS 5/8 X 75'",095691419972
41998,"PIN, ROLLER PKG 2",095691419989
42002,K750 W/C75,095691420022
42003,"PIN, ROLLER PKG 2",095691420039
42007,K750 W/C100,095691420077
42008,"CAPSCREW, LATCH",095691420084
42012,K750 W/C27,095691420121
42013,"CAPSCREW, LATCH",095691420138
42018,"CAPSCREW, LATCH",095691420183
42023,"CAPSCREW, LINK",095691420237
42027,"KIT, CARRIAGE HANDWHEEL 1224",095691420275
42028,"CAPSCREW, LINK",095691420282
42033,"CAPSCREW, LINK",095691420336
42037,"SCREW, 1/2-13 X 1/2",095691420374
42038,LATCH,095691420381
42043,LATCH,095691420435
42047,"DIEHEAD, MONO 1/8 L/DIES",095691420473
42048,LATCH,095691420480
42052,"DIEHEAD, MONO 1/4 L/DIES",095691420527
42053,"HANDGRIP, PAIR",095691420534
42057,"DIEHEAD, MONO 3/8 L/DIES",095691420572
42058,"HANDGRIP, PAIR",095691420589
42062,"DIEHEAD, MONO 1/2 L/DIES",095691420626
42063,"WASHER, LINK",095691420633
42067,"DIEHEAD, MONO 3/4 L/DIES",095691420671
42068,"WASHER, LINK",095691420688
42072,"DIEHEAD, MONO 1"" L/DIES",095691420725
42073,"WASHER, LINK",095691420732
42077,"DIEHEAD, MONO 1-1/4 L/DIES",095691420770
42078,"WASHER, LATCH",095691420787
42082,"DIEHEAD, MONO 1-1/2 L/DIES",095691420824
42083,"WASHER, LATCH",095691420831
42087,"DIEHEAD, MONO 2"" L/DIES",095691420879
42088,HOOK,095691420886
42092,"YOKE, ASM 377",095691420923
42093,HOOK,095691420930
42098,"PIN, HOOK PKG 2",095691420985
42102,"BAR, FLARING ASM 377",095691421029
42103,"PIN, HOOK PKG 2",095691421036
42108,"PIN, HANDLE PKG 2",095691421081
42113,"PIN, HANDLE PKG 2",095691421135
42118,"SPRING, RELEASE PKG 2",095691421180
42123,"SPRING, RELEASE PKG 2",095691421234
42143,"CIRCUIT BOARD, BATT. PROTECT.",095691421432
42148,"RING, WEAR",095691421487
42153,"TOOL, FLARE 445R RATCHET",095691421531
42158,"CABLE, PUSH MICROREEL SERVICE",095691421586
42163,"CABLE, POWER SPIN",095691421630
42183,"DRUM, NANO REEL W/ELECTRONICS",095691421838
42193,"SPRING, NANO REEL PUSH CABLE",095691421937
42208,"MOTOR, ASM 230V",095691422088
42223,"ASSEMBLY, POWER HEAD",095691422231
42228,"MOTOR, ASM 230V",095691422286
42233,"CORD, ASM 230V",095691422330
42238,"SWITCH, ROCKER",095691422385
42243,"CORD, ASM 230V",095691422439
42245,"BRUSH, FITTING 3/8",095691422453
42250,"BRUSH, FITTING 1/2",095691422507
42255,"BRUSH, FITTING 3/4",095691422552
42260,"BRUSH, FITTING 1""",095691422606
42265,"BRUSH, FITTING 1-1/4",095691422651
42270,"BRUSH, FITTING 1-1/2",095691422705
42275,"BRUSH, FITTING 2""",095691422750
42280,"BRUSH, FITTING 2-1/2",095691422804
42285,"BRUSH, FITTING 3""",095691422859
42288,"ADAPTER, INTERCONNECT CA-300",095691422880
42290,"BRUSH, FITTING 4""",095691422903
42303,"CIRCUIT BOARD, INTERCONNECT",095691423030
42308,"LEG,  VF-99",095691423085
42312,"HOUSING, WHEEL CUTTER",095691423122
42313,"BAR, SUPPORT VF-99",095691423139
42317,"FRAME, 101 CUTTER",095691423177
42318,"PKG OF, 3 PIVOT PIN W/ WASHERS",095691423184
42322,FEEDSCREW,095691423221
42323,"RIG, NANOREEL CROSSCHEK",095691423238
42327,PKG OF 5 RETAINING RINGS,095691423276
42328,"RIG, MICRODRAIN CROSSCHEK",095691423283
42332,"WASHER, THRUST",095691423320
42333,"RIG, MICROREEL CROSSCHEK",095691423337
42337,"KNOB, 101 BLACK",095691423375
42342,PKG OF 5 ROLLER PINS,095691423429
42358,"TRANSPORTER, RM200",095691423580
42360,"STAND, 1206 DOM/EXP",095691423603
42365,"REAMER, 341",095691423658
42370,"CUTTER, PIPE 360",095691423702
42378,"HOLDER, ACCESSORY STORAGE",095691423788
42383,"LID, ASM",095691423832
42385,"KIT, LEVER 312 CARR FEED",095691423856
42388,"WAND, BLOWER",095691423887
42390,"CUTTER, 820",095691423900
42393,"SWIVEL, CORD",095691423931
42398,"LATCH, DRUM",095691423986
42405,"BAR, DRIVE 844",095691424051
42408,"CAGE, FILTER",095691424082
42413,"PAN, DUST",095691424136
42415,"LINK, DRIVE 768",095691424150
42418,"KNOB, CORD WRAP",095691424181
42478,"HANDLE, STRAPLOCK PIPE HANDLE",095691424785
42483,"BRUSH, SET W/HOLDERS 230V",095691424839
42485,"RACK, 4U DIEHEAD",095691424853
42487,"SPACER, 3350",095691424877
42490,"RACK, 6U DIEHEAD",095691424907
42498,"BRUSH, SET W/HOLDERS 230V",095691424983
42503,"BRUSH, SET W/HOLDERS 230V",095691425034
42505,"SUPPORT, PIPE 46",095691425058
42510,"SUPPORT, PIPE 92",095691425102
42513,"OIL, MASTRPACK 162-1G NU-CLEAR",095691425133
42515,"BASE, PIPE SUPPORT",095691425157
42518,"OIL, MASTERPACK 162-1GL DARK",095691425188
42520,"POST, ASM UPPER 92 PIPE SUPPOR",095691425201
42525,"POST, LOWER 92",095691425256
42530,"POST, LOWER 46",095691425300
42535,"BRACKET, POST W/ROLL 46",095691425355
42540,PKG OF 2 SUPPORT ROLLERS,095691425409
42545,"COLLAR, ADJUSTING",095691425454
42550,"RING, SPRING",095691425508
42555,"RING, SPRING",095691425553
42560,PKG OF 5 BALLS,095691425607
42565,"SHAFT, W/CLIPS 92",095691425652
42570,"CLIP, SPRING",095691425706
42575,"TRANSPORTER, 32",095691425751
42580,PKG OF 5 RINGS,095691425805
42585,"WHEEL, TRANSPORTER",095691425850
42590,"AXLE, ASM 32",095691425904
42595,"AXLE, TRANSPORTER 32",095691425959
42600,"ADAPTOR, 770 00R 700",095691426000
42605,"ADAPTOR, 771 0R 700",095691426055
42610,"ADAPTOR, 772 11R 700",095691426109
42615,"ADAPTOR, 773 111R 700",095691426154
42620,"ADAPTOR, 774 SQ DRIVE 700",095691426208
42625,"ARM, SUPPORT 775",095691426253
42642,"PACK, BATTERY 3360",095691426420
42777,"SLEEVE, RUBBER BEARING",095691427779
42778,"GUIDE, SET OF 2 NANOREEL BALL",095691427786
42825,"KIT, 1 SWITCH 700",095691428257
42845,"BODY, ASM 300",095691428455
42863,"HEAD, NANOREEL NTSC CAMERA",095691428639
42868,"HEAD, NANOREEL PAL CAMERA",095691428684
42870,"BASE, 1206 STAND",095691428707
42873,"VAC, 6 GALLON 230 VOLTS",095691428738
42875,"HOUSING, MOTOR GEAR",095691428752
42878,"CUTTER, SOIL PIPE, 238-P",095691428783
42945,"BASE, TORQUE ARM 775",095691429452
42950,"CASE, METAL 700",095691429506
42953,"SET OF, MICROREEL CABLE CLAMPS",095691429537
42956,"DISCS,F/METAL PKG. OF 10",095691429568
42968,"SCREW, PKG OF 4 #6-32 X 5/8""",095691429681
42970,"GEARCASE, W/BEARING",095691429704
42973,"ROPE, 3/16 X 100FT",095691429735
42978,"PKG OF, 2 PULL RODS",095691429780
42983,"GUIDE, MICROREEL CAMERA",095691429834
42988,"GUIDE, MICRODRAIN CAMERA",095691429889
42990,"TRAY, W/LEG",095691429902
42993,"GUIDE, NANOREEL CAMERA",095691429933
43008,"CONE, NANOREEL VIEWING",095691430083
43013,"ADAPTER, 37 DEGREE",095691430137
43017,"BEARING, BALL .315ID X .276LG",095691430175
43023,"HOUSING, OUTER",095691430236
43028,"SHAFT, INNER",095691430281
43033,FEEDSCREW,095691430335
43038,KNOB,095691430380
43040,"FRAME, CUTTER 535",095691430403
43043,"WASHER, THRUST",095691430434
43048,"WASHER, BRONZE",095691430489
43053,"WASHER, SPLIT",095691430533
43058,"NOSEPIECE, 238-P",095691430588
43063,"HANDLE, SIDE 238-P",095691430632
43068,"CHAIN, ASM 238-P",095691430687
43073,"LABEL, WARNING 238-P",095691430731
43078,"PKG OF, 2 SCREWS 5/8 - 18 X 1""",095691430786
43083,"RECORDER, DVD SONY TYPE 2",095691430830
43093,"ASM, BOTTOM CASE SR-60",095691430939
43098,"ASM, TOP CASE SR-60",095691430984
43105,"SHAFT, DRIVE 535",095691431059
43113,"KIT, RETERMINATION RM 200",095691431134
43118,"KIT, SWIVEL REPAIR GEN 2",095691431189
43128,"DRUM, MREEL W/ELEC L/CTR",095691431288
43160,"HOUSING, ASM MOTOR",095691431608
43163,"RING, RETAINING PKG OF 5",095691431639
43165,"HOUSING, ASM FAN",095691431653
43168,"PKG OF, ROLLER PINS (4)",095691431684
43170,"HOUSING, GEAR",095691431707
43173,"ROLLER, PKG OF 4",095691431738
43188,"HOUSING, BACK 1/2-1 MPRESS",095691431882
43190,"COVER, 535",095691431905
43193,"HOUSING, FRONT 1/2-1 MPRESS",095691431936
43198,"HOUSING, BACK 1-1/4-2 MPRESS",095691431981
43203,"ARBOR, 1/2-1 MPRESS",095691432032
43208,"ARBOR, 1-1/4-2",095691432087
43213,PKG OF SCREWS & NUTS (4),095691432131
43218,"WASHER, 1/2-1 MPRESS",095691432186
43223,"WASHER, 1-1/4-2 MPRESS",095691432230
43227,"SCREW, 1/4-20 X 2-1/2",095691432278
43228,"STRIP, BACKING MPRESS",095691432285
43230,"ARM, REAMER 341",095691432308
43232,"HOUSING, FAN",095691432322
43237,"GEAR, 1ST INTERMEDIATE",095691432377
43242,"BEARING, ROLLER .3765ID X.500L",095691432421
43245,"HOUSING, ROLL 820",095691432452
43247,"BEARING, ROLLER .314 ID X.438L",095691432476
43248,"KIT, RP 340-B+V15-22-28 LI",095691432483
43252,"GEAR, 2ND INTERMEDIATE",095691432520
43255,"BAR, ADAPTOR LH",095691432551
43257,"BEARING, ROLLER .564 ID X .5 L",095691432575
43260,"BAR, ADAPTOR RH",095691432605
43262,"GEAR, 3RD REDUCTION",095691432629
43265,SET OF ADAPTOR BARS,095691432650
43267,"HOUSING, GEAR 690PD W/2 PINS",095691432674
43272,"FACE GEAR, 690PD",095691432728
43277,"BEARING, RING F/690 P/D",095691432773
43282,"RING, RET INT 6.25DIA IN600",095691432827
43287,"CAP, FACEGEAR 690 PD",095691432872
43290,"PLATE, CAM 1-1/2 MONO",095691432902
43292,"ARM,SUPPORT ASM F/690 PD",095691432926
43295,"PLATE, CAM 1"" MONO",095691432957
43300,"PLATE, CAM 1/2 MONO",095691433008
43302,"SCREW, ASM",095691433022
43305,"PLATE, CAM 1/8 MONO",095691433053
43317,"PKG OF 5 SCREWS ""F"" PAN HD",095691433176
43328,"BATTERY, 18V 4.0AH WORLD+LIO",095691433282
43335,"HOUSING, ASM FAN 700",095691433350
43345,"COVER, 700",095691433459
43348,"KIT, RP 340-B NO JAWS+LIO",095691433480
43352,PKG OF 3 SCREWS TOP,095691433527
43355,"TRAY, CHIP",095691433558
43357,PKG OF 6 FLAT WASHERS #1,095691433572
43360,"PLATE, CAM UNIVERSAL",095691433602
43362,"CLIP, 'U' - NUT",095691433626
43365,"PLATE, CAM 514/515",095691433657
43367,PKG OF 6 SCREWS SELF TAP,095691433671
43372,"HOUSING, SPINDLE",095691433725
43377,PKG OF 6 JAW INSERTS PCP,095691433770
43378,"CASE, RP340B/C CARRYING",095691433787
43387,SET OF CENTERING LINKS,095691433879
43390,"LINER, SWITCH 700",095691433909
43392,"SPACER, FRONT JAW",095691433923
43395,"FACEGEAR, ASM 700",095691433954
43400,"ARM, ASM 312 LEVER",095691434005
43402,"PIN, GROOVE .250 DIA X 1.00 LG",095691434029
43405,"PLATE, CAM 1/4-1",095691434050
43407,SET OF REAR PICKUP FINGERS,095691434074
43410,"PLATE, CAM 1-1/8-2",095691434104
43420,HANDWHEEL,095691434203
43435,"CAP, CHUCK",095691434357
43437,"PLATE, WARNING UNIV",095691434371
43440,"CAP, CHUCK 6 HOLES",095691434401
43450,"SCROLL, CHUCK",095691434500
43455,"BRACKET, FRONT BEARING",095691434555
43460,"GEAR, LARGE 100T",095691434609
43463,"KIT, 700 PD 230V 1/2-2 NPT BR",095691434630
43475,"TRAY, TOOL SILVER 1206",095691434753
43480,"BACKPLATE, CENTERING",095691434807
43493,"ASSEMBLY, FRONT BEARING",095691434937
43498,"ASSEMBLY, REAR BEARING",095691434982
43507,K1500SP-B 115V 60HZ,095691435071
43512,K1500SP 220/240V 50/60HZ EXPRT,012078038690
43525,"CAP, CHUCK",095691435255
43540,"SCROLL, CHUCK",095691435408
43542,"RETAINER, NUT REAR",095691435422
43552,"TIE, CABLE",095691435521
43573,"REAMER, 127 STAINLESS STEEL",095691435736
43595,"FRAME, 360 CUTTER",095691435958
43625,"HANDLE, FEEDSCREW 360",095691436252
43637,K750 DRUM ASM W/5/8 PIGTL,095691436375
43642,"AUTOFEED, A75",095691436429
43647,"CABLE, C24",095691436474
43668,"ASM, CYLINDER HEAD SUB 200-B",095691436689
43673,"ASM, PUMP HOUSING SUB 200-B",095691436733
43676,1460E CONTROL BLOCK 60BAR,095691436764
43678,"WEDGE, PLASTIC",095691436788
43682,PKG OF 2 ROLLS,095691436825
43683,"SCREW, SHOULDER",095691436832
43687,"RETAINER, NUT FRONT",095691436870
43688,"SLEEVE,",095691436887
43690,"ARM, CUTTER",095691436900
43692,"SHIELD, SPLASH",095691436924
43693,"HOUSING, PUMP",095691436931
43698,SEAL,095691436986
43702,BODY,095691437020
43710,"RING, PRESSURE",095691437105
43712,"GUARD, INSIDE",095691437129
43713,"HOLDER, BEARING",095691437136
43715,"SCREW, VISE",095691437150
43717,LABEL,095691437174
43718,O-RING,095691437181
43722,"V-BELT, CABLE",095691437228
43723,"RESERVOIR, BLADDER",095691437235
43727,"PULLEY, CABLE",095691437273
43728,CLAMP,095691437280
43733,"HEAD, CYLINDER",095691437334
43735,"HEAD, CENTERING",095691437358
43738,"RING, SCRAPER",095691437389
43740,"BACKPLATE, CENTERING",095691437402
43743,SPRING,095691437433
43748,"PIN, JAW MOUNTING PIN",095691437488
43750,"SCROLL, CENTERING",095691437501
43752,"HANDLE, ASM  K-1500G",095691437525
43757,PKG OF 5 HEX HD SCREWS,095691437570
43758,"VALVE, RELIEF",095691437587
43762,"BRACKET, MOUNTING",095691437624
43763,"ASSEMBLY, PISTON PUMP",095691437631
43773,"ASSEMBLY, RP 200-B SUB",095691437730
43778,"SET, 200-B HOUSING",095691437785
43787,"STABILIZER, ASM",095691437877
43788,LIGHT,095691437884
43790,"BAR, REAMER 341",095691437907
43792,"SPACER, AXLE",095691437921
43793,"BOARD, POWER AND LED CIRCUIT",095691437938
43795,"BRACKET, MOTOR",095691437952
43796,"BRACKET, REAR STAND 250",095691437969
43798,TRIGGER,095691437983
43806,"BRACKET, FRONT 250",095691438065
43808,SPRING,095691438089
43812,"SPRING, EXTENSION",095691438126
43813,COVER,095691438133
43816,"PIN, LATCH 250",095691438164
43817,"BASE, ASM",095691438171
43818,"NAMEPLATE, RP-200B",095691438188
43822,"BRACKET, SUPPORT",095691438225
43823,"LATCH, NYLON",095691438232
43826,"PIN, ROLL 250",095691438263
43827,"NUT, HEX 1""-8",095691438270
43828,"DECAL, ""RP 200-B""",095691438287
43830,"LEVER, THROWOUT",095691438300
43832,"PULLEY, TRANSMISSION",095691438324
43833,"DECAL, ""COMPACT""",095691438331
43836,"BOLT, 250",095691438362
43837,"AXLE, FRONT",095691438379
43838,"DECAL, ""ERROR CODE""",095691438386
43842,"AXLE, REAR",095691438423
43843,"DECAL, ""WARNING""",095691438430
43846,"WHEEL, 250",095691438461
43847,PKG OF 5 HEX SCREWS,095691438478
43852,"SPACER, TRANSMISSION",095691438522
43853,"CRIMP TOOL, 1/2"" CLOSE QTR PEX",095691438539
43856,"RING, RETAINING 250",095691438560
43857,"SPRING, COMP .180 OD X 1.12 LG",095691438577
43858,"CRIMP TOOL, 3/4"" CLOSE QTR PEX",095691438584
43863,"ASSEMBLY, RM200 PUSH CABLE",095691438638
43866,"LEG, OUTER 250",095691438669
43867,"BRACKET, MOTOR",095691438676
43868,"BODY, CA-300 L/BATT",095691438683
43873,"MAINTENANCE, KIT RP-200B",095691438737
43883,"RIG, RM200 CROSSCHEK",095691438836
43886,"WASHER, 250",095691438867
43887,"IDLER, ASM T6",095691438874
43888,"SHELL, REAR SPRING RM200",095691438881
43890,"TOOL, CUTOFF 821",095691438904
43895,"PLATE, PRESSURE",095691438959
43896,"NUT, STOP 250",095691438966
43897,"SCREW, CHUCK T4567",095691438973
43900,SET OF CHUCK JAWS,095691439000
43902,"FRAME, ASM",095691439024
43906,"LEG, INNER 250",095691439062
43907,NAMEPLATE,095691439079
43912,STABILIZER,095691439123
43916,"DECAL, WARNING 250",095691439161
43917,"SPRING, TORSION .94 OD",095691439178
43922,"SPRING, TORSION .94 OD",095691439222
43926,"SPRING, COMPRESSION 250",095691439260
43927,STAIRCLIMBER,095691439277
43932,"SCREW, 10-32 X 3/4 PAN SLF TAP",095691439321
43936,"WHEEL, WASHER 250",095691439369
43937,"SCREW, 1/2-13 X 5 HEX HD",095691439376
43942,"WASHER, LOCK 1/2",095691439420
43946,"PIN, EAR 250",095691439468
43947,PKG OF 2 LOCK NUT 3/8,095691439475
43952,HANDLE,095691439529
43962,PKG OF 4 SCREWS 10-24 X 1/2,095691439628
43967,"BRACKET, GUARD",095691439673
43972,"BOLT, CARRIAGE",095691439727
43982,"PULLEY, MOTOR",095691439826
43987,"MOUNT, ASM MOTOR",095691439871
43992,"SCREW, 3/8-16 X 2",095691439925
43997,"BELT, DRIVE",095691439970
44002,"SHAFT, DRUM",095691440020
44007,"WASHER, THRUST",095691440075
44010,"ARMATURE, ASM 115V",095691440105
44012,PKG OF 6 SCREWS,095691440129
44015,"FIELD, 100/115V 300/535",095691440150
44017,"HUB, SUPPORT",095691440174
44022,"BEARING, SPINDLE",095691440228
44027,"GUARD, BELT K750",095691440273
44030,"ARMATURE, 230V",095691440303
44032,"DRUM, CABLE K750",095691440327
44033,"ASSEMBLY, DVDPAK 2 DOOR",095691440334
44035,"FIELD, 230V",095691440358
44037,"TUBE, GUIDE",095691440372
44038,"ACCESSORIES, RM200 - STOW BINS",095691440389
44042,"WASHER, FLAT 5/8",095691440426
44045,"LINECORD, W/PLUG 230V",095691440457
44047,"WASHER, LOCK INTERNAL 5/8""",095691440471
44052,"SCREW, 1/4-20 X 5/8 SHC",095691440525
44055,"ARMATURE, 115V",095691440556
44057,"NUT, HEX 5/8-18",095691440570
44060,BEARING,095691440600
44062,"HOLDER, ROLLER MOVEABLE",095691440624
44067,"HOUSING, AUTOFEED",095691440679
44070,"FIELD, 115V",095691440709
44072,"FOOTSWITCH, ASM",095691440723
44082,"PIN, ACTUATOR",095691440822
44090,SET OF CHUCK JAWS,095691440907
44092,"CAM, ROLLER HOLDER",095691440921
44095,"SCROLL, CENTERING 300",095691440952
44097,"SPRING, TORSION .57 OD",095691440976
44100,"SHAFT, DRIVE 300",095691441003
44102,"RETAINER, BOLT",095691441027
44107,"ACTUATOR, FEED",095691441072
44110,"SWITCHBOX, 300",095691441102
44112,"RING, RETAINING",095691441126
44117,"PIGTAIL, 3/4 X 6 IC DRUM",095691441171
44122,"PIGTAIL, 5/8 X 4.5' DRUM",095691441225
44165,"CENTERING ASM, 300",095691441652
44180,"SCREW, 8-32 X 3/16 RH",095691441805
44185,"WHEEL, CUTTER E1032",095691441850
44190,"WHEEL, CUTTER E1032S F/SS",095691441904
44202,K750 230V EXP MACH ONLY,095691442024
44212,K750 230V EXP W/3/4 X 100',095691442123
44215,"BOLT, W/NUT F/CABINET",095691442154
44217,K750 230V EXP W/5/8 X 75',095691442178
44220,PKG OF 5 SCREWS,095691442208
44225,PKG OF 5 NUTS,095691442253
44230,PKG OF 5 WASHERS,095691442307
44232,"GEARHEAD, ASM 12T",095691442321
44235,"SCREW, LOCK W/PIN",095691442352
44237,"GEARHEAD, ASM 108 RPM",095691442376
44240,BUSHING,095691442406
44245,"WASHER, THRUST",095691442451
44247,"HANDLE, LEFT 266",095691442475
44250,"NUT, HEX 815A DH",095691442505
44252,"STUB, LEFT 266",095691442529
44255,"RING, RET EXT .50DIA",095691442550
44257,"CHEEK, RIGHT 266",095691442574
44260,"LEVER, CLAMP",095691442604
44262,"STUB, LEFT 266",095691442628
44265,"LINK, THROWOUT",095691442659
44267,"BLOCK, ADJUSTING 266",095691442673
44270,PKG OF 5 PINS,095691442703
44275,"PLUNGER, THROWOUT",095691442758
44282,"NUT, LOCK ADJ. SCREW 266",095691442826
44285,"TRIGGER, ASM",095691442857
44290,"SCREW, PILOT",095691442901
44302,"BOLT, SHOULDER 266",095691443021
44305,PKG OF 3 CAPS,095691443052
44307,"BOLT, CONNECTING 266",095691443076
44310,PKG OF 3 SPRINGS,095691443106
44312,"BOLT, SHOULDER 266 JAWS",095691443120
44315,PKG OF 3 WEDGES,095691443151
44317,"NUT, LOCK 266",095691443175
44320,PKG OF 3 PLUNGERS,095691443205
44325,PKG OF 3 SPRINGS,095691443250
44327,"WASHER, 266",095691443274
44330,PKG OF 3 PLUGS,095691443304
44340,"PLUG, OIL SHUT OFF",095691443403
44345,"SHAFT, IDLER GEAR",095691443458
44350,"GEAR, IDLER",095691443502
44355,"HANDLE, BENDER 805",095691443557
44360,"JAW, SET REAR CENTER",095691443601
44400,PKG OF 3 WEDGES,095691444004
44410,PKG OF 3 PLUNGERS,095691444103
44420,PKG OF 5 PLUGS,095691444202
44425,"BAR, ASM SUPPORT",095691444257
44430,"RING, RET EXT .67DIA",095691444301
44445,"WASHER, GATE VALVE",095691444455
44453,"LCD, MONITOR 12.1""",095691444530
44455,"SCREW, 5/16-18 X 3/8 SET",095691444554
44458,"CIRCUIT BOARD, BATT. PROTEC.",095691444585
44460,"O-RING, .25 ID X .06 THK",095691444608
44463,"CIRCUIT BOARD, BATT. PROTEC.",095691444639
44468,"ADAPTER, 18V AC NA",095691444684
44470,PKG OF 4 O-RINGS,095691444707
44490,PKG OF 3 PLUGS,095691444905
44495,"SPOUT, OIL",095691444950
44505,"SWITCH, FOR/OFF/REV 300PD",095691445056
44510,PKG OF 5 SCREWS,095691445100
44513,"ASSEMBLY, CA-300 BATT DOOR",095691445131
44518,"ASSEMBLY, CA-300 PCB",095691445186
44523,"PACKAGE, SCREWS 6 PA3, 0X12",095691445230
44525,"RING, SPRING",095691445254
44527,"GEAR, RING INTERNAL",095691445278
44528,"CONNECTOR, IMAGER CABLE",095691445285
44533,"ASSEMBLY, CA-300 BATTERY PCB",095691445339
44538,"KEYPAD, CA-300",095691445384
44540,"BRUSH, ASM 144-1",095691445407
44543,"ASSEMBLY, CA-300 LCD SCREEN",095691445438
44545,PKG OF 2 CAPS,095691445452
44548,"ASSEMBLY, CA-300 TOP COVER",095691445483
44552,"TUBE, SPINDLE CAST",095691445520
44553,"WINDOW, CA-300 DISPLAY",095691445537
44555,PKG OF 2 SCREWS,095691445551
44557,PKG OF 3 INSERT SCREWS,095691445575
44558,"KIT, CA-300 PORT COVER",095691445582
44560,PKG OF 5 RINGS,095691445605
44563,"ASSEMBLY, CA-300HANDLES WGASK",095691445636
44565,"BEARING, BALL .6693 X .4724",095691445650
44567,"ADAPTOR, 3/8-24 M-F",095691445674
44580,"SPRING, LOADING 157-1",095691445803
44590,PKG OF 5 SCREWS,095691445902
44610,"BELT, DRIVE 200",095691446107
44612,PKG OF 2 BEARINGS,095691446121
44617,"HANDLE, FORM",095691446176
44625,"BEARING, BALL .4724ID X .3937",095691446251
44633,"COVER, SWITCH",095691446336
44635,PKG OF 5 WIRE NUTS,095691446350
44638,"SWITCH, TOGGLE",095691446381
44640,"PIN, DOWEL .250 DIA X .75 LG",095691446404
44643,"ASSEMBLY,  CORD 120V",095691446343
44645,"O-RING, .69 ID X .09 THK",095691446459
44648,"SWITCH, ROCKER",095691446480
44650,PKG OF 4 O-RINGS,095691446503
44653,"ASSEMBLY, CORD 120V",095691446534
44658,"ASSEMBLY, MOTOR 230V",095691446589
44662,"PIN, SPLIT ROLL .188 X .75",095691446626
44663,"ASSEMBLY, MOTOR 120V",095691446633
44668,"ASSEMBLY, CORD 120V",095691446688
44672,"FOOT, FIXED RELEASE",095691446725
44673,"HOUSING, SWITCH",095691446732
44688,"O-RING, PKG OF 4",095691446886
44695,PKG OF 5 NUTS,095691446954
44700,PKG OF 5 SPRINGS,095691447005
44702,"MOTOR, 220V/240V 50HZ",095691447029
44705,PKG OF 5 PINS,095691447050
44715,"INSERT, SET JAW",095691447159
44720,"RING, OCTAGON",095691447203
44725,"RING, RETAINING",095691447258
44735,"SCREWS, PKG OF 5",095691447357
44740,PKG OF 5 WASHERS,095691447401
44745,PKG OF 4 NUTS,095691447456
44755,PKG OF 4 INSULATORS,095691447555
44760,"BEARING, BALL .3937ID X .3543L",095691447609
44765,"SCREW, FIELD LOCKING",095691447654
44785,PKG OF 4 BOLTS,095691447852
44790,"SPRING, LOAD",095691447906
44795,PKG OF 2 BRUSH HOLDERS,095691447951
44805,"WIRE, LEAD BLUE",095691448057
44815,SET OF MOTOR BRUSHES,095691448156
44820,"GEAR, ASM 1ST INTERMEDIATE",095691448200
44825,"GEAR, ASM 2ND INTERMEDIATE",095691448255
44830,"GEAR, ASM 3RD INTERMEDIATE",095691448309
44837,"NUT, HEX 7/8-14 STD",095691448378
44850,PKG OF 5 PINS,095691448507
44852,"TRI-BENDER, 456",095691448521
44858,"JAW, VISE 21A",095691448583
44860,"RING, RET EXT 1.00DIA",095691448606
44865,"GEAR, 43T 54-72-102",095691448651
44872,"RETAINER, DRUM K375",095691448729
44877,"WIRE, LEAD BLACK K375",095691448774
44880,"WIRE, LEAD BLUE BRUSH 700",095691448804
44882,"WIRE, JUMPER BLACK K375",095691448828
44885,"WIRE, LEAD WHITE MOTOR",095691448859
44890,PKG OF 4 JUMPER WIRES,095691448903
44900,"GEAR, ASM MAIN DRIVE",095691449009
44905,"SWITCH, TOGGLE W/FEMALE SPADES",095691449054
44910,PKG OF 2 PAWLS,095691449108
44913,"ASSEMBLY, 600-I 115V W/CASE",095691449139
44915,PKG OF 4 SPRINGS,095691449153
44918,"ASSEMBLY, 600-I 115V COMPLETE",095691449184
44920,"BEARING, ASM THRUST",095691449207
44923,"ASSEMBLY, 690-I 115V CMPLT USA",095691449238
44925,PKG OF 5 PINS,095691449252
44928,"ASSEMBLY, 690-I 115V ONLY USA",095691449283
44930,PKG OF 3 E2398 STOP SCREW,095691449306
44933,"ASSEMBLY, 690-I 230V BSPT1/2-2",095691449337
44960,"PINION, MAIN DRIVE 10T",095691449603
44962,"WIRE, LEAD ASM SWITCH BLACK",095691449627
44965,"GEAR, MAIN DRIVE 111",095691449658
44967,"WIRE, LEAD ASM SWITCH RED",095691449672
44980,"GEAR, ASM 1ST INTERMEDIATE",095691449801
44985,"GEAR, ASM 1ST INTERMEDIATE",095691449856
44987,"WIRE, LEAD ASM SWITCH YELLOW",095691449870
44990,"GEAR, ASM 2ND INTERMEDIATE",095691449900
44992,"GUIDE, SET BEVEL TOOL 1224",095691449924
44995,"GEAR, ASM 2ND INTERMEDIATE",095691449955
44997,"BIT, BEVEL 37-1/2 DEG 1224",095691449979
45000R,"GEAR, ASM 2ND INTERMEDIATE",095691450005
45002,"BIT, BEVEL 45 DEG 1224",095691450029
45005,"GEAR, ASM 2ND INTERMEDIATE",095691450050
45007,916 ROLL GROOVER,095691450074
45010,"NUT, LOCK W/SEAL",095691450104
45015,"KEY, SQ 5/32 X 5/8",095691450159
45020,"PIN, GROOVE .125 DIA X .380 LG",095691450203
45025,PKG OF 2 HOLDERS,095691450258
45027,"LINECORD, U.K.",095691450272
45032,"CLIP, 'U' - NUT",095691450326
45035,"WASHER, FLAT .390 ID",095691450357
45040,"BEARING, ROLLER SE",095691450401
45045,"SPACER, BEARING",095691450456
45050,PKG OF 2 ROLL PINS,095691450500
45052,"MOTOR, 220V/240V 50HZ",095691450524
45055,INSERT,095691450555
45060,"BEARING, 122-1",095691450609
45075,PKG OF 5 SCREWS,095691450753
45085,"SEAL, OIL 118/118-1",095691450852
45112,"HOUSING, ROLL UPPER 916",095691451125
45117,"SHAFT, DRIVE LINK 916",095691451170
45122,"SHAFT, DRIVE 916",095691451224
45127,"ROLL, GROOVE",095691451279
45130,"WIRE, LEAD WHITE",095691451309
45132,"SHAFT, GROOVE ROLL 916",095691451323
45135,"WIRE, LEAD RED",095691451354
45137,"HANDLE, GROOVER 916",095691451378
45142,"BEARING, CAGED ROLLER 916",095691451422
45147,"BEARING, BALL DOUBLE ROLL 916",095691451477
45150,"WASHER, PKG OF 5",095691451507
45152,"RING, RET EXT 1.19DIA 5100-118",095691451521
45157,"SEAL, FRONT 916",095691451576
45160,PKG OF 6 SCREWS,095691451606
45162,"RING, RETAINING 916",095691451620
45165,PKG OF 5 PINS,095691451651
45167,"BEARING, ROLLER HD CAGED 916",095691451675
45172,"BEARING, DRIVE LINK 916",095691451729
45178,"POWER DRIVE,700 115 1/2""-2""NPT",095691451781
45180,PKG OF 5 WASHERS,095691451804
45182,"PIN, DRIVE 916",095691451828
45187,"SCREW, SOCKET HD SET 916",095691451873
45192,PKG OF 5 SCREWS,095691451927
45195,"PLATE, OIL DRIP",095691451958
45197,"RING, RET EXT .31DIA 5103-31",095691451972
45202,"PLATE, RETAINING 916",095691452023
45203,"CABLE, USB PATCH",095691452030
45207R,"SCREW, 10-32 X 1/2 HEX HD",095691452078
45208,"SET, MOUNT BRACKET LT1000",095691452085
45210,"PIN, SPLIT ROLL .188 X 1.75",095691452108
45215,"GUARD, SPRING 805",095691452153
45217,"SCREW, 10 X 1/2 TYPE F",095691452177
45218R,CAP,095691452184
45220R,"BAR, REAR SUPPORT",095691452207
45223,"PISTON, SUBASSEMBLY",095691452238
45227,PULLEY,095691452276
45228R,"SCREW, M8X25",095691452283
45232,"LABEL, MODEL & RIDGID",095691452320
45233,"SCREW, M8X20",095691452337
45237R,"MOTOR, 1 HP",095691452375
45238,"HOUSING, UPPER",095691452382
45243,"SCREW, M8X20",095691452436
45247,"HOUSING, MAIN BEARING W/BUSHNG",095691452474
45248,"NUT, LOCK",095691452481
45252,"WASHER, LOCK 5/16 C'SINK",095691452528
45253,"RING, SAFETY",095691452535
45257,GASKET,095691452573
45258,"HANDLE, CARRYING",095691452580
45260,PKG OF 5 PINS,095691452603
45262,SWITCHBOX,095691452627
45263,"BEARING, BALL",095691452634
45265,PKG OF 3 SCREWS,095691452658
45267,"GASKET, COVER",095691452672
45268R,"CONE, ECCENTRIC",095691452689
45270,"BEARING, FRONT 300",095691452702
45272R,"PLATE, COVER",095691452726
45275,PKG OF 5 SCREWS,095691452757
45280,PKG OF 5 SCREWS,095691452801
45282R,"DECAL, WARNING",095691452825
45285,PKG OF 3 SPRINGS,095691452856
45287,"SCREW, 1/2-13 X 2 HEX HD",095691452870
45295,PKG OF 6 SCREWS,095691452955
45303,O-RING,095691453037
45307,K1500A SP 110V W/C11,095691453075
45308,CONE,095691453082
45313R,"PIN, NOTCH",095691453136
45315,"BEARING, BALL .9843 ID X .5906",095691453150
45317,K-1500-SP,095691453174
45318,"CONTACTOR, 115V",095691453181
45323,"CONTACTOR, 230V,400V",095691453235
45325,"LEG, FRONT 1206",095691453259
45328,"BOX, ELECTRIC",095691453280
45330,"LEG, ASM REAR 1206",095691453303
45332,"PLATE, ASM GAUGE",095691453327
45333R,"CIRCUIT BREAKER,230V",095691453334
45335R,"BEARING, SLEEVE 2.75ID X 1.50L",095691453358
45337,"BRACE, 1406 STAND",095691453372
45338R,"CIRCUIT BREAKER, 115V",095691453389
45340R,PKG OF 5 SCREWS,095691453402
45343R,"SWITCH, 1PHASE",095691453433
45345,"RING, THRUST",095691453457
45347,"SET OF ROLLS F/1"" PIPE",095691453471
45352,SET OF ROLLS F/COPPER TUBING,095691453525
45353,"SWITCH, MOMENTARY",095691453532
45358,"ACCESSORIES, MICRO CA 6MM",095691453587
45360,"CONNECTOR, STRAIGHT",095691453600
45363,"ADAPTER, 115V AC DIAGNOSTICS",095691453631
45365,"WASHER, 805",095691453655
45368,"ADAPTER, 230V AC DIAGNOSTICS",095691453686
45370,"GEAR, ASM MAIN DRIVE",095691453709
45375R,"GEAR, ASM MAIN DRIVE",095691453754
45382R,"SPRING, COMP .420 OD X 2.50 LG",095691453822
45383,"O-RING, PKG OF 4",095691453839
45385,"NUT, WING",095691453853
45388,"NUT, PUSH RM200",095691453884
45393,"ASSEMBLY, SUNHOOD DVDPAK",095691453938
45397,"SHAFT, ASM DRIVE 916",095691453976
45402,"SPRING, COMP .750 OD X .70 LG",095691454027
45403,"LABEL, ANT. BALL (SR60)",095691454034
45405,"SCREW, SWITCH MOUNT",095691454058
45407,"NUT, HANDLE K750",095691454072
45412,"BEARING, ASM THRUST K750",095691454126
45417,"HOLDER, ROLLER",095691454171
45420,PKG OF 5 SCREWS,095691454201
45430,"PINION, RACK",095691454300
45435,"PIN, RETAINING 360",095691454355
45438,"HEAD, RM200 NTSC SL CAMERA",095691454386
45440,"POST, SUPPORT W/PLUG",095691454409
45442,"O-RING, 4.00 ID X .06 THK",095691454423
45443,"HEAD, RM200 PAL SL CAMERA",095691454430
45447,"O-RING, 4.50 ID X .06 THK",095691454478
45448,"GRIP, HAND PEX",095691454485
45453,"KIT, CQ ECCENTRIC JAW PIVOT",095691454539
45458,"PACK, 1/2"" GAUGE AND SPRING",095691454584
45463,"PACK, 3/4"" GAUGE AND SPRING",095691454638
45468,"KIT, RETAINING RING REPAIR",095691454683
45470R,PKG OF 5 BOLTS,095691454706
45475,PKG OF 5 PINS,095691454751
45498,"PKG OF, 6 SCREWS",095691454980
45500R,"SCREW, 1/2 X 1-1/4 CAP",095691455000
45505R,"ARM, SUPPORT 360",095691455055
45508,"PKG OF, 4 WASHERS",095691455086
45513,"WASHER, BEARING",095691455130
45515,"BOLT, STOP 311",095691455154
45518,"SPACER, BEARING",095691455185
45520,"PIN, HINGE 360",095691455208
45523,SPRING RING,095691455239
45525,PKG OF 5 SCREWS,095691455253
45528,"BEARING, ARMATURE PINION",095691455284
45530,"SPRING, COMP .531 OD X .66 LG",095691455307
45533,"ARMATURE, ASM 115V",095691455338
45535,"HOOK, W/LEVER 1452",095691455352
45538,"ARMATURE, ASM 230V",095691455383
45540,"HOOK, TOP 1452",095691455406
45543,"SHROUD, DUST",095691455437
45545,"HOOK, SIDE 1452",095691455451
45548,"BEARING, ARMATURE",095691455482
45553R,"SLEEVE, BEARING",095691455536
45557,"SHAFT, DRIVE W/BEARING",095691455574
45558,"SHROUD, FAN",095691455581
45562,"ROLL, GROOVE W/BEARING",095691455628
45563,"FIELD, 115V",095691455635
45568,"FIELD, 220V/230V",095691455680
45572,"SHAFT, DRIVE W/BEARING",095691455727
45573,"PKG OF, 2 SCREWS",095691455734
45577,"ROLL, GROOVE W/BEARING",095691455772
45578,"HOUSING, MOTOR",095691455789
45583,"PKG OF, 2 BRUSH HOLDERS 230V",095691455833
45587,"ROLL, GROOVE W/BEARING",095691455871
45588,"PKG OF, 2 BRUSHES 230V",095691455888
45593,"PKG OF, 2 BRUSHES 115V",095691455932
45598,"PKG OF, 2 BRUSH CAPS",095691455987
45603,"HANDLE, LEFT",095691456038
45608,"SWITCH, FOR/REV",095691456083
45613,"SLIDE, SWITCH",095691456137
45615,PKG OF 5 SCREWS,095691456151
45623,"SWITCH, ON/OFF TRIGGER",095691456236
45628,"PKG OF, 2 SCREWS",095691456281
45633,"HANDLE, RIGHT",095691456335
45638,"PKG OF, 3 SCREWS",095691456380
45643,"PKG OF, 2 SCREWS",095691456434
45648,"CLAMP, CORD",095691456489
45652,"SHAFT, DRIVE F/COPPER",095691456526
45653,"PKG OF, 2 SCREWS",095691456533
45657,"ROLL, GROOVE COPPER",095691456571
45658R,"RELIEF, STRAIN",095691456588
45660,PKG OF 2 CAPS,095691456601
45662,"SHAFT, DRIVE F/1"" PIPE",095691456625
45663,"LINECORD, 115V CE",095691456632
45667,"ROLL, GROOVE 1"" PIPE",095691456670
45668,"LINECORD, 115V CSA",095691456687
45672,"SCREW, W/WASHER",095691456724
45673,"LINECORD, 220V CN",095691456731
45678,"LINECORD, 230V CE",095691456786
45685,"SPACER, BEARING",095691456854
45713,O-RING,095691457134
45718,"CAP, ROD",095691457189
45723,SPRING,095691457233
45728R,SEAL,095691457288
45733,"BALL, STEEL SET OF 2",095691457332
45738,"SET, ALLEN SCREW SET OF 2",095691457387
45743,O-RING,095691457431
45750,PKG OF 5 SCREWS,095691457509
45758,"LEAD, RED FIELD",095691457585
45763,"LEAD, BLUE FIELD",095691457639
45765,"CRANK, FEEDSCREW 820",095691457653
45768,"LEAD, BROWN FIELD",095691457684
45773,"LEAD, BLACK FIELD",095691457738
45778,"LEAD, RED BRUSH",095691457783
45780,"FEEDSCREW, CUTTER 820",095691457806
45783,"LEAD, BLACK BRUSH",095691457837
45793,"CORD, 115V US",095691457936
45813,"CORD, 230V CHINA",095691458131
45818,"BODY, PUMP HB382E",095691458186
45820,"WIRE, JUMPER RED",095691458209
45825,"RETAINER, CORD .56 DIA.",095691458254
45828,"PLUG, F/SAFETY VALVE",095691458285
45833,"VALVE, SAFETY",095691458339
45838,"KIT, REPAIR HB382E",095691458384
45843,"KIT, REPAIR HB383E",095691458438
45845,"SPOUT, OIL",095691458452
45848,"DIES, 12R 1/8 BSPT BLOX",095691458483
45853,"DIES, 12R 1/4 BSPT BLOX",095691458537
45858,"DIES, 12R 3/8 BSPT BLOX",095691458582
45863,"DIES, 12R 1/2 BSPT BLOX",095691458636
45867,"SCREW, 8-16 X 7/8 PAN SLOTTED",095691458674
45868,"DIES, 12R 3/4 BSPT BLOX",095691458681
45872,"CAP, END",095691458728
45873,"DIES, 12R 1"" BSPT BLOX",095691458735
45877,"BUMPER,SET OF 2",095691458773
45878,"DIES, 12R 1-1/4 BSPT BL",095691458780
45883,"DIES, 12R 1-1/2 BSPT BL",095691458834
45888,"DIES, 12R 2"" BSPT BLOX",095691458889
45890,"SPRING, COMP .270 OD X .81 LG",095691458902
45895,"SPRING, COMP .270 OD X .81 LG",095691458957
45898,"KIT, POGO PIN (NANO)",095691458988
45902,SCREW,095691459022
45903,"SCREW, SET PKG OF 2",095691459039
45908,"CONNECTOR, PCB NANO CAM",095691459084
45912,"BEARING, BALL .500ID X .312LG",095691459121
45913,"FERRULE, INNER PRESS",095691459138
45918,"SHELL, OUTER PRESS",095691459183
45923,"ARM, ASM 602 SUPPORT",095691459237
45928,"ARM, ASM 692 SUPPORT",095691459282
45938,"CASE, MICRO CA-25",095691459381
45943,"CASE, MICRO CA-100",095691459435
45945,PKG OF 3 STOCK GUIDES,095691459459
45948,"CASE, MICRO CA-300",095691459480
45953,"ROD, PREMOUNTED",095691459534
45958,"SET, GASKET NAV. 2 & SR60",095691459589
45963,"KIT,TUBE",095691459633
45965,SET OF REAR CHUCK JAWS,095691459657
45968,"SHELL, PCB CONNECTOR",095691459688
45973,"COIL, TOP SHELL",095691459732
45990,"CONNECTOR, STRAIGHT",095691459909
46000,"KEY, HEX 1/8",095691460004
46015,"KEY, HEX 5/32",095691460158
46030,"KEY, HEX 3/16",095691460301
46035,"SCREW, 5/16 X 1-3/4 SOC",095691460356
46040,"KEY, HEX 7/32",095691460400
46045,"KEY, HEX 5/16",095691460455
46050,PKG OF 5 SCREWS,095691460509
46075,"CUTTER, FACING 124",095691460752
46080,PKG OF 5 SCREWS,095691460806
46105,"CUTTER, DEBURRING 124 EX",095691461056
46130,PKG OF 5 SCREWS,095691461308
46145,"GROMMET, CORD 124",095691461452
46165,"WIRE, BLACK 124",095691461650
46175,"BLADE, W/SCREW 124",095691461759
46180,PKG OF 5 SCREWS,095691461803
46190,"KEY, HEX 1/4",095691461902
46205,"EYEBOLT, ASM 312",095691462053
46210,"BOLT, SHOULDER 312",095691462107
46215,"COLLAR, ASM 312",095691462152
46220,"SCREW, THUMB 312",095691462206
46235,"HANDGRIP, 312",095691462350
46250,"BAR, SUPPORT",095691462503
46270,PKG OF 5 SCREWS,095691462701
46280,PKG OF 5 SCREWS,095691462800
46285,PKG OF 5 SCREWS,095691462855
46295,"WASHER, FLAT .641 ID",095691462954
46310,PKG OF 5 SCREWS,095691463104
46320,"KIT, SUPPRESSOR",095691463203
46345,"FAN, 1157/3158",095691463456
46350,"COVER, MODEL A PUMP",095691463500
46363,"WRENCH, H INR TUBE CORE BARREL",095691463630
46368,"WRENCH, P INR TUBE CORE BARREL",095691463685
46370,"GAUGE, LENGTH",095691463708
46373,"WRENCH, B INR TUBE CORE BARREL",095691463739
46383,"KIT, NANOREEL RETERM",095691463838
46408,"HOUSING, RP-340 SET",095691464088
46410,"LINECORD, 230V W/PLUG",095691464101
46423,"SCREW, SHC",095691464231
46425,"ARBOR, BRUSH 2-4""",095691464255
46428,"LED, LIGHT INDUCTER",095691464286
46433,"BOARD, POWER & LED CIRCUIT",095691464330
46438,"PLATE, NAME ""RIDGID USA""",095691464385
46443,"PLATE, NAME ""RIDGID EU""",095691464439
46448,"DECAL, ""RP-340""",095691464484
46450,"ARBOR, BRUSH 5-6""",095691464507
46453,"DECAL, ""STANDARD""",095691464538
46458,"DECAL, ""WARNING""",095691464583
46463,"DECAL, ""ERROR CODE""",095691464637
46468,"COVER, LED",095691464682
46470,PKG OF 5 SCREWS,095691464705
46473,"HOLDER, CABLE",095691464736
46478,"ASSEMBLY, CYLINDER HEAD SUB",095691464781
46493,"O-RING, SET OF 2",095691464934
46498,O-RING,095691464989
46500,SET OF CENTERING JAWS,095691465009
46503,"ASSEMBLY, PUMP HOUSING SUB",095691465030
46508,PUMP,095691465085
46510,"HANDWHEEL, CARRIAGE",095691465108
46513,"SCREW, SHC SET OF 2",095691465139
46515,PKG OF 5 SCREWS,095691465153
46518,"SHEET, TANK",095691465184
46520,"LEVER, THROWOUT",095691465207
46523,"SCREW, SOCKET HEAD CAP",095691465238
46528,"BLADDER, OIL RESERVOIR",095691465283
46533,"COVER, PUMP HOUSING",095691465337
46538,"HEAD, CYLINDER",095691465382
46540,"BUSHING, PINION SHAFT",095691465405
46543,"RETAINER, W/ROLL",095691465436
46548,PISTON,095691465481
46553,"SENSOR, BOLT",095691465535
46555,"LEVER, THROWOUT",095691465559
46563,SCRAPER,095691465634
46568,SPRING,095691465689
46572,"GEAR, ASM INTERMEDIATE",095691465726
46573,"BALL, STEEL",095691465733
46575,"GEAR, ASM MAIN DRIVE",095691465757
46578,"SCREW, ALLEN SET",095691465788
46580,"WRENCH, CHUCK",095691465801
46583,"PISTON, W/SEAL",095691465832
46585,"KNOB, REAMER 341",095691465856
46588,O-RING,095691465887
46590,"NUT, LOCK 15/32-32 HEX",095691465900
46593,O-RING,095691465931
46600,"INSERT, JAW",095691466006
46603R,"BODY, PUMP HOUSING",095691466037
46605,"INSERT, VISE JAW",095691466051
46608,"DISC, ARRESTER",095691466082
46610,SET OF JAW INSERTS,095691466105
46613,"MOTOR, W/GEAR",095691466136
46615,"ARM, TORQUE",095691466150
46618,"MOTOR, 18V",095691466181
46620,"RING, RETAINING 1/4-1""",095691466204
46623,"SCREW, COUNTERSUNK",095691466235
46625,"RING, RETAINING 1-1/8-2""",095691466259
46628,"SEAL, SCREW",095691466280
46630,PKG OF 4 SPRINGS,095691466303
46632,"AXLE, LOADING WHEEL",095691466327
46633,"SCREW, PAN HD FLANGE SET OF 4",095691466334
46635,PKG OF 4 WASHERS,095691466358
46637,"WHEEL, LOADING K750",095691466372
46638,"SHAFT, ECCENTRIC",095691466389
46642,PKG OF 2 INSERT SCREWS,095691466426
46643,BEARING,095691466433
46645,"RETAINER, ASM VALVE",095691466457
46647,SET OF JAW INSERTS NO.2,095691466471
46648,"RING, EXTERNAL RETAINING",095691466488
46650,"GEAR, ASM MAIN DRIVE",095691466501
46652,SET OF JAW INSERTS NO. 3,095691466525
46653,"HOLDER, BEARING",095691466532
46655,"SCREEN, FILTER",095691466556
46658,"KIT, RP-340 MAINTENANCE",095691466587
46660,"CONE, REAMER RH & LH 341",095691466600
46662,PKG OF 2 ROLLER PINS,095691466624
46663,"SLEEVE, LOCKING NANOREEL",095691466631
46665,"LATCH, REAMER 341",095691466655
46668,"CASE, 600-I CARRYING",095691466686
46670,PKG OF 5 BOLTS,095691466709
46673,"CASE, 690-I CARRYING",095691466730
46675,PKG OF 5 SCREWS,095691466754
46680,"SPRING, COMP .312 OD X .41 LG",095691466808
46682,"WASHER, LOCK 5/8"" K375",095691466822
46683,"AUGER, K1 COMBINATION",095691466839
46700,"RECEPTACLE, OUTLET",095691467003
46708,"GUIDE, RM200 85MM PIPE",095691467089
46713,"GUIDE, RM200 125MM PIPE",095691467133
46715,"SEAL, OIL",095691467157
46717,"PLATE, GAUGE",095691467171
46720,PKG OF 2 SEALS,095691467201
46722,"SCREW, ADJUSTABLE LOCK",095691467225
46725,"BEARING, THRUST",095691467256
46727,PKG OF 1822 HARDWARE,095691467270
46730,"RELIEF, STRAIN .43 DIA",095691467300
46732,"DIES, 4PJ 2-1/2 NPSM HS",095691467324
46735,"RELIEF, STRAIN .56 DIA",095691467355
46737,"DIES, 4PJ 3"" NPSM HS",095691467379
46740,"LINECORD, W/PLUG",095691467409
46742,"DIES, 4PJ 3-1/2 NPSM HS",095691467423
46745,PKG OF 5 SCREWS,095691467454
46747,"DIES, 4PJ 4"" NPSM HS",095691467478
46750,PKG OF 5 SCREWS,095691467508
46753,"WRENCH, BASIN LED MODEL 2017",095691467539
46755,PKG OF 5 SCREWS,095691467553
46760,PKG OF 5 SCREWS,095691467607
46763,"HOLDER, CA-25 BATTERY",095691467638
46765,PKG OF 5 SCREWS,095691467652
46768,"DOOR, CA-25 BATTERY",095691467683
46770,PKG OF 5 SCREWS,095691467706
46772,"SWITCH, DUAL CONTACT 1822",095691467720
46775,PKG OF 5 SCREWS,095691467751
46778,"CABLE, FLAT FLEX 4""",095691467782
46782,"CAPACITOR, 710-850 MFD 165V",095691467829
46785,PKG OF 5 SCREWS,095691467850
46790,PKG OF 6 SCREWS,095691467904
46792,"CAPACITOR, 645-744 220/240 50H",095691467928
46795,PKG OF 5 SCREWS,095691467959
46800R,PKG OF 5 SCREWS,095691468000
46802,"CAPACITOR, 40MFD 120/60-110/50",095691468024
46805,"SCREW, 3/8-16 X 3/8 SET",095691468055
46807,"CAPACITOR, 25 MFD 220/240V",095691468079
46810,"SCREW, ASM SET",095691468109
46815,"PLUG, PIPE 1/8-27",095691468154
46817,SET OF MOTOR BOLTS GS ONLY,095691468178
46818,"CRIMP TOOL, RE 6 TOOL ONLY G2",095691468185
46820,"NUT, HEX 7/16-20",095691468208
46830,"FITTING, STRAIGHT",095691468307
46832,700 PD 110V,095691468321
46837,K1500SP-A 115V A-FRAME,095691468376
46840,"FITTING, 90 DEG",095691468406
46852,916 ROLL GROOVER F/COPPER,095691468529
46853,"INTERFACE, PH-60B QCS",095691468536
46858,"HOUSING, PH-60B",095691468581
46860,"FITTING, GREASE",095691468604
46862,"DIEHEAD, 911 F/EUROPE",095691468628
46863,"RING, PH-60B PUSH",095691468635
46867,"DECAL, DIEHEAD INSTRUCTION",095691468673
46868,"HOLDER, PUNCH TOOL",095691468680
46870,PKG OF 5 SCREWS,095691468703
46872,K750 AUST W/C75 NTW KIT,095691468727
46873,"GUIDE, PLUNGER PKG. OF 6",095691468734
46875,PKG OF 4 TERMINALS,095691468758
46878,"PLATE, PLUNGER",095691468789
46880,"TUBE, PLASTIC 11-3/4",095691468802
46883,PLUNGER,095691468833
46885,SET OF JUMPER WIRES,095691468857
46887,"CABLE, C100 NTW 3/4 X 100'",095691468871
46888,"ROD, SPRING",095691468888
46890,PKG OF 4 BUSHINGS,095691468901
46892,"KIT, C75 NTW W/TOOLS 3/4 X 75'",095691468925
46893,"SCREW, RETAINING",095691468932
46897,"KIT, C100 NTW W/TOOLS 3/4 X100",095691468970
46898,"SPRING, PH-60B",095691468987
46900,"CONNECTOR, 90 DEGREE",095691469007
46902,K1500SP-A W/C11 CABLE TL,095691469021
46903,"O-RING, PKG. OF 2",095691469038
46907,K1500SP-B W/C11 CABLE TL,095691469076
46908,"RING, GUIDE",095691469083
46913,"SCREW, SOCKET PKG OF 10",095691469137
46915,PKG OF 2 GREASE FITTINGS,095691469151
46918,"KIT, SR-20 + ST305 + C CLAMP",095691469182
46920,"SCREW, 10-24 X 1/4 SHC",095691469205
46923,"PLATE, 4P-6 SIDELESS DIE",095691469236
46925,"BALL, STEEL 5/16",095691469250
46928,"SCREW, SHOULDER SCREW PKG. OF2",095691469281
46930,"KEY, SQ 3/16 X 1/2",095691469304
46933,"SCREW, TORX PKG. OF 2",095691469335
46938,"PIN, ROLLER PKG. OF 4",095691469380
46943,"RING, RETAINING PKG. OF 8",095691469434
46945,"LINE, OIL INTAKE",095691469458
46948,"PIN, SPRING PKG OF 6",095691469489
46953,"BALL, BEARING PKG. OF 4",095691469533
46958,"STAMP, SET DIELESS",095691469588
46960,PKG OF 2 ROLLS,095691469601
46963,"BLOCK, BEARING",095691469632
46965,"ROLL, WIDE 821",095691469656
46968,"HOLDER, INDENTER PKG OF 2",095691469687
46970,PKG OF 2 PINS 821,095691469700
46973,"INTERFACE, 4P-6 DIELESS",095691469731
46978,"SPRING, PKG. OF 2",095691469786
46983,"PISTON, PLUNGER",095691469830
46985,PKG OF 5 WASHERS,095691469854
46988,"ROLLER, DIELESS PKG OF 2",095691469885
46993,"LATCH, 4P-6",095691469939
46998,"BLOCK, 4P-6 FILLER",095691469984
47003,"PLUNGER, 4P-6 DIELESS ASM.",095691470034
47008,"DECAL, 4P-6 WARNING",095691470089
47012,"BOLT, MOUNTING 932VS",095691470126
47013,"GRIP, 4P-6 LATCH",095691470133
47018,"SPRING, PKG. OF 2",095691470188
47023,"WASHER, PKG OF 2",095691470232
47027,"PIN, DETENT",095691470270
47028,"NUT, STAR PKG OF 2",095691470287
47030,PKG OF 5 PINS,095691470300
47032,"SPRING, COMP .420 OD X 1.75 LG",095691470324
47033,"DECAL, 4P-6 CRIMP",095691470331
47037,"LINK, DRIVE 916",095691470379
47038,"BLOCK, ALIGNMENT",095691470386
47042,"KIT, C24IC W/TOOLS 5/8 X 100'",095691470423
47043,"GEAR, 690I FACE",095691470430
47047,K750 115V W/C24,095691470478
47048,"INSERT, LOCK SET",095691470485
47053,"SPRING, COMPRESSION",095691470539
47057,"WRENCH, 812 ALUM",095691470577
47058,"DRIVE, RING 690I",095691470584
47063,"PLATE, LOCK",095691470638
47065,"PIN, HINGE REAMER ARM",095691470652
47068,"SCREW, PKG OF 6",095691470683
47073,"WASHER, COUNTER SUNK PKG OF 6",095691470737
47077,"WASHER, 5/8",095691470775
47078,"HANDGRIP, 690I",095691470782
47080,"GROMMET, CORD",095691470805
47082,"PKG OF 5 D989  6TX6"" BLADE",095691470829
47083,"HANDGRIP, 600I",095691470836
47087,"PKG OF 5 D990 6TX12"" BLADE",095691470874
47088,"BLADE, SC-60B CU/AL CABLE",095691470881
47090,"HANDLE, CUTTER 228",095691470904
47100,"BLADE, ROTOR",095691471000
47103,"DECAL, WARNING  ICON",095691471031
47105,"BAR, INDICATOR",095691471055
47108,"DECAL, WARNING",095691471086
47110,"INDICATOR, LENGTH",095691471109
47113,"KIT, RP310 W/OUT JAWS",095691471130
47120,"RING, LOCK PINION",095691471208
47135,"PIN, CUTTER STOP",095691471352
47137,PKG OF 5 THRUST WASHERS,095691471376
47140,"SCREW, LOCK MONO",095691471406
47145,"WASHER, HANDCRANK",095691471451
47147,"SCREW, 10-32 X 3/8 BUTT HD CAP",095691471475
47152,"SCREW, 10-32 X 3/8 BUTT HD CAP",095691471529
47155,PKG OF 5 PINS,095691471550
47160,PKG OF 2 FEEDSCREW PINS,095691471604
47165,"PIN, PINION SHAFT",095691471659
47222,918 ROLL GROOVER,095691472229
47235,SET OF 2 BRUSHES,095691472359
47242,"SCREW, 10-24 X 1/2",095691472427
47245,SET OF 2 BRUSHES,095691472458
47252,GASKET,095691472526
47253,"CABLE, PUSH RM 200 RAW",095691472533
47263,"ASSEMBLY, SR60 ANT. MAST W/PCB",095691472632
47282,PKG OF 5 PINS DOWEL .188 X .75,095691472823
47287,"WASHER, 3/8 SHAKEPROOF",095691472878
47292,"SCREW, 5/16-18 X 3-1/2",095691472922
47297,PKG OF 5 FLANGE NUTS,095691472977
47317,"FEEDSCREW, 104",095691473172
47322,"FEEDSCREW, 103",095691473226
47327,"FRAME, 104 CUTTER",095691473271
47332,"HOUSING, WHEEL CUTTER 10",095691473325
47337,"FRAME, 103 CUTTER",095691473370
47342,"HOUSING, WHEEL CUTTER 10",095691473424
47388,"SPRING,",095691473882
47393,"COLLAR, ASM",095691473936
47398,"SCRAPER,",095691473981
47403,"RING, SCRAPER",095691474032
47408,"BUSHING,",095691474087
47412,"CONDUIT, FLEXIBLE 535",095691474124
47413,"SCREW, SET PKG OF 4",095691474131
47423,"VALVE,",095691474230
47427,"CABLE, C75 HC 3/4 X 75'",095691474278
47432,"CABLE, C100 HC 3/4 X 100'",095691474322
47438,COLLAR,095691474384
47443,"BALL, STEEL",095691474438
47448,"BALL, STEEL",095691474483
47450,SET OF BRUSHES 144 14388,095691474506
47453,"WASHER, SPRING",095691474537
47458,"RING, LOCKING",095691474582
47463,"SCREW, SET PKG OF 4",095691474636
47477,"BEARING, NTN 629 LLU",095691474773
47478,"BOARD, POWER CIRCUIT",095691474780
47492,"DECAL, WARNING & DEPTH ADJ",095691474926
47493,"LEVER, RELEASE",095691474933
47497,"SUPPORT, PIVOT ROD",095691474971
47502,"PIN, SPLIT ROLL .094 X .38",095691475022
47503,"DECAL, ""RE-6""",095691475039
47507,"TUBE, ASM",095691475077
47508,"DECAL, ""IVT 6""",095691475084
47512,"PIN, 1822",095691475121
47513,"DECAL, ""PICTOGRAM""",095691475138
47518,"DECAL, ""ERROR CODE""",012078023832
47522,SET OF SPRINGS 1493,095691475220
47523,"DECAL, ""6T QCS""",095691475237
47538,"DRUM, RM200 D2B NTSC",095691475381
47542,"TOOL,H-21 NOZZLE CLEANING",095691475428
47548,"DRUM, RM200 D2A NTSC",095691475480
47553,"DRUM, RM200 D2A PAL",095691475534
47558,"ARM, SUPPORT 602",095691475589
47563,"SCREW, SUPPORT ARM 602",095691475633
47568,"ARM, SUPPORT 692",095691475688
47570,"CENTERING ASM, REAR",095691475701
47573,"SCREW, SUPPORT ARM 692",095691475732
47578,"CASE, LM400",095691475787
47583,"DOOR, LM400 BATTERY",095691475831
47585,"SHAFT, ASM DRIVE 535",095691475855
47588,"BEARING, FRONT RM200",095691475886
47593,"BEARING, REAR RM200",095691475930
47597,"HOSE,JET TRAP H-1435,1/4 X 35'",095691475978
47602,"HOSE,JET TRAP H-1450,1/4X50'",095691476029
47607,"HOSE,JET H-1250,1/2 X 50'",095691476074
47642,HEAD,095691476425
47647,"ROD, CONNECTING",095691476470
47657,"PLATE, END",095691476579
47667,"COVER, END C-FLANGE",095691476678
47677,KEY,095691476777
47682,GASKET,095691476821
47687,GASKET,095691476876
47692,GASKET,095691476920
47697,PKG OF 2 O-RINGS,095691476975
47702,PKG OF 4 O-RINGS,095691477026
47707,PKG OF 2 O-RINGS,095691477071
47712,PKG OF 2 SEALS,012078023863
47722,"BEARING, ROLLER",095691477224
47727,"BEARING, ROLLER",095691477279
47732,SEAL,095691477323
47733,"BATTERY, 12V 2.0AHHYPER LI-ION",095691477330
47735,"DIES, UNIV 1/8 NPT",095691477354
47737,PKG OF 2 OIL SEALS,095691477378
47740,"DIES, UNIV 1/4-3/8 NPT",095691477408
47743,"ASSEMBLY, 602 UPPER JAW",095691477439
47745,"DIES, UNIV 1/2-3/4 NPT",095691477453
47747,"SCREW, 1/4-20 X 3 SOC HD",095691477477
47748,"ASSEMBLY, 692 UPPER JAW",095691477484
47750,"DIES, UNIV 1-2 NPT",095691477507
47752,PKG OF 2 SCREWS,095691477521
47753,"HEAD, LR-60B LATCHING RD RTE",095691477538
47755,"DIES, UNIV 1/8 NPT HS",095691477552
47757,PKG OF 2 NUTS,095691477576
47760,"DIES, UNIV 1/4-3/8 NPT HS",095691477606
47762,PKG OF 2 RINGS,095691477620
47765,"DIES, UNIV 1/2-3/4 NPT HS",095691477651
47768,"CRIMP TOOL, RE60 ONLY G2 RTE",095691477682
47770,"DIES, UNIV 1-2 NPT HS",095691477705
47772,"CAP, VALVE 1/4 NPT",095691477729
47775,"DIES, UNIV 1/8 NPT HS F/SS",095691477750
47777,"PIN, WRIST",095691477774
47780,"DIES, UNIV 1/4-3/8 NPT HS SS",095691477804
47782,"PLUG, DRAIN",095691477828
47785,"DIES, UNIV 1/2-3/4 NPT HS SS",095691477859
47787,DIPSTICK,095691477873
47790,"DIES, UNIV 1-2 NPT HS SS",095691477903
47792,"GLASS, SIGHT",095691477927
47793,"GUIDE, CAMERA HEAD 25MM",095691477934
47797,"KIT, VALVE",095691477972
47798,"GASKET, MOTOR",095691477989
47802,PKG OF SEALS PLNGR KJ1250/1350,095691478023
47807,"KIT, PLUNGER",095691478078
47810,"DIES, UNIV 1/4-3/8 HS LH",095691478108
47812,"PLUNGER, LOWER",095691478122
47815,"DIES, UNIV 1/2-3/4 NPT HS LH",095691478153
47820,"DIES, UNIV 1-2 NPT HS LH",095691478207
47842,"MOTOR, 115V",095691478429
47845,"DIES, UNIV 1/8 NPSM HS",095691478450
47850,"DIES, UNIV 1/4-3/8 NPSM HS",095691478504
47855,"DIES, UNIV 1/2-3/4 NPSM HS",095691478559
47860,"DIES, UNIV 1-2 NPSM HS",095691478603
47862,SPACER,095691478627
47880,"DIES, 554 1/2-3/4 NPT",095691478801
47885,"DIES, 551 1/8 NPT HS",095691478856
47890,"DIES, 552 1/4-3/8 NPT HS",095691478900
47895,"DIES, 554 1/2-3/4 NPT HS",095691478955
47900,"DIES, 551 1/8 NPT HS SS",095691479006
47902,"PLATE, FILTER",095691479020
47905,"DIES, 552 1/4-3/8 NPT HS SS",095691479051
47910,"DIES, 554 1/2-3/4 NPT HS SS",095691479105
47918,"HEAD, SC-60C CUTTER WORLD",095691479181
47922,"CAP, DRAIN",095691479228
47923,"SET, SC-60C BLADES CU/AL",095691479235
47927,"SWIVEL, HOSE",095691479273
47928,"SET, SC-60C BLADES ACSR",095691479280
47930,"DIES, 554 1/2-3/4 NPSM HS",095691479303
47933,"DIE, RDK-60 CU6",095691479334
47938,"DIE, RDK-60 CU10",095691479389
47943,"DIE, RDK-60 CU16",095691479433
47948,"DIE, RDK-60 CU25",095691479488
47953,"DIE, RDK-60 CU35",095691479532
47958,"DIE, RDK-60 CU50",095691479587
47963,"DIE, RDK-60 CU70",095691479631
47967,FRAME,095691479679
47968,"DIE, RDK-60 CU95",095691479686
47972,LATCH,095691479723
47973,"DIE, RDK-60 CU120",095691479730
47977,"HANDLE, CART",095691479778
47978,"DIE, RDK-60 CU150",095691479785
47982,"NUT, WING 3/8",095691479822
47983,"DIE, RDK-60 CU185",095691479839
47987,"BUSHING, 3/8-1/4",095691479877
47988,"DIE, RDK-60 CU240",095691479884
47993,"DIE, RDK-60 CU300",095691479938
48002,"QUICK-CONNECT, MALE",095691480026
48007,"STRAP, CINCHING 1"" L6 X 1""",095691480071
48012,"CLIP, SPRING",095691480125
48022,"REEL, HOSE COMPLETE 16"" DIA.",095691480224
48052,NUT,095691480521
48057,"SWITCH, TOGGLE K1250",095691480576
48067,"NUT, WIRE",095691480675
48072,"TERMINAL, FEMALE",095691480729
48073,"HOLDER, CABLE",095691480736
48077,"WIRE, LOAD BLACK",095691480774
48082,"WIRE, GROUND GREEN",095691480828
48087,"DECAL, ON/OFF",095691480873
48088,"STRAP, SHOULDER GEN 2",095691480880
48093,"REEL, COMPACT 2 (115V)",095691480934
48098,"REEL, COMPACT 2 (230V)",095691480989
48107,"ELBOW, STREET 45 DEG",095691481078
48112,"TEE, MALE 3/8 NPT",095691481122
48117,"QUICK-CONNECT, FEMALE",095691481177
48126,"STRUT, 250",095691481269
48127,"VALVE, 3/8",095691481276
48132,"HOSE, 36""",095691481320
48143,"KIT, CMPCT2/CS6PAK MON HNDL SP",095691481436
48146,"RING, RETAINING 250",095691481467
48147,"ELBOW, STREET 1/2 NPT",095691481474
48148,"KIT, COMPACT2 MON SIDEPLATE SP",095691481481
48153,"KIT, SS MON SIDEPLATE UPGRADE",095691481535
48157,"VALVE,FV-1 ASM FOOT",095691481573
48162,"HOSE, 1/4 X 9""",095691481627
48168,"STRAIN RELIEF, K45",095691481689
48178,"KIT, RE6 MAINTENANCE",095691481788
48182,BASEPLATE,095691481825
48183R,"HANDLE,""N"" INNER TUBE",095691481832
48187,"MOUNT, VIBRATION",095691481870
48197R,COUPLING,095691481979
48202,NIPPLE,095691482020
48215,"DIES, UNIV 1/4 NC HS",095691482150
48218,"CRANK, Q-R HANDLE ASM",095691482181
48220,"DIES, UNIV 5/16 NC HS",095691482204
48223,"CABLE, ASM WITH C-CUTTER",095691482235
48225,"DIES, UNIV 3/8 NC HS",095691482259
48228,"BLADE, C-CUTTER W/ NUT & WSHR",095691482280
48230,"DIES, UNIV 7/16 NC HS",095691482303
48232,"DECAL, WARNING",095691482327
48233,"BUTTON, LIGHT",095691482334
48235,"DIES, UNIV 1/2 NC HS",095691482358
48237,NAMEPLATE,095691482372
48238,"COVER, BATTERY",095691482389
48240,"DIES, UNIV 9/16 NC HS",095691482402
48243,"ASSEMBLY, LIGHT PCB",095691482433
48245,"DIES, UNIV 5/8 NC HS",095691482457
48250,"DIES, UNIV 3/4 NC HS",095691482501
48253,BATTERY,095691482532
48255,"DIES, UNIV 7/8 NC HS",095691482556
48258,"SCREWS, BATTERY COVER",095691482587
48260,"DIES, UNIV 1"" NC HS",095691482600
48263R,"ASSEMBLY, BATTERY COVER",095691482631
48265,"DIES, UNIV 1-1/8 NC HS",095691482655
48268,"ASSEMBLY, SLEEVE",095691482686
48270,"DIES, UNIV 1-1/4 NC HS",095691482709
48273,"ADAPTER, HANDLE",095691482730
48275,"DIES, UNIV 1-3/8 NC HS",095691482754
48280,"DIES, UNIV 1-1/2 NC HS",095691482808
48283,"ASSEMBLY, T-HANDLE",095691482839
48285,"DIES, UNIV 1-3/4 NC HS",095691482853
48287,"WASHER, FILTER",095691482877
48288,"PKG OF, 5 SCREWS W/ WASHERS",095691482884
48290,"DIES, UNIV 2"" NC HS",095691482907
48292,"KIT, 300 MOUNTING BASE",095691482921
48293,"BASE, VISE W/ SPOOLS BC210A",095691482938
48295,"DIES, UNIV 1/4 NF HS",095691482952
48297,918 ROLL GROOVER ON 300 BASE,095691482976
48298,"SPOOL,BENDING 3/4""",095691482983
48303R,"PIN, HANDLE W/ RETAINING RINGS",095691483034
48305,"DIES, UNIV 3/8 NF HS",095691483058
48307R,916 ROLL GROOVER F/1822,095691483072
48308,"PKG OF, 2 PINS W/RETAINING RIN",095691483089
48310R,"DIES, UNIV 7/16 NF HS",095691483102
48313R,"SPRING,  TORSION",095691483133
48315,"DIES, UNIV 1/2 NF HS",095691483157
48318R,"RING, PKG OF 6 RETAINING",095691483188
48320,"DIES, UNIV 9/16 NF HS",095691483201
48323,"INSERT, SET JAW ""N""",095691483232
48325,"DIES, UNIV 5/8 NF HS",095691483256
48328R,"BOLT, PKG OF 4 SHOULDER",095691483287
48330,"DIES, UNIV 3/4 NF HS",095691483300
48333,"HANDLE, ""H"" WRENCH",095691483331
48335,"DIES, UNIV 7/8 NF HS",095691483355
48337,"PLUG, DRAIN",095691483379
48338,"PIN,PKG OF 2 W/RETAINING RINGS",095691483386
48340,"DIES, UNIV 1""-14 NS HS",095691483409
48343,"PIN, HANDLE W/ RETAINING RINGS",095691483430
48345,"DIES, UNIV 1-1/8 NF HS",095691483454
48348R,"SPRING, TORSION",095691483485
48350,"DIES, UNIV 1-1/4 NF HS",095691483508
48353,"RING,  PKG OF 6 RETAINING",095691483539
48355,"DIES, UNIV 1-3/8 NF HS",095691483553
48358,"INSERT, SET JAW ""H""",095691483584
48360R,"DIES, UNIV 1-1/2 NF HS",095691483607
48367,"KIT, H-25 WINTERIZING HOSE",095691483676
48372,"SCREW, 8-32 X 3/8 F PH",095691483720
48375,"DIES, UNIV 1""-12 NF HS",095691483751
48382R,918 ROLL GROOVER W/1224 MTG KT,095691483829
48383,"SPOOL, BENDING 1""",095691483836
48387,918 ROLL GROOVER W/535 MTG KIT,095691483874
48388,"SPOOL, BENDING 1 1/4""",095691483881
48393,"BASE, VISE W/ SPOOLS BC410A",095691483935
48397,"KIT, MOUNTING 1224 F/918",095691483973
48398,"BASE, VISE W/ SPOOLS BC510A",095691483980
48402,"KIT, 535 MOUNTING F/918",095691484024
48403,"BASE, VISE W/ SPOOLS BC610A",095691484031
48405,"SET OF ROLLS 8-12"" F/918",095691484055
48407,SET OF ROLLS 1-1/4 TO 1-1/2,095691484079
48408,"BASE, VISE W/ SPOOLS BC810A",095691484086
48412,"SET OF ROLLS 1,1 1/4-1 1/2 918",095691484123
48413,"PIN, PKG OF 4",095691484130
48417,SET OF COPPER ROLLS 918,095691484178
48418,"PIN, PKG OF 4",095691484185
48423,"CONTACT, 18V BATTERY",095691484239
48433,"JAW, 1/2"" MEGAPRESS COMPACT",095691484338
48437,"HOUSING, ROLL LOWER 1822",095691484376
48438,"JAW, 3/4"" MEGAPRESS COMPACT",095691484383
48442,"COUPLING, 916",095691484420
48443,"JAW, 1"" MEGAPRESS COMPACT",095691484437
48447,"SCREW, DEPTH ADJUSTMENT",095691484475
48448,"PRESSRING MP - NW 1/2"" CPL-RTC",095691484482
48452,"PIN, PIVOT",095691484529
48453,"PRESSRING MP - NW 3/4"" CPL-RTC",095691484536
48457,"KIT, C14 3 CARRIER CABLE COMB",095691484574
48462,K1500G1 W/C14 CABLE TL,095691484628
48467,"KIT, C11 3 CARRIER CABLE COMB",095691484673
48472,"KIT, A35 CABLE",095691484727
48477,"KIT, A35TW CABLE",095691484772
48482,"KIT, TOOL T250",095691484826
48487,"PLUG, MALE DISCONNECT 1/4",095691484871
48497,"SCREW, 3/8-16 X 1/2 SLT CP",095691484970
48503,"MOTOR, ASM 690-I 230V CE W/FH",095691485038
48507,"HOUSING, ROLL LOWER 916",095691485076
48508,"MOTOR, ASM 690-I 115V CSA W/FH",095691485083
48513,"MOTOR, ASM 690-I 115V CE W/FH",095691485137
48518,"MOTOR, ASM 600-I 230V CE W/FH",095691485182
48523,"MOTOR, ASM 600-I 115V CSA W/FH",095691485236
48528,"MOTOR, ASM 600-I 115V CE W/FH",095691485281
48533,"HEAD, MINI SL NTSC CAMERA",095691485335
48538R,"HEAD, MINI SL PAL CAMERA",095691485380
48543R,"HEAD, STD SL NTSC CAMERA",095691485434
48548,"HEAD, STD SL PAL CAMERA",095691485489
48553,"KIT, MEGAPRESS STD 1/2"" - 2""",095691485533
48558,"KIT, MEGAPRESS STD 1/2"" - 1",095691485588
48563,"CASE, MEGAPRESS STD",095691485632
48573,SPRING,095691485731
48578,SPRING,095691485786
48583,"SPRING, PKG OF 4",095691485830
48588,"SLEEVE, ARMATURE 600-I",095691485885
48593,SEAL LIP 600-I,095691485939
48598,"ASM, HOUSING RM 200",095691485984
48603,"ASM, DRUM W/ELEC. RM200",095691486035
48605,"DIES, 500B 1/4 NC HS",095691486059
48608,"WASHER, PKG OF 2",095691486080
48610,"DIES, 500B 5/16 NC HS",095691486103
48613,"BEARING , HUB CONE",095691486134
48615,"DIES, 500B 3/8 NC HS",095691486158
48618,"DRUM, ONLY RM 200",095691486189
48620,"DIES, 500B 7/16 NC HS",095691486202
48623,"FOOT, RIGHT RM200",095691486233
48625,"DIES, 500B 1/2 NC HS",095691486257
48628,"FOOT, LEFT",095691486288
48630,"DIES, 500B 9/16 NC HS",095691486301
48633,"FOOT, UPPER RM200",095691486332
48635,"DIES, 500B 5/8 NC HS",095691486356
48638,"PIN, HINGE",095691486387
48640,"DIES, 500B 3/4 NC HS",095691486400
48643,"BAR, WEAR",095691486431
48645,"DIES, 500B 7/8 NC HS",095691486455
48648,"BUMPER, FRONT",095691486486
48650,"DIES, 500B 1"" NC HS",095691486509
48653,RETAINER,095691486530
48655,"DIES, 500B 1-1/8 NC HS",095691486554
48658,"PLATE, FRONT W/DECAL",095691486585
48660,"DIES, 500B 1-1/4 NC HS",095691486608
48663,"HOOK, CAMERA CLAMP",095691486639
48665,"DIES, 500B 1-3/8 NC HS",095691486653
48668,"SLEEVE, AXLE TUBE",095691486684
48670,"DIES, 500B 1-1/2 NC HS",095691486707
48673,"PLUG, AXLE",095691486738
48675,"DIES, 500B 1-3/4 NC HS",095691486752
48680,"DIES, 500B 2"" NC HS",095691486806
48683,"TUBE, AXLE",095691486837
48688,"MOUNT, AXLE TUBE (LEFT)",095691486882
48692,HANDLE,095691486929
48693,"MOUNT, AXLE TUBE (RIGHT)",095691486936
48695,"DIES, 500B 5/16 NF HS",095691486950
48700,"DIES, 500B 3/8 NF HS",095691487001
48702,WASHER,095691487025
48705,"DIES, 500B 7/16 NF HS",095691487056
48708,"SPACER, AXLE PKG OF 2",095691487087
48710,"DIES, 500B 1/2 NF HS",095691487100
48712,"SLEEVE, PLASTIC",095691487124
48713,"INSERT, JAW SET ""B""",095691487131
48715,"DIES, 500B 9/16 NF HS",095691487155
48718,"INSERT, JAW SET ""P""",095691487186
48720,"DIES, 500B 5/8 NF HS",095691487209
48722,"BALL, STEEL 5/16",095691487223
48725,"DIES, 500B 3/4 NF HS",095691487254
48727R,"CLIP, PISTON",095691487278
48735,"DIES, 500B 1"" UNF HS",095691487353
48742,"WASHER, BACKUP",095691487421
48745,"DIES, 500B 1-1/4 NF HS",095691487452
48777,O-RING,095691487773
48782,FILTER,095691487827
48802R,GASKET,095691488022
48807,"BALL, STEEL 3/16",095691488077
48812,"WASHER, COPPER",095691488121
48817R,"SCREW, VALVE",095691488176
48827,"BALL, STEEL 3/8",095691488275
48832,"SPRING, COMPRESSION",095691488329
48842,"BODY, PUMP",095691488428
48847,"BALL, STEEL 1/4",095691488473
48852R,"SCREW, RELEASE VALVE",095691488527
48857,O-RING,095691488572
48858,"HEAD, CUTTER 30 DEGREE",095691488589
48863,"HEAD, CUTTER 37.5 DEGREE",095691488633
48867,"KNOB, 918",095691488671
48868,"HEAD, CUTTER 45 DEGREE",095691488688
48872,"SCREW, 1/2-20 X 1/4 SET",095691488725
48873,"INSERT, SET OF 6",095691488732
48877,REPAIR KIT,095691488770
48878,"SCREW, SET OF 6",095691488787
48883,"GREASE, ANTI-SEIZE - 1 TUBE",095691488831
48888,"WRENCH, TORX T15 T-HANDLE",095691488886
48893,"WRENCH, SPANNER 1""",095691488930
48898,"WRENCH, HEX L 5/16",095691488985
48903,"ASSEMBLY, WHEEL CARRIAGE",095691489036
48908,"MOUNT, OUTER HANDLE",095691489081
48913,"MOUNT, INNER HANDLE",095691489135
48918,"BUTTON, HANDLE",095691489180
48920,"DIES, 500B 3/8 NC HS LH",095691489203
48923,"CAP, HANDLE SPRING",095691489234
48928,"LOCK, SLIDE",095691489289
48930,"DIES, 500B 1/2 NC HS LH",095691489302
48933,"KIT, HANDLE DETENT",095691489333
48935,"DIES, 500B 9/16 NC HS LH",095691489357
48938,"HANDLE, RM200",095691489388
48940,"DIES, 500B 5/8 NC HS LH",095691489401
48943,"ASM, HANDLE & MOUNT RM200",095691489432
48945,"DIES, 500B 3/4 NC HS LH",095691489456
48948,"INSERT, WEAR",095691489487
48950,"DIES, 500B 7/8 NC HS LH",095691489500
48953,"LATCH, SLIDE",095691489531
48955,"DIES, 500B 1"" NC HS LH",095691489555
48958,"PLATE, REAR",095691489586
48963,"O-RING, RM200 CONE",095691489630
48965,"DIES, 500B 1-1/4 NC HS LH",095691489654
48973,"CASE, RE 12-M",095691489739
48975,"DIES, 500B 1-1/2 NC HS LH",095691489753
48985,"DIES, 500B 2"" NC HS LH",095691489852
48988,"STAND, RE 12-M / RE 130-M",095691489883
48993,"LEVER, RELEASE 2 VALVE RP340",095691489937
48998,O-RING,095691489982
49002,"KIT, TOOL T260",095691490025
49003,"SCRAPER, RING 2 VALVE RP340",095691490032
49008,"SEAL, PISTON W/ 2 VALVE RP340",095691490087
49012,"BUSHING, MOLDED/STEEL 42A",095691490124
49013,"SCREW,  HEXAGONAL",095691490131
49018,"ASSEMBLY, CYLINDDER HEAD 2VT",095691490186
49023,"ASSEMBLY, 2 VALVE CYLINDER SUB",095691490230
49028,"CYLINDER, 2 VALVE",095691490285
49032,"HOSE, GUIDE K750",095691490322
49033,"KIT, RETRO 180 BOLT SENSOR",095691490339
49043,"SCREW,PKG OF 4 #4-20 X 3/8""",095691490438
49053,SUNHOOD,095691490537
49057,"HOUSING, MAIN 918",095691490575
49062,"HOUSING, GROOVE ROLL 918",095691490629
49063,"CIRCUIT BOARD, PARTITION",095691490636
49067,"SHAFT, DRIVE 918",095691490674
49068,"COVER, FRONT CONNECTOR",095691490681
49072,"ROLL, DRIVE 1-1/4""-1-1/2""",095691490728
49073,"CASE, FRONT",095691490735
49078,"ASSEMBLY, KEYPAD",095691490780
49082,"COUPLING, PISTON ROD",095691490827
49083R,"SEAL,FOAM",095691490834
49087,"KEY, HEX 1/8 T-HANDLE",095691490872
49088,"ASSEMBLY, SPEAKER",095691490889
49093,"PCB ASSEMBLY, AUDIO",095691490933
49097,"ROLL, GROOVE 1-1/4""-1-1/2'",095691490971
49102,"SHAFT, UPPER ROLL",095691491022
49107,PKG OF 2 SLIDE KEYS,095691491077
49112,"ROD, DEPTH ADJUSTMENT",095691491121
49117,"NUT, DEPTH ADJUSTMENT",095691491176
49118,"SCREW, PKG OF 4",095691491183
49122,"SPRING, COMP 1.10 OD X 2.50 LG",095691491220
49127,"BEARING, BALL 1.5743ID X1.188L",095691491275
49132,"PLATE, RETAINING",095691491329
49133,"HANDLE, BOTTOM",095691491336
49138R,"CLAMP, HANDLE",095691491381
49142,"HOSE, HYDRAULIC",095691491428
49143,"INSERT, HANDLE",095691491435
49147,"RAM, HYDRAULIC 918",095691491473
49148,KICKSTAND,095691491480
49152,"RING, LOCK",095691491527
49153,"HANDLE, TOP",095691491534
49157,"ROLL, DRIVE 1"" 918",095691491572
49162,"ROLL, GROOVE 1""",095691491626
49163,"NUT, HEX PKG OF 4",095691491633
49167,"COUPLING, 535/1822/1224",095691491671
49168,"WASHER, FLAT PKG OF 4",095691491688
49172,"PIN, LOCK",095691491725
49177,"RING, RET INT 1.0DIA N5000-100",095691491770
49178,"COVER, REAR",095691491787
49183,"SOCKET, BATTERY",095691491831
49187,"RING, RET INT 3.00DIA WHM300BA",095691491879
49188,"GASKET, BULKHEAD",095691491886
49193,"KIT, MOTOR UPGRADE 230V 918-I",095691491930
49197,GUARD,095691491978
49198,"ASSEMBLY, LCD",095691491985
49202,PKG OF 2 SPACERS,095691492029
49212,"SCREW, 1/4-20 X 1-3/4 HEX",095691492128
49213,O-RING,095691492135
49215,"DIES, 500B 1-1/8 8N HS",095691492159
49217,"ROLL, GROOVE 2-6"" SCH 10 & 40",095691492173
49218,"GUIDE, FRONT CABLE",095691492180
49220,"DIES, 500B 1-1/4 8N HS",095691492203
49222,"ROLL, DRIVE 2-6"" SCH 10 & 40",095691492227
49225,"DIES, 500B 1-3/8 8N HS",095691492258
49230,"DIES, 500B 1-1/2 8N HS",095691492302
49247,"BOLT, DRAW 11-3/4",095691492470
49250,"DIES, 500B 2"" 8N HS",095691492500
49252,"SCREW, 1/4-20 X 1 HEX",095691492524
49257,"DECAL, WARNING",095691492579
49262,"LABEL, DEPTH ADJUSTMENT",095691492623
49267,"CUTTER, 42A HD PIPE W/F448 JAP",095691492678
49268,"ASSEMBLY, LID HINGE",095691492685
49272R,"HOSE, JET TRAP H1475",095691492722
49273,"KIT, MICRODRAIN POGO PINS",095691492739
49277R,"HOSE, JET TRAP H1400",095691492777
49278R,"BOARD, USB CONNECTOR",095691492784
49293,"DRIVE, 8GB THUMB",095691492937
49298,"BEVELLER, B500 120V 37.5HD",095691492982
49303,"BEVELLER, B-500 220-240V EUROP",095691493033
49305,"DIES, 500B 1"" 14 NS HS",095691493057
49313,"BOARD, SERIAL SR-24",095691493132
49398,"DECAL, WARNING",095691493989
49408,"HEAD, SC-60C ACSR CUT WORLD",095691494085
49418R,"IMAGER, 17MM, 30CM LONG",095691494184
49433,"HANDLE, POWER SPIN CRANK",095691494337
49438,"CABLE, PUSH COMPACT 2",095691494382
49443,"PLATE, POWER SPIN DRIVE",095691494436
49448,"BACK, PWR SPIN DRUM W/SCREWS",095691494481
49453,"TRIGGER, POWER SPIN ASM",095691494535
49462,"WASHER, BRASS",095691494627
49472,"STUD, GROOVED",095691494726
49487,"HOSE,JET H-1215, 1/2 X 150' T",095691494870
49493,"KIT, S/L CAMERA HARDWARE",095691494931
49497,"HEAD, JET 2102 STAINLESS",095691494979
49503,GROMMET,095691495037
49508,"GASKET, BATTERY CAP",095691495082
49518,"HANDLE, ""P"" WRENCH",095691495181
49523,"HANDLE,""B"" WRENCH",095691495235
49528,"RIG, MINI-SEESNAKE CROSSCHEK",095691495280
49533,"ADAPTER, HDD EYEBOLT",095691495334
49538,"CYLINDER, 60KN SUB ASM.",095691495389
49543,"ASSEMBLY, 60KN SUB",095691495433
49548,"CYLINDER, 60KN",095691495488
49553,"VALVE, PRESSURE RELIEF",095691495532
49558,"PISTON, 60 KN",095691495587
49562,"DECAL, WARNING",095691495624
49563,"ASSEMBLY, RP200B 2VT SUB",095691495631
49568,"LEVER, RP200 2VT RELEASE",095691495686
49573,"CYLINDER, RP200 2VT W/EXPANDER",095691495730
49582,"SHUT-OFF, WATER",095691495822
49583,"PISTON, RP200 2VT SUB ASM.",095691495839
49585,"DIES, 500B 1""-5 ACME HS",095691495853
49587,"ADAPTOR, HOSE",095691495877
49588,"CYLINDER, RP200 2VT SUB ASM.",095691495884
49592,"TEE, STREET 1/2 NPT",095691495921
49593,"CYLINDER HEAD, RP200 2VT SUB",095691495938
49600,"DIES, 500B 1-1/4-5 ACME HS",095691496003
49603,"COVER, SC-60C",095691496034
49607,"NUT, BEARING RETAINING",095691496072
49608,"BAG, HARDWARE SC-60C",095691496089
49627,"SHAFT, DRIVE SUB-ASM",095691496270
49648,"SCREWS, PKG OF WASHERS W/",095691496485
49653,"SCREW, W/WASHER",095691496539
49658,"SCREWS, W/WASHERS",095691496584
49662,"CASE, ROLL STORAGE",095691496621
49667,"SCREW, 5/8-11 X 7 HX CP GR 5",095691496676
49707,"DIES,12R 1/2 NPT HS DBL SLT",095691497079
49712,"DIES,12R 3/4 NPT HS DBL SLT",095691497123
49717,"DIES,12R 1"" NPT HS DBL SLT",095691497178
49722,"DIES,12R 1-1/4 NPT HS DBL SLT",095691497222
49727,"DIES,12R 1-1/2 NPT HS DBL SLT",095691497277
49737,"PLATE, LOCKOUT LINED PIPE",095691497376
49742,"WHEEL, CUTTER F3",095691497420
49757R,"WHEEL, CUTTER E5272 BLISTER PK",095691497574
49767,"PEDAL, FOOT",095691497673
49772,COVER,095691497727
49777,"DECAL, MODEL NO.",095691497772
49782R,"VALVE, ASM",095691497826
49787,"ELBOW, 1/4 NPT 90 DEG SWIVEL",095691497871
49792,"WASHER, LOCK 9/16",095691497925
49795,"DIES, 500B 6MM SER A HS",095691497956
49797,"ELBOW, STREET 90 1/4 NPT",095691497970
49802,"BOLT, CARRIAGE 1/4-20 X 1-1/4",095691498021
49805,"DIES, 500B 8MM SER A HS",095691498052
49830,"DIES, 500B 14MM SER A HS",095691498304
49835,"DIES, 500B 16MM SER A HS",095691498359
49840,"DIES, 500B 18MM SER A HS",095691498403
49842,"KIT, PLUNGER KJ2100",095691498427
49847,PKG OF SEALS PLNGR KJ1750/2100,095691498472
49862,"BEARING, ROLLER KJ2100",095691498625
49867,"WASHER, THRUST KJ-2100",095691498670
49872,"COVER, END KJ2100",095691498724
49875,"DIES, 500B 12MM SER A HS LH",095691498755
49877,"SEAL, KJ2100",095691498779
49885,"DIES, 500B 16MM SER A HS LH",095691498854
49895,"DIES, 500B 20MM SER A HS LH",095691498953
49900,"DIES, 500B 22MM SER A HS LH",095691499004
49905R,"DIES, 500B 24MM SER A HS LH",095691499059
49907R,ORIFICE,095691499073
49912,"VALVE, UNITIZED",095691499127
49915,"DIES, 500B 30MM SER A HS LH",095691499158
49917,O-RING,095691499172
49922,"STEM, NEEDLE VALVE",095691499226
49925,"DIES, 500B 36MM SER A HS LH",095691499257
49952,"DIEHEAD, CMPL 12R 1"" BSPP",095691499523
49972,"HANDLE, WRENCH 812",095691499721
49977,"RAIL, FRONT 1224",095691499776
49982,"RAIL, REAR 1224",095691499820
49987,"CARRIAGE, 1224",095691499875
49992,"CARRIAGE, ASM 1224",095691499929
50002,"LEADER,TRAP HOSE F/HL-1,1/4X12",095691500021
50007,"LEADER,JET HOSE F/HL-2,1/2X18""",095691500076
50012,"DIES, UNIV 1/2-3/4 NPT HS PL",095691500120
50040,"DIES, 500B 6MM X 1 ISO HS",095691500403
50048,"SCREW, PKG OF 4",095691500489
50050,"DIES, 500B 8MM X 1.25 ISO HS",095691500502
50060,"DIES, 500B 10MM X 1.5 ISO HS",095691500601
50070,"DIES, 500B 12MM X 1.75 ISO HS",095691500700
50072,"PUMP, TEST 1450 BSPP",095691500724
50075,"DIES, 500B 14MM X 2 ISO HS",095691500755
50080,"DIES, 500B 16MM X 2 ISO HS",095691500809
50085,"DIES, 500B 18MM X 2.5 ISO HS",095691500854
50090,"DIES, 500B 20MM X 2.5 ISO HS",095691500908
50095,"DIES, 500B 22MM X 2.5 ISO HS",095691500953
50100,"DIES, 500B 24MM X 3 ISO HS",095691501004
50105,"DIES, 500B 27MM X 3 ISO HS",095691501059
50107,"SPINDLE, ASM DUAL INSERT",095691501073
50110,"DIES, 500B 30MM X 3.5 ISO HS",095691501103
50115,"DIES, 500B 33MM X 3.5 ISO HS",095691501158
50120,"DIES, 500B 36MM X 4 ISO HS",095691501202
50125,"DIES, 500B 39MM X 4 ISO HS",095691501257
50127,"ROLL, GROOVE COPPER",095691501271
50128,"CASE, MICRO CD-100 SOFT",095691501288
50130,"DIES, 500B 42MM X 4.5 ISO HS",095691501301
50132,"PLATE, HOUSING",095691501325
50137,"BASE, PUMP MOUNT",095691501370
50142R,"BASE, MOUNTING 535 F/918",095691501424
50152,"BASE, MOUNTING 1224 F/918",095691501523
50162R,"INSERT, ROLL BOX",095691501622
50168R,"BASE, VISE W/SPOOL 21A",095691501684
50173R,"BASE, VISE W/SPOOL 23A",095691501738
50178,"BASE, VISE W/SPOOL 25A",095691501783
50183,"BASE,VISE W/SPOOL 27A",095691501837
50188,"PKG OF, 2 SCREWS W/WASHERS",095691501882
50193,"PKG OF, 2 SCREWS W/WASHERS",095691501936
50198,"COVER, DUST",095691501981
50202,PKG OF 2 VINYL CAPS,095691502025
50203,"KIT, NANO RETERM (PARTIAL)",095691502032
50207,"CLAMP, ASM CABLE",095691502070
50208,"KIT, NANO RETERM (FULL)",095691502087
50213,HANDLE,095691502131
50217,PKG OF 5 SCREWS 1/4-20 X 1.25,095691502179
50218,"HANDLE, COMPACT 2",095691502186
50223,"DECAL, WARNING FOOTSWITCH",095691502230
50246,GAUGE FOR 60 BAR-1460E,095691502469
50257,"TOOL, FLARE 458MM",095691502575
50262,"TOOL, FLARE 458MM J",095691502629
50267,"BAR, ASM FLARING 458MM",095691502674
50277,"WRENCH, TORQUE W/LABEL",095691502773
50292R,"PLUG, FLAT HEAD POLYETH 1822",095691502926
50307,"PIN, SPIROL .375 DIA X 1.5 LG",095691503077
50313,"VAC, RED 4G 4000RV",095691503138
50318,"VAC, RED 4.5G 4500RV PROPACK",095691503183
50327,"DIEHEAD, 928 2-1/2-3 BSPT-FE",095691503275
50328,"VAC, RED 10G 1000RV PROPACK",095691503282
50333,"VAC, RED 12G MOB 1250RV",095691503336
50338,"VAC, RED 16G MOB 1650RV",095691503381
50353,"VAC, RED 16G STAINLESS 1610RV",095691503534
50358,"VAC, RED 14G 2STAGE RV2400A",095691503589
50363,"VAC, RED 16G 2STAGE RV2600B",095691503633
50368,"VAC, RED 14G HEPA RV2400HF",095691503688
50373,"VAC, RED 14G W/PULSE RV3410",095691503732
50388,"BEARING, THRUST .505ID X.062L",095691503886
50393,FACEPLATE,095691503930
50398,"SPACER, SWINGARM",095691503985
50403,"NUT, PIVOT",095691504036
50408,"PIN, PIVOT",095691504081
50413,"ROLL, GRIP",095691504135
50418,"SCREW, 1/2 X 1.75 SHOULDER",095691504180
50423,"ROLL, DRIVE",095691504234
50428,"MOTOR, ASM 115V",095691504289
50433,"HOUSING, MTR/GEAR FOR RAILS",095691504333
50438,"HOUSING, GEAR WITH MOTOR MT",095691504388
50443,O-RING,095691504432
50448,"GEAR, CUTTER OUTPUT",095691504487
50453,"SPINDLE, CUTTER",095691504531
50458R,"PLATE, GIB",095691504586
50463,"SLIDE, GIB PLATE",095691504630
50468,"SLIDE, DOVETAIL",095691504685
50473,"GEAR, HAND CRANK DRIVE ROLL",095691504739
50478,"SHAFT, INTERMEDIATE GEAR",095691504784
50483,"SHAFT, PINION INPUT",095691504838
50488,"GEARBOX, HAND CRANK",095691504883
50490,"DIES, 500B 24MM SER A HS",095691504906
50493,"SEAL, .875 X 1.50 X .25 THK",095691504937
50495,"DIES, 500B 25MM SER A HS",095691504951
50497,"LINECORD, GFI",095691504975
50498,"FEEDSCREW, CUTTER",095691504982
50500,"DIES, 500B 27MM SER A HS",095691505002
50502,"LINECORD, GFI 15A 125V 14/3A",095691505026
50503,"FRAME, WELDMENT",095691505033
50507,"LINECORD, GFI 15A 125V 16/3A",095691505071
50508,"SUPPORT, DRIVE ROLL",095691505088
50510,"DIES, 500B 33MM SER A HS",095691505101
50513,"BEARING, FLG 1/2 X 5/8 X 1/2",095691505132
50515,"DIES, 500B 36MM SER A HS",095691505156
50518,"SEAL, 1.00 X 1.25 X .125 THK",095691505187
50523,"WASHER, BRONZE THRUST",095691505231
50525,"DIES, 500B 42MM SER A HS",095691505255
50528,"SCREW, 1 X 2 SHOULDER",095691505286
50530,"DIES, 500B 45MM SER A HS",095691505309
50533,"BEARING, NEEDLE ROLLER",095691505330
50538,"RING, RETAINING 25MM EXT",095691505385
50540,"DIES, 500B 48MM SER A HS",095691505408
50543,"RING, RETAINING 52MM INT",095691505439
50548,"BEARING, CLUTCH ROLLER",095691505484
50550,"DIES, 500B 52MM SER A HS",095691505507
50552,SET OF CONNECTORS,095691505521
50553,"RING, RETAINING .75 EXT",095691505538
50557,"PUMP, TEST 1450 NPT",095691505576
50558,"LABEL, RIDGID",095691505583
50560,"DIES, 500B 10MM SER B HS",095691505606
50563,"SCREW, 3/8-24 X 1.25 SHC",095691505637
50567,"MOTOR, 220V/240V 50/60HZ",095691505675
50568,"PIN, DOWEL .312 X .50",095691505682
50573,"LABEL, WARNING",095691505736
50575,"DIES, 500B 16MM SER B HS",095691505750
50578,"LABEL, INSTRUCTIONS",095691505781
50583,"PIN, CLEVIS W/RING",095691505835
50585,"DIES, 500B 20MM SER B HS",095691505859
50588,"FOOT, FRAME",095691505880
50593,"HANDLE, CUTTER FEEDSCREW W/PIN",095691505934
50598,"PIN, HEAVY DUTY COILED 1/8X3/4",095691505989
50603,"LOCK, HANDLE GIB ASM",095691506030
50608,"SHIELD, BEARING",095691506085
50612,"SWITCHBOX, 300/535 MACH",095691506122
50613,"INSERT, 1/2-13 UNC LH",095691506139
50617,"JUMPER, OUTLET",095691506177
50618,"PLATE, WEAR SET W/SCREWS",095691506184
50623,"SHAFT, 1/2 DRIVE",095691506238
50627,PKG OF 5 CONTACTS,095691506276
50628,"SCREW, CLAMP W/KNOB",095691506283
50632,"SCREW, SHOULDER",095691506320
50633,"CRANK, 1/2 DRIVE ASM",095691506337
50637,"CONTAINER, CABLE K25 W/HANDLE",095691506375
50638,"O-RING, AS568A-120 70A",095691506382
50642,SPACER,095691506429
50643,"LABEL, RIDGID BLK PKG 2",095691506436
50645,"DIES, COND ISO 16-32MM X 1.5",095691506450
50647,"CABLE, S1 1/4 X 15' W/FUNNEL",095691506474
50648,"NUT, #10-32 FLANGE PKG 2",095691506481
50650,"DIES, COND ISO 40-63MM X 1.5",095691506504
50652,"CABLE, S2 1/4 X 25' W/FUNNEL",095691506528
50653,"NUT, LOCK 3/8-16 HVY JAM NYLON",095691506535
50657,"CABLE, S3 1/4 X 35' W/FUNNEL",095691506573
50658R,"SHAFT, INTERMEDIATE GEAR ASM",095691506580
50663,"PCB ASSEMBLY, COMPLETE",095691506634
50668,"CLAMP, EAR 8.9-10.5MM RANGE",095691506689
50672,REPAIR KIT,095691506726
50673,"NUT, CONDUIT 3/8 NPT",095691506733
50678,"SWITCH, FLUSH-PROJECTING",095691506788
50683,"LENS, LED T-1 3/4 CLEAR",095691506832
50688,"BOX, ELECTRONICS",095691506887
50693,"LID, ELECTRONICS BOX",095691506931
50698,"RELAY, 120VAC 30A",095691506986
50700R,"DIES, MONO 1/8 NPT HS",095691507006
50703,"WASHER, #6 NEOPRENE BACK PKG 2",095691507037
50705,"DIES, MONO 1/4 NPT HS",095691507051
50708,"ARMATURE, 115V CC",095691507082
50710,"DIES, MONO 3/8 NPT HS",095691507105
50713,"FIELD, 115V CC",095691507136
50715,"DIES, MONO 1/2 NPT HS",095691507150
50718,"HOUSING, MOTOR BEVELLER",095691507181
50720,"DIES, MONO 3/4 NPT HS",095691507204
50723,"CASE, ONLY F/INSERTS",095691507235
50725,"DIES, MONO 1"" NPT HS",095691507259
50728,"CASE, BEVELLER ACCESSORIES",095691507280
50730,"DIES, MONO 1-1/4 NPT HS",095691507303
50733,"WIRE, DOUBLE DBL 90 ASM",095691507334
50735,"DIES, MONO 1-1/2 NPT HS",095691507358
50738,"WIRE, DOUBLE ASM",095691507389
50740,"DIES, MONO 2"" NPT HS",095691507402
50743,"WIRE, SINGLE ASM",095691507433
50745,"DIES, MONO 1/8 NPT HS F/SS",095691507457
50748,"GAUGE, LANDWIDTH ADJUSTMENT",095691507488
50750,"DIES, MONO 1/4 NPT HS SS",095691507501
50753,"SCREW, #8X1.25TYPE B SS PKG 4",095691507532
50755,"DIES, MONO 3/8 NPT HS SS",095691507556
50758,"SCREW, #10-32X1 CONE PT PKG 2",095691507587
50760,"DIES, MONO 1/2 NPT HS SS",095691507600
50763R,"SET OF, LEFT SWINGARMS",095691507631
50765,"DIES, MONO 3/4 NPT HS SS",095691507655
50767,"CUTTER, 258 2-1/2-8"" PIPE",095691507679
50768,"SET OF, RIGHT SWINGARMS",095691507686
50770,"DIES, MONO 1"" NPT HS SS",095691507709
50773,"ASSEMBLY, ELEC BOX COMPLETE",095691507730
50775,"DIES, MONO 1-1/4 NPT HS SS",095691507754
50777,"GUARD, CUTTER WHEEL",095691507778
50778,"SCREW, #4-20X3/8 PLTITE PKG 4",095691507785
50780,"DIES, MONO 1-1/2 NPT HS SS",095691507808
50782,"HUB, WHEEL W/PINS",095691507822
50783,"TERMINAL, PIGGYBACK",095691507839
50785,"DIES, MONO 2"" NPT HS SS",095691507853
50787,PKG OF 3 DOWEL PINS,095691507877
50792,"PLATE, COVER",095691507921
50793R,"TRANSMITTER, 5W 18V RECHRG DOM",095691507938
50797,"NUT, LOCK ESNA",095691507976
50802,"BEARING, BALL 1.3779ID X.6693L",095691508027
50807,"ARM, PIVOT",095691508072
50812,"WHEEL, CUTTER HD F/258",095691508126
50827,"SHAFT, SPLINED DRIVE",095691508270
50833,"SCREW, PKG OF 2 8-32 X 1.125",095691508331
50837,ROLLER,095691508379
50838,"WASHER, PKG OF 2",095691508386
50842,FRAME,095691508423
50847,"PIN, HITCH W/HAIRPIN COTTER",095691508478
50848,"SHIELD, HUB RM200",095691508485
50852,"PIN, COTTER .120 DIA X 2.81 LG",095691508522
50867,"CLEVIS, BOTTOM",095691508676
50868,"PIN, HITCH PKG OF 2",095691508683
50873,"WASHER, PKG OF 2",095691508737
50877,"CLEVIS, TOP",095691508775
50882,"ARM, REACTION",095691508829
50895,"DIES, MONO 1/2 NPSM HS",095691508959
50905,"DIES, MONO 1"" NPSM HS",095691509055
50910,"DIES, MONO 1-1/4 NPSM HS",095691509109
50915,"DIES, MONO 1-1/2 NPSM HS",095691509154
50918,"BAR, LOCK",095691509185
50920,"DIES, MONO 2"" NPSM HS",095691509208
50958,"GUIDE, DRILL",095691509581
50960,"BEVEL, SET 1-2 37-1/2 DEG",095691509604
50963,"EXPANDER,",095691509635
50965,"BEVEL, SET 1-2 45 DEG",095691509659
50968,"ARBOR, SHAFT ASSEMBLY",095691509680
50977,"PROTECTOR, THREAD",095691509772
50982,REPAIR KIT,095691509826
50985,"GROOVE TOOL, SET 1-2",095691509857
50992,"DECAL, WARNING",095691509925
50997,PKG OF 5 SET SCREWS 5/16,095691509970
51005,"CHUCK, NIPPLE 819 NPT 1/2-2""",095691510051
51010,"CARRIER, NIPPLE CHUCK",095691510105
51020,"WRENCH, NIPPLE CHUCK",095691510204
51022,"PKG OF 5 D992 6TX9"" B-M BLDE",095691510228
51025,"BODY, W/INSERT 819",095691510259
51032,"CYLINDER, 1450 PUMP",095691510327
51035,"INSERT, NIPPLE CHUCK",095691510358
51037,"DECAL, INSTRUCTION 1450",095691510372
51040,"ADAPTOR, STUD 1/8 NPT",095691510402
51042,"HOLDER, ROD 1450",095691510426
51045,"ADAPTOR, STUD 1/4 NPT",095691510457
51047,"PISTON, 1450",095691510471
51050,"ADAPTOR, STUD 3/8 NPT",095691510501
51052,"PIN, PIVOT ROD HOLDER 1450",095691510525
51055,"ADAPTOR, 1/2 NPT",095691510556
51057,"PIN, PIVOT HANDLE 1450",095691510570
51060,"ADAPTOR, STUD 3/4 NPT",095691510600
51062,PKG OF 5 RETAINING CLIPS 1450,095691510624
51065,"ADAPTOR, STUD 1"" NPT",095691510655
51067,"FITTING, RIGHT ANGLE 1450",095691510679
51070,"ADAPTOR, STUD 1-1/4 NPT",095691510709
51072,PKG OF 5 SCREWS #8 1450,095691510723
51075,"ADAPTOR, STUD 1-1/2 NPT",095691510754
51077,PKG OF 2 PANEL FASTENERS,095691510778
51087,PKG OF 2 SET SCREWS 1450,095691510877
51092,"PIN, HITCH W/CABLE ASM 1450",095691510921
51097,"ROD, PISTON 1450",095691510976
51102,"DECAL, SCHEMATIC 1450",095691511027
51107,"COVER, RESERVOIR ASM 1450",095691511072
51112,"CONNECTOR, RT ANGLE 1450",095691511126
51117,"TUBE, PLASTIC 12 1450",095691511171
51122,"GUIDE, PISTON 1450",095691511225
51127,"SEAL, PISTON 1450",095691511270
51132,"SEAL, ROD 1450",095691511324
51137R,PKG OF 5 EXT O-RINGS 1450,095691511379
51147,"ELBOW, STREET 1450",095691511478
51152,"GAUGE, 750 PSI 1450",095691511522
51162,"RESERVOIR, 1450",095691511621
51167,"HOLDER, ROD GUIDE 1450",095691511676
51172,"CROSS, BRASS 1450",095691511720
51177,"GUIDE, ROD 1450",095691511775
51182,"HOSE, SUCTION 8"" 1450",095691511829
51197,"HOSE, PRESSURE NPT 1450",095691511973
51202,"STRAINER, SUCTION 1450",095691512024
51206,"HEAD, EXPANDER 1-3/8",095691512062
51207,"STRAINER, PRESSURE 1450",095691512079
51212,"HANDGRIP, 1450",095691512123
51217,"HANDLE, W/GRIP 1450",095691512178
51222,"GAUGE, 60 BAR 1450",095691512222
51227,"HOSE, PRESSURE BSPT 1450",095691512277
51302,"PIN, 7/32 X 1-1/2",095691513021
51307,"LATCH, RETAINING NUT 151",095691513076
51312,LATCH,095691513120
51317,"CABLE, C9",095691513175
51337R,"RING, RET EXT .25DIA 5133-25",095691513373
51377,"DIES, RECEDING 2-1/2""-3 BSPT",095691513779
51382,"DIES, RECEDING 1-2 BSPT HS",095691513823
51387,"KNOB, NEEDLE VALVE 1450",095691513878
51402,K750 ONLY W/5/8 PIG 115V,095691514028
51407,K750 ONLY W/5/8 PIG 230V,095691514073
51427,"SHAFT, DRIVE 2-6"" SCH 10 & 40",095691514271
51432,"SHAFT, DRIVE ASM 2-6""SCH 10&40",095691514325
51502,PKG OF 2 SPIROL PINS,095691515025
51515,PKG OF 3 SCREW W/NUT,095691515155
51517,"BIT, 3"" PREMIUM RED HS",095691515179
51562,"NOZZLE, H2004 DH ELEC",095691515629
51567,"NOZZLE, 1/4 DROP HEAD F/GAS",095691515674
51570,HANDGRIP,095691515704
51572,"HOSE,WASH H-1235,1/2X35'",095691515728
51587,"HOSE, JET H1211 1/2 X 110'",095691515872
51597,"HOSE,JET H-1220 1/2 X 200'",095691515971
51623R,"KIT, RP330 MAINTENANCE",095691516237
51630,"HANDGRIP, 36S/246",095691516305
51643,"PLATE, REAR REINFORCEMENT",095691516435
51723,"SET SCREW, FULL DOG PT.",095691517234
51728,"PIN, HD COILED 3/16 X 3/4",095691517289
51732,"ROLL, DRIVE COPPER",095691517326
51752,"END, 3/8 REPAIR T122",095691517524
51762R,"AUGER, T409 BULB",095691517623
51778,"STRAP, PIPE HANDLE",095691517784
51783,"JAW, UPPER 21A",095691517838
51792,"HANDLE, LEG",095691517920
51793,"COVER, LOWER BACK 535M",095691517937
51798,"ASM, LCD T2 CS6/6PAK",095691517982
51802,"PIN, SPLIT ROLL .188 X .938",095691518026
51808,"FILTER, PTFE FOR RV 3410",095691518088
51812,"SHAFT, DRIVE 8-12""",095691518125
51813,"ASM, PUSH CABLE D2B",095691518132
51817,"SHAFT, DRIVE 8-12""",095691518170
51818,"ASM, SPRING D2B",095691518187
51822,"ROLL, GROOVE 8-12""",095691518224
51857,"DIEHEAD, CMPL 12R 1/2 NPT PLCT",095691518576
51862,"DIEHEAD, CMPL 12R 3/4 NPT PLCT",095691518620
51867,"DIEHEAD, CMPL 12R 1"" NPT PL CT",095691518675
51872,"DIEHEAD, CMPL 12R 1-1/4 NPT PL",095691518729
51877,"DIEHEAD, CMPL 12R 1-1/2 NPT PL",095691518774
51882,"DIEHEAD, CMPL 12R 2"" NPT PL CT",095691518828
51908,"BASE, HC100",095691519085
51913,"TUBE, HC100 GUIDE",095691519139
51918,"NUT, SWIVEL",095691519184
51933,"KIT, RP310 PLUS TOOL",095691519337
51968,"LABEL, WARNING HC100",095691519689
51973,SHAFT,095691519733
51978,"CARRIAGE, ADAPTOR",095691519788
52047,918 ROLL GROOVER F/JAPAN,095691520470
52078,"HEAD, PH-60C",095691520784
52083,"CASE, RE 6",095691520838
52088,"KIT, RE 6+O HEADS+LIO",095691520883
52093,"KIT, RE 6+3 HEADS+LIO",095691520937
52192,"BEVEL, SET 1/2-3/4 37-1/2 DEG",095691521927
52202,"BEVEL, SET 1/2-3/4 45 DEG",095691522023
52217,"GROOVE TOOL, SET 1/2-3/4",095691522177
52237,"MOTOR, 100V K50 JAPAN",095691522375
52238,"BEARING, PKG OF 2",095691522382
52242,"SCREW, 1/4-20 X 5/8 SHC",095691522429
52243,WASHER,095691522436
52247,"HOUSING, WHEEL CUTTER 763",095691522474
52248,"RING, PKG OF 2 SPIRAL",095691522481
52252,"FRAME, CUTTER 763",095691522528
52253,BOLT,095691522535
52258,"ADAPTER, SDS",095691522580
52263,"SCREW, SET M8 X 8MM",095691522634
52272,"REAMER, 743",095691522726
52277,"CONE, REAMER",095691522771
52278,"SET, PH-60C ACCESSORIES",095691522788
52283,"HEAD, 60 4P-6-R-NA",095691522832
52287,"RING, RETAINING",095691522870
52288,"CABLE, FLEX",095691522887
52292,"RING, RETAINING",095691522924
52293,"ASM, LINE TRACE CABLE",095691522931
52298,"CABLE, POWER CONNECTOR",095691522986
52300,"SHOVEL, 170 LG HDLE RD PT",095691523006
52303,"CABLE, BULKHEAD",095691523037
52305,"SHOVEL, 171 LG HDLE SQ PT",095691523051
52307,"PLATE, CAM 2-1/2-3 BSPT",095691523075
52308,"SCREW, PKG OF 2 #2 X 3/8""",095691523082
52310,"SHOVEL, 172 ""D"" HDLE RD PT",095691523105
52313,CIRCUIT BOARD,095691523136
52315,"SHOVEL, 173 ""D"" HDLE SQ PT",095691523150
52318,"CASE, FRONT CS6PAK",095691523181
52323,"CASE, REAR CS6PAK",095691523235
52328,"PLATE, SUPPORT",095691523280
52337,"PIN, ADJUSTER",095691523372
52342,"SPRING, COMP .240 OD X .88 LG",095691523426
52352R,"KNOB, 1233",095691523525
52363,K400 120V 3/8 X 75 C32 IW,095691523631
52367,"SPRING, COMP .350 OD X 2.60 LG",095691523679
52368,"STUD, DRAW 3/4-16 X 4.63",095691523686
52372,"RETAINER, SPRING SLIDE",095691523723
52373,"STUD, DRAW 3/8-24 X 3",095691523730
52377,"ROLLER, SLIDE",095691523778
52378,"DRILL, STEP BIT",095691523785
52387,"SPRING, TORSION .92 OD X .78LG",095691523877
52388R,"SET, KNOCKOUT SPACERS",095691523884
52397,"PIN, SPLIT ROLL .250 X 3.0",095691523976
52398R,"CASE, CS6PAK",095691523983
52403,"KICKSTAND, LID",095691524034
52412R,"TRIGGER, BOTTOM 2-1/2-3""",095691524126
52413R,"CABLE, LINE TRACE TERMINAL",095691524133
52415,"HANDLE, REPL 303",095691524157
52418,"PLATE, BATTERY",095691524188
52422,"TRIGGER, TOP 1/2-3",095691524225
52423,"DIE, 12T RD CU #8",095691524232
52428,"DIE, 12T RD CU #6",095691524287
52433,"DIE, 12T RD CU #4",095691524331
52438,"DIE, 12T RD CU #2",095691524386
52440,"TOOL, SWAGING 5/8 565",095691524409
52442,"RING, SUPPORT 1/2-3/4 1-2",095691524423
52443,"DIE, 12T RD CU #1",095691524430
52447,"SCREW, 10-24 X 1/2 FLT HD CAP",095691524478
52448,"DIE, 12T RD CU 1/0",095691524485
52452,"CUTTER, 763 1233",095691524522
52453,"DIE, 12T RD CU 2/0",095691524539
52458,"DIE, 12T RD CU 3/0",095691524584
52462,"MOTOR, 115V 3192 1233",095691524621
52463,"DIE, 12T RD CU 4/0",095691524638
52467,"MOTOR, 230V 3292 1233",095691524676
52468,"DIE, 12T RD CU 250",095691524683
52472,"MOTOR, 115V 3192R REV 1233",095691524720
52473,"DIE, 12T RD CU 300",095691524737
52477,"MOTOR, 230V 3292R REV 1233",095691524775
52478,"DIE, 12T RD CU 350",095691524782
52482,"HOUSING, MOTOR 1233",095691524829
52483,"DIE, 12T RD CU 400",095691524836
52488,"DIE, 12T RD CU 500",095691524881
52492,"ARMATURE, 230V BIASED CCW",095691524928
52493,"DIE, 12T RD CU 600",095691524935
52497,"ARMATURE, 115V 1233",095691524973
52498,"DIE, 12T RD CU 750",095691524980
52503,"DIE, 12T RD AL #8",095691525031
52507,"NIPPLE, 1/8 NPT CLOSE",095691525079
52508,"DIE, 12T RD AL #6",095691525086
52512,"COUPLING, 1/8 NPT",095691525123
52513,"DIE, 12T RD AL #4",095691525130
52517,"ELBOW, 1/8 NPP 3/8 COMP MALE",095691525178
52518,"DIE, 12T RD AL #2",095691525185
52522,"GEAR, ASM 1ST INTERMEDIATE",095691525222
52523,"DIE, 12T RD AL #1",095691525239
52527,"GEAR, ASM 2ND INTERMEDIATE",095691525277
52528,"DIE, 12T RD AL 1/0",095691525284
52533,"DIE, 12T RD AL 2/0",095691525338
52538,"DIE, 12T RD AL 3/0",095691525383
52543,"DIE, 12T RD AL 4/0",095691525437
52548,"DIE, 12T RD AL 250",095691525482
52553,"DIE, 12T RD AL 300",095691525536
52558,"DIE, 12T RD AL 350",095691525581
52563,"DIE, 12T RD AL 400",095691525635
52568,"DIE, 12T RD AL 500",095691525680
52573,"DIE, 12T RD AL 600",095691525734
52578,"DIE, 12T RD AL 750",095691525789
52583,"SET, 12T RD CU DIES",095691525833
52588,"SET, 12T RD AL DIES",095691525888
52593,"KIT, RETERM D2B",095691525932
52598,"ASM, BEARING COMPACT 2",095691525987
52603,"GASKET, HUB",095691526038
52608,"PCBA, INTERCONNECT",095691526083
52613,"CABLE, CONNECT",095691526137
52618,"ASM,DRUM COMPACT 2",095691526182
52623,"COVER, HUB",095691526236
52628,"LABEL, HUB CONE",095691526281
52633,"LABEL, RIDGID COMPACT 2",095691526335
52638,"CONE, HUB",095691526380
52643,"DRUM, COMPACT 2",095691526434
52648,"FLANGE, DRUM",095691526489
52653,"GASKET, DRUM",095691526533
52682,"BLADE, 4-6 TPI",095691526823
52702,"BLADE, 18TPI BI-METAL JIG",095691527028
52707R,"BLADE, 24 TPI BI-METAL JIG",095691527073
52735,"ORIFICE, BURNER 04",095691527356
52755,"HOLE SAW, M14 HS REG",095691527554
52760,"HOLE SAW, M16 HS REG",095691527608
52765,"HOLE SAW, M17 HS REG",095691527653
52770,"HOLE SAW, M19 HS REG",095691527707
52775,"HOLE SAW, M21 HS REG",095691527752
52780,"HOLE SAW, M22 HS REG",095691527806
52785,"HOLE SAW, M24 HS REG",095691527851
52790,"HOLE SAW, M25 HS REG",095691527905
52795,"HOLE SAW, M27 HS REG",095691527950
52800,"HOLE SAW, M29 HS REG",095691528001
52805,"HOLE SAW, M30 HS REG",095691528056
52807,"COUPLING, 5/8 HD TOOL",095691528070
52810,"HOLE SAW, M32 HS REG",095691528100
52812,"CUTTER, T230 2"" HD",095691528124
52815,"HOLE SAW, M33 HS REG",095691528155
52817R,"CUTTER, T231 2-1/2 HD",095691528179
52820,"HOLE SAW, M35 HS REG",095691528209
52822,"CUTTER, T232 3"" HD",095691528223
52825,"HOLE SAW, M37 HS REG",095691528254
52830,"HOLE SAW, M38 HS REG",095691528308
52835,"HOLE SAW, M40 HS REG",095691528353
52840,"HOLE SAW, M41 HS REG",095691528407
52842,"RING, RET EXT 2.75DIA WS275",095691528421
52845,"HOLE SAW, M43 HS REG",095691528452
52850,"HOLE SAW, M44 HS REG",095691528506
52855,"HOLE SAW, M46 HS REG",095691528551
52860,"HOLE SAW, M48 HS REG",095691528605
52865,"HOLE SAW, M51 HS REG",095691528650
52870,"HOLE SAW, M52 HS REG",095691528704
52875,"HOLE SAW, M54 HS REG",095691528759
52880,"HOLE SAW, M57 HS REG",095691528803
52885,"HOLE SAW, M59 HS REG",095691528858
52890,"HOLE SAW, M60 HS REG",095691528902
52895,"HOLE SAW, M64 HS REG",095691528957
52898,"KIT, RP340 CONVERSION KIT",095691528988
52900,"HOLE SAW, M65 HS REG",095691529008
52903,"CLAMP, BLOT SENSOR",095691529039
52905,"HOLE SAW, M67 HS REG",095691529053
52910,"HOLE SAW, M70 HS REG",095691529107
52915,"HOLE SAW, M73 HS REG",095691529152
52918,"NUT, HEX PKG OF 8",095691529183
52920,"HOLE SAW, M76 HS REG",095691529206
52923,"SCREW, PKG OF 8 10-32 X 1/2",095691529237
52925,"HOLE SAW, M79 HS REG",095691529251
52928,"CAP, END PKG OF 2",095691529282
52930,"HOLE SAW, M83 HS REG",095691529305
52933,"SCREW, PKG OF 4",095691529336
52935,"HOLE SAW, M86 HS REG",095691529350
52938,O-RING,095691529381
52940,"HOLE SAW, M89 HS REG",095691529404
52943,O-RING,095691529435
52945,"HOLE SAW, M92 HS REG",095691529459
52948,"SCREW, 8 X 3/4 PKG OF 4",095691529480
52950,"HOLE SAW, M95 HS REG",095691529503
52953,"SCREW, 4-40 X 1/2",095691529534
52955,"HOLE SAW, M98 HS REG",095691529558
52957,"HOSE, 1/8 X 25' SINK TRAP",095691529572
52958,"SCREW, PKG OF 4 4-20 X 5/8",095691529589
52960,"HOLE SAW, M102 HS REG",095691529602
52962,"KIT, A40 CABLE",095691529626
52963,"SCREW, PKG OF 4 4-20 X 1",095691529633
52965,"HOLE SAW, M105 HS REG",095691529657
52968,"WASHER, NYLON PKG OF 2",095691529688
52970R,"HOLE SAW, M108 HS REG",095691529701
52972,K50-9 W/A40 CABLE,095691529725
52973,"KIT, RP200 2VT MAINTENANCE",095691529732
52975,"HOLE SAW, M111 HS REG",095691529756
52977,SET OF FRONT JAWS,095691529770
52980,"HOLE SAW, M114 HS REG",095691529800
52982,"HOLDER, INSERT W/PINS",095691529824
52985,"HOLE SAW, M121 HS REG",095691529855
52987,PKG OF 3 SPRINGS .300 X 1.1,095691529879
52990,"HOLE SAW, M127 HS REG",095691529909
52995,"HOLE SAW, M140 HS REG",095691529954
53000,"HOLE SAW, M152 HS REG",095691530004
53005,"HOLE SAW, R14D DEEP CUT",095691530059
53015,"HOLE SAW, R18D DEEP CUT",095691530158
53037,"HOSE, 1/8 X 50' SINK TRAP",095691530370
53052,"WHEEL, W/SPEC WASHERS",095691530523
53065,"ARBOR, R0",095691530653
53072,"BEARING, SLEEVE .4990ID X.375L",095691530721
53078,"GEAR, FACE ASM.",095691530783
53085,"DRILL, 1/4"" PILOT SET OF 3",095691530851
53087,"HANDLE, CRANK GROOVER",095691530875
53088,"WRENCH, SPANNER MDRAIN",095691530882
53097,"BOLT, SHOULDER",095691530974
53103,"AUGER, K-1 PROMO KIT",095691531032
53107,K3800 ONLY,095691531070
53112,K3800 W/C31 & TOOLS,095691531124
53117,K3800 W/C32 & TOOLS,095691531179
53122,K3800 W/C45 & TOOLS,095691531223
53127,K3800 W/C46 & TOOLS,095691531278
53130,PKG OF 2 E1768 6T 945/946BLADE,095691531308
53140,PKG OF 2 E1770 14T 945/946BLAD,095691531407
53155,PKG OF 2 E1776 14T 970/971BL,095691531551
53183,"ASM, TERMINATED CORD",095691531834
53188,"JACKET, PUSH NUT",095691531889
53193,"BOND, PUSH",095691531933
53198,"SHELL, REAR SPRING",095691531988
53203,"SCREW, PKG OF 4",095691532039
53208,"PIN, SPRING STOP",095691532084
53218,"PLATE, SIDE",095691532183
53223,"PLATE, BACKING",095691532237
53228,"MOUNT, SLIP RING",095691532282
53233,"SEAL, FLAT",095691532336
53238,"CABLE GUIDE, MIDDLE",095691532381
53243,"ASM, CABLE GUIDE",095691532435
53248R,"RETAINER, FRONT GUIDE",095691532480
53253,"HOUSING, BEARING",095691532534
53258,"SPACER, BEARING",095691532589
53263,"LABEL, KNOB",095691532633
53268,"LABEL, WARNING",095691532688
53283,"CASE, RE 60-MLR",095691532831
53308,"FRAME, WELDMENT K-400",095691533081
53313,"PIN, 5/16 BENT PULL",095691533135
53318,"SPRING, FLAT",095691533180
53323R,"HANDLE, FOLDING",095691533234
53328,"COLLAR, GUIDE TUBE",095691533289
53333,"MOTOR, 115V",095691533333
53338,"BUSHING, HANDLE",095691533388
53343,"RING, BINDER 2""",095691533432
53348,"CAP, CORD WRAP K400 T2",095691533487
53353,"AXLE, HANDLE K400 T2",095691533531
53363,"HOUSING, TOP ROLLER",095691533630
53373,"PIN, 1/4-20 HINGE",095691533739
53378,"HOUSING, BOTTOM ROLLER",095691533784
53398,"FRAME, K400 T2/3 COMPLETE ASM",095691533982
53403,"RESERVOIR, PISTON",095691534033
53408R,SEAL,095691534088
53413,"RING, WEAR",095691534132
53418,RESERVOIR,095691534187
53423R,"BALL, STEEL",095691534231
53428,"RING, QUAD SEAL",095691534286
53433,"RING, SPIRAL BACK UP",095691534330
53438,"PIN, PUNCH HEAD PIVOT",095691534385
53443,"WASHER, SEALING",095691534439
53448,"SCREW, DIN913 M8X6 SET OF2",095691534484
53453,"BODY, PUNCH HEAD",095691534538
53458,"SEAL,",095691534583
53463,"RING, WEAR",095691534637
53468,"PISTON, PUNCH HEAD",095691534682
53473,"SEAL,",095691534736
53478,"RING, WEAR",095691534781
53483,"CAP, PUNCH HEAD",095691534835
53488,"PLUG, BREATHER",095691534880
53493,"SPRING, COMPRESSION",095691534934
53498,"ASM, FRAME, COMPACT 2",095691534989
53503R,"ASM, HANDLE MOUNTING",095691535030
53508,"SPRING, PKG OF 2",095691535085
53513,"SCREW, PKG OF 2",095691535139
53518,"HANDLE, K400 T2 COMPLETE ASM",095691535184
53523,"SCREW, PKG OF 4",095691535238
53528,"WASHER, PKG OF 2",095691535283
53533,"SCREW, PKG OF 4",095691535337
53548,"SET, 6T RD CU DIES",095691535481
53553,"SET, 6T RD AL DIES",095691535535
53558,"DIE, 6T RD CU #8",095691535580
53563,"DIE, 6T RD CU #6",095691535634
53568,"DIE, 6T RD CU #4",095691535689
53573,"DIE, 6T RD CU #2",095691535733
53578,"DIE, 6T RD CU #1",095691535788
53583,"DIE, 6T RD CU 1/0",095691535832
53588,"DIE, 6T RD CU 2/0",095691535887
53593,"DIE, 6T RD CU 3/0",095691535931
53598,"DIE, 6T RD CU 4/0",095691535986
53603R,"DIE, 6T RD CU 250",095691536037
53608R,"DIE, 6T RD CU 300",095691536082
53613R,"DIE, 6T RD CU 350",095691536136
53618R,"DIE, 6T RD CU 400",095691536181
53623R,"DIE, 6T RD CU 500",095691536235
53628R,"DIE, 6T RD CU 600",095691536280
53633,"DIE, 6T RD AL #8",095691536334
53638,"DIE, 6T RD AL #6",095691536389
53643,"DIE, 6T RD AL #4",095691536433
53648,"DIE, 6T RD AL #2",095691536488
53653,"DIE, 6T RD AL #1",095691536532
53658,"DIE, 6T RD AL 1/0",095691536587
53663,"DIE, 6T RD AL 2/0",095691536631
53668,"DIE, 6T RD AL 3/0",095691536686
53673,"DIE, 6T RD AL 4/0",095691536730
53678,"DIE, 6T RD AL 250",095691536785
53683,"DIE, 6T RD AL 300",095691536839
53688,"DIE, 6T RD AL 350",095691536884
53693,"TOOLBOX, 1224 CASE",095691536938
53698,"LABEL, SIDE PLATE",095691536983
53713,"KICKSTAND, CS65",095691537133
53718,"RETAINER, KICKSTAND",095691537188
53723,"SLEEVE, WIRE",095691537232
53728,"CORD, COILED",095691537287
53733,"PLUG, INNER SPRING",095691537331
53738,"CAP, INNER SPRING",095691537386
53743,"SPRING, INNER",095691537430
53748,"CABLE, SAFETY",095691537485
53753,"NUT, COMPRESSION",095691537539
53758R,"BODY, MAIN",095691537584
53763,"RELEASE, BOTTOM MANUAL",095691537638
53768,"GASKET, COPPER D7X1",095691537683
53773,"GASKET, COPPER D 8X1",095691537737
53778,"HINGE,",095691537782
53783,"PIN, HANDLE",095691537836
53788,"SCREW, M 5X 16",095691537881
53793,"HANDLE,",095691537935
53798,"PIN, HANDLE PKG. OF 2",095691537980
53803,"PIN, HANDLE STOP",095691538031
53808,"ROLLER,",095691538086
53813,PLUNGER,095691538130
53818,"PIN, FEMALE PUMP",095691538185
53823,"GRIP, HANDLE",095691538239
53828,"BLADDER,",095691538284
53833R,"GRIP, BODY",095691538338
53838,"CAP,  INTAKE",095691538383
53843,"CAP,  FREE FLOW",095691538437
53848,"GASKET, COPPER D10 X 1",095691538482
53853R,"GAKET, COPPER D11.5 D8 X 1",095691538536
53858,"PISTON,",095691538581
53863R,"GUIDE, CYLINDER",095691538635
53868,"CYLINDER, INNER",095691538680
53873,"ROD, CYLINDER",095691538734
53878,"INSERT, VALVE",095691538789
53883,"GASKET, COPPER 6.5X1 PKG. OF 2",095691538833
53888,"BALL, PLG. OF 2",095691538888
53893,"SPRING,",095691538932
53898,"VALVE,",095691538987
53903,"SPRING,",095691539038
53908,"BALL, PKG. OF 3",095691539083
53913,"SCREW, M8X6 PKG. OF 4",095691539137
53918R,"BALL, D6.35 PKG OF 2",095691539182
53923,"SPRING,",095691539236
53928,"PIN, D3X14 PKG OF 3",095691539281
53933,"RING, RETAINING PKG OF 4",095691539335
53938,"RING, RETAINING PKG OF 2",095691539380
53943,"WASHER, STOP",095691539434
53948,"SCREW, M5 X10",095691539489
53953,"BALL, D8",095691539533
53955,PKG OF 3 E1261 8 TPI BLADE,095691539557
53958,"SPRING, VALVE",095691539588
53960,PKG OF 3 E1262 10TPI BLADE,095691539601
53963,"VALVE, 130 KN",095691539632
53965R,PKG OF 3 E1263 14TPI BLADE,095691539656
53968,"VALVE, 12 TON",095691539687
53970,PKG OF 3 E1264 18 TPI BLADE,095691539700
53973,"O-RING,",095691539731
53978,"MAGNET, D3X2",095691539786
53983,"SEAL, M12",095691539830
53987,"BOX, ROLL PLASTIC 918",095691539878
53988,"O-RING,",095691539885
53993,"WASHER,",095691539939
53998,"TAP,",095691539984
54002,"SCROLL, CENTERING 1233",095691540027
54003,"GUIDE, BUTTON",095691540034
54007,PKG OF 5 ROLL PINS,095691540072
54008,"PIN, D3X20",095691540089
54012R,"BACKPLATE, CENTERING 1233",095691540126
54013R,"GUIDE,",095691540133
54017R,"BEARING, SPINDLE",095691540171
54018,"ASM, DIE PIN",095691540188
54022,PKG OF 2 OIL BALL VALVES,095691540225
54023,"HOLDER, DIE",095691540232
54028,"SPRING,",095691540287
54033,"O-RING,",095691540331
54037,"WEDGE, MOTOR 1233",095691540379
54038,"CLAMP, PKG OF 3",095691540386
54042,PKG OF 4 SCREWS M10 1.5,095691540423
54043,"ASSEMBLY, COVER",095691540430
54047,"TRAY, CHIP 1233",095691540478
54048,"CAP, INNER",095691540485
54052,"LINER, OIL PAN 1233",095691540522
54053,"ASSEMBLY, MANUAL RELEASE",095691540539
54057,"BASE, 1233",095691540577
54058,"BUTTON, RELEASE",095691540584
54063,"HANDLE, FIXED",095691540638
54067,"SPINDLE, ASM 1233",095691540676
54068,"LEVER, MANUAL RELEASE",095691540683
54072,"HAMMERWHEEL, 1233",095691540720
54073,"SEAL,",095691540737
54077,"SCROLL, CHUCK 1233",095691540775
54078,"O-RING,",095691540782
54082,"CAP, CHUCK 1233",095691540829
54083,"O-RING,",095691540836
54087,SET OF CHUCK JAWS,095691540874
54088,"KIT, O-RING",095691540881
54092,"GUARD, CHIP 1233",095691540928
54093,"SCREW, M3 X 10",095691540935
54097,"VALVE, SPOOL 1233",095691540973
54098,"WASHER, PKG OF 2",095691540980
54102,"O-RING, .375 ID X .06 THK",095691541024
54103R,"RING,",095691541031
54107,"RING, RET EXT .50DIA 5103-50",095691541079
54108,"O-RING,",095691541086
54112,"RAIL, REAR 1233",095691541123
54113,"RING,",095691541130
54115R,"SNIPS, 786 R H AVIATION",095691541154
54117,"RAIL, FRONT 1233",095691541178
54118R,"O-RING,",095691541185
54120R,"SNIPS, 787 L H AVIATION",095691541208
54122,"CAP, 1233",095691541222
54123R,"CAP, PISTON END",095691541239
54125,"SNIPS, 788 STRAIGT AVIATION",095691541253
54127,"CARRIAGE, 1233",095691541277
54128,"HOLDER, SCREW",095691541284
54132,"STOP, CARRIAGE 1233",095691541321
54133,"LABEL, PATENT PENDING",095691541338
54135R,"TRIMMER, CABLE 87 ACSR",095691541352
54137,"SCREW, 5/16-18 X 1/2 RH MACH",095691541376
54140,"CASE, CARRYING 87",095691541406
54142R,"FITTING, BULKHEAD 1233",095691541420
54145,"FRAME, 87 CUTTER",095691541451
54147,"TUBING, OIL FILTER 1233",095691541475
54148,"RING, SPIRAL",095691541482
54150,"CUTTER, 87",095691541505
54152,"HOSE, 20"" PUMP FILTER 1233",095691541529
54153,"NAMEPLATE, RE130",095691541536
54157,"SWITCH, FOR/OFF/REV 300A",095691541574
54158,"DECAL, MAINTENANCE",095691541581
54160,"HOLDER, 87 BUSHING",095691541604
54162,"SCREW, 6-32 X 1/2 FH MACH",095691541628
54163R,"DECAL, WARNING",095691541635
54165,"BAR, W/FEEDSCREW 87",095691541659
54167R,"PLATE, SWITCH 1233",095691541673
54172,"GASKET, SWITCH 1233",095691541727
54183,"HOSE, 8' PRO FOR 1-7/8"" ACC",095691541833
54187,SET OF 10 SCW 8-32X5/8 FLT HD,095691541871
54188,"HOSE, 15' PRO FOR 2.5"" ACC",095691541888
54192,"TERMINAL, A18-10",095691541925
54193,"HOSE, 8' PRO FOR 2.5"" ACC",095691541932
54197,"FEEDSCREW, W/HANDLE 1233",095691541970
54202,"FRAME, CUTTER 1233",095691542021
54208,"FILTER, VF3400 HALF HT. DIRT",095691542083
54212,SET OF 3 JAW INSERTS,095691542120
54213,"FILTER, VF3600 HALF HT. HEPA",095691542137
54217,SET OF 3 JAW INSERTS F/COATED,095691542175
54218,"FILTER, VF3700 HALF HT. WET",095691542182
54222,"CLAMP, CORD NYLON 1233",095691542229
54223,"HOSE, VT1721 7' EXPANDABLE",095691542236
54227,"SWITCH, PUSHBUTTON 1233",095691542274
54228R,"ASSEMBLY, 535M SPINDLE",095691542281
54232,"CLAMP, CORD HEYCO",095691542328
54257,"BUSHING, 1405",095691542571
54268R,"O-RING, PKG OF 4",095691542687
54270,"WHEEL, CUTTER E4695 87",095691542700
54273,"CUTTER, MC-20 MANUAL",095691542731
54275,"SCREW, W/FASTNER 87",095691542755
54280,"SCREW, W/WING NUT 87",095691542809
54285,"ROLL, 87",095691542854
54290,WASHER,095691542908
54295R,"PLUG, 87 CABLE TRIMMER",095691542953
54300,"PIN, SPLIT ROLL .250 X 1.50",095691543004
54302,"PLUG, PIPE 3/4 NPT PLASTIC",095691543028
54305,"SCREW, WHEEL 87",095691543059
54307,PKG OF 6 DRIVE PINS,095691543073
54310,"WASHER, 9/16 SP",095691543103
54317,"WRENCH, BOX",095691543172
54320,"BUSHING, 87",095691543202
54327,"PIN, BOTTOM CLEVIS",095691543271
54340,"BUSHING, 87",095691543400
54347,"BASE, SWITCH 1",095691543479
54352,"BASE, SWITCH 2",095691543523
54355,"BUSHING, 87",095691543554
54357,PKG OF 4 SCREWS 10-24 X 27/32,095691543578
54360,"BUSHING, 87",095691543608
54362,"COVER, BOTTOM",095691543622
54367,INSULATOR,095691543677
54370,"BUSHING, 87",095691543707
54372,"SEAL, FOOTSWITCH",095691543721
54377,"BRACKET, DOUBLE SWITCH",095691543776
54378,"CASTER,",095691543783
54380,"BUSHING, 87",095691543806
54382,"COVER, FOOTSWITCH",095691543820
54383,"BAG, LOOSE PARTS",095691543837
54388,"ASSEMBLY, FILTER CAGE",095691543882
54390,"BUSHING, 87",095691543905
54393,"ASSEMBLY, FLOAT TUBE",095691543936
54397,"CART, TRANSPORT F/258",095691543974
54398,"MODULE, CONTROL",095691543981
54403,"TUBE, PKG OF 3",095691544032
54407,300 COMPACT 115V FAR EAST,095691544070
54408,"HARNESS, WIRING",095691544087
54412,300 COMPACT 220-240V FAR EAST,095691544124
54413,"ASSEMBLY, MOTOR COVER",095691544131
54418,"ASSEMBLY, POWER HEAD",095691544186
54423,"ASSEMBLY, DRUM",095691544230
54427,"FEED, ASM MANUAL K750",095691544278
54428,"ASSEMBLY, VALVE",095691544285
54430,"BUSHING, 87",095691544308
54433,"ACTUATOR, W/BRACKET",095691544339
54435,"BUSHING, 87",095691544353
54437,"DIEHEAD, 728 2 1/2-3 NPT",095691544377
54438,"HOLDER, ACCESSORY",095691544384
54440,"BUSHING, 87",095691544407
54445,"BUSHING, 87",095691544452
54448,"ASSEMBLY, DRUM LATCH",095691544483
54450,"BUSHING, 87",095691544506
54452,"DIES, RECEDING 2-1/2""-3 NPT HS",095691544520
54453,"ASSEMBLY, LID",095691544537
54455,"BUSHING, 87",095691544551
54458,"ASSEMBLY, DRUM COMPLETE",095691544582
54460,"BUSHING, 87",095691544605
54462,"DIEHEAD, ASM 12R 1"" BSPT",095691544629
54463,"ASSEMBLY, POWER BASE",095691544636
54465,"BUSHING, 87",095691544650
54468,"ASSEMBLY, FILTER CAGE",095691544681
54473,"ASSEMBLY, DRUM LATCH",095691544735
54478,"ASSEMBLY, GROUNDING SPRING",095691544780
54480,"BUSHING, 87",095691544803
54482,300 COMPACT 220-240V FE NPT,095691544827
54483,"LID,",095691544834
54485,"BUSHING, 87",095691544858
54487,"WASHER, LOCK 1/4 SHAKEPROOF",095691544872
54488,"ASSEMBLY, BLOWER",095691544889
54490,"BUSHING, 87",095691544902
54493,"CAGE, FILTER",095691544933
54498,"DRUM, DUST",095691544988
54500,"BUSHING, 87",095691545008
54502,"BUSHING, FRONT SPINDLE",095691545022
54503,"SWITCH, ACTUATOR",095691545039
54505,"BUSHING, 87",095691545053
54507,"STOP, CARRIAGE",095691545077
54508,"ASSEMBLY, DUST DRUM",095691545084
54512,"CARRIAGE, 300 COMPACT",095691545121
54513,"BAG, ACCESSORY",095691545138
54515,"BUSHING, 87",095691545152
54517,"PAN, DRIP ASM 1233",095691545176
54518,"MUFFLER, DIFFUSER",095691545183
54520,"BUSHING, 87",095691545206
54522,"HOUSING, BASE",095691545220
54523,"ASSEMBLY, HANDLE",095691545237
54528,"BAG, STORAGE",095691545282
54530,"BUSHING, 87",095691545305
54532,"SCREW, MOTOR COVER",095691545329
54533,"ASSEMBLY, CORD",095691545336
54535,"BUSHING, 87",095691545350
54537,"GEAR, ASM MAIN DRIVE",095691545374
54540,"BUSHING, 87",095691545404
54542,"ARMATURE, ASM 230V",095691545428
54543,"ASSEMBLY, POWER HEAD",095691545435
54545R,"BUSHING, 87",095691545459
54547R,"GEAR, ASM 2ND",095691545473
54548,"HOLDER, ACCESSORY STORAGE",095691545480
54552R,"HOUSING, ASM FAN",095691545527
54553,"PAD, FOAM",095691545534
54558,"WAND, BLOWER",095691545589
54562,"RING, TOOL K3800",095691545626
54563,"ASSEMBLY, DRUM",095691545633
54565,"BUSHING, 87",095691545657
54568,"SWIVEL, CORD",095691545688
54570,"BUSHING, 87",095691545701
54573,"COLLECTOR,",095691545732
54575,"BUSHING, 87",095691545756
54577,1233 220-240V NPT FAR EAST,095691545770
54578,"LATCH, DRUM",095691545787
54580,"BUSHING, 87",095691545800
54582,"TABLE, MOTOR K1500",095691545824
54587,"KIT, MOUNTING 343-141",095691545879
54588,"GASKET, UPPER LID",095691545886
54593,"ASSEMBLY, POWER HEAD",095691545930
54595,"BUSHING, 87",095691545954
54598,"LID, LOWER",095691545985
54600,"BUSHING, 87",095691546005
54603,"LID, UPPER",095691546036
54608,"MANIFOLD,",095691546081
54613,"HANDLE, CARRY",095691546135
54615,"BUSHING, 87",095691546159
54618,"DOOR, ACCESS",095691546180
54620,"BUSHING, 87",095691546203
54623,"CAGE, FILTER",095691546234
54625,"BUSHING, 87",095691546258
54628,"SWITCH, ACTUATOR",095691546289
54630,"BUSHING, 87",095691546302
54633,"SWITCH, ELECTRICAL",095691546333
54635,"BUSHING, 87",095691546357
54638,"HANDLE, METAL PUSH",095691546388
54643,"CORD, ALCI POWER",095691546432
54645,"BUSHING, 87",095691546456
54648,"MOTOR, ASSEMBLY 115V",095691546487
54650,"BUSHING, 87",095691546500
54653,"MOTOR, ASSEMBLY 115V",095691546531
54655,"BUSHING, 87",095691546555
54658,"GUIDE, MINI-SEESNAKE CAMERA",095691546586
54660,"BUSHING, 87",095691546609
54665,"BUSHING, 87",095691546654
54670,"BUSHING, 87",095691546708
54673,"ASSEMBLY, DRUM COMPLETE",095691546739
54675,"BUSHING, 87",095691546753
54677,LATCH,095691546777
54678,"HOLDER, ACCESSORY",095691546784
54680,"BUSHING, 87",095691546807
54682,LATCH,095691546821
54683,"ASSEMBLY, FLOAT TUBE",095691546838
54687,LINK,095691546876
54688,"ASSEMBLY, HANDLE BRACKET",095691546883
54690,"BUSHING, 87",095691546906
54692,LINK,095691546920
54693,"ASSEMBLY, RET HANDLE",095691546937
54695,"BUSHING, 87",095691546951
54698,"ASSEMBLY, WHEEL",095691546982
54700,"BUSHING, 87",095691547002
54705,"BUSHING, 87",095691547057
54715,"BUSHING, 87",095691547156
54717,"HANDLE, FORM",095691547170
54722,SET OF ROLLERS W/PINS,095691547224
54725,"BUSHING, 87",095691547255
54730,"BUSHING, 87",095691547309
54737,"BOLT, FORM HANDLE",095691547378
54742,"BOLT, SHOE HANDLE",095691547422
54747,SET OF HAND GRIPS,095691547477
54750,"BUSHING, 87",095691547507
54757,"WASHER, WAVE 1/2",095691547576
54760,"BUSHING, 87",095691547606
54765,"BUSHING, 87",095691547651
54767,"RING, SNAP",095691547675
54770,"BUSHING, 87",095691547705
54772,WASHER,095691547729
54775,"BUSHING, 87",095691547750
54777,WASHER,095691547774
54780R,"BUSHING, 87",095691547804
54782,PKG OF 2 RIVETS/2 PINS,095691547828
54797,"MOTOR, 115V 2192R",095691547972
54802,"MOTOR, 230V 2292R",095691548023
54807,"NOZZLE, 1/4 NPT DROP HEAD BR",095691548078
54812,PKG OF 5 WASHERS,095691548122
54815,"BUSHING, 87",095691548153
54820,"BUSHING, 87",095691548207
54825R,"BUSHING, 87",095691548252
54830R,"BUSHING, 87",095691548306
54832,"BLADE, T204",095691548320
54835R,"BUSHING, 87",095691548351
54837,"CUTTER, T204 C",095691548375
54842,"CUTTER, T141 KNIFE BLADE 1-1/2",095691548429
54847,"BLADE, T141",095691548474
54852R,"CUTTER, T142 KNIFE BLADE 2-1/2",095691548528
54860,"BUSHING, 87",095691548603
54865,"BUSHING, 87",095691548658
54875,"BUSHING, 87",095691548757
54887,"PIN, ROLLER W/CLIP",095691548870
54890,"BUSHING, 87",095691548900
54895,"BUSHING, 87",095691548955
54897,"KNOB, 258",095691548979
54910,"BUSHING, 87",095691549105
54915,"BUSHING, 87",095691549150
54925R,"BUSHING, 87",095691549259
54930,"BUSHING, 87",095691549303
54935,"BUSHING, 87",095691549358
54940,"BUSHING, 87",095691549402
54942,"PEDAL, FOOT HF31",095691549426
54945,"BUSHING, 87",095691549457
54947,"PEDAL, RELEASE HF31",095691549471
54955,"BUSHING, 87",095691549556
54962,"RESERVOIR, HF31",095691549624
54965,"BUSHING, 87",095691549655
54970,"BUSHING, 87",095691549709
54972,"SCREW, SET",095691549723
54975,"BUSHING, 87",095691549754
54980,"BUSHING, 87",095691549808
54992,"KIT, TOOL T270",095691549921
54995,"BUSHING, 87",095691549952
55000,"BUSHING, 87",095691550002
55002,"DRUM, A380 STD",095691550026
55005,"BUSHING, 87",095691550057
55007,"DRUM, A381 SINK",095691550071
55010,"BUSHING, 87",095691550101
55012,"DRUM, A381A SINK W/CABLE",095691550125
55015R,"BUSHING, 87",095691550156
55017,"CART, A382 TRANSPORT",095691550170
55023,"ADAPTER, BEVELLER TO TRISTAND",095691550231
55025,"BUSHING, 87",095691550255
55040,"BUSHING, 87",095691550408
55065,"BUSHING, 87",095691550651
55070,"BUSHING, 87",095691550705
55075,"BUSHING, 87",095691550750
55080,"BUSHING, 87",095691550804
55083,"BEVELLER, B500 120V 45HD",095691550835
55085,"BUSHING, 87",095691550859
55088,"BEVELLER, B500 120V 30HD",095691550880
55093,"BEVELLER, TRANS. 220-240V45 HD",095691550934
55098,"BEVELLER, TRANS.220-240V30 HD.",095691550989
55100,"BUSHING, 87",095691551009
55108,"JAW, 24 RLS 1/4""",095691551085
55110,"BUSHING, 87",095691551108
55113,"JAW, 24 RLS 5/16""",095691551139
55118,"JAW, 24 RLS 3/8""",095691551184
55123,"JAW, 24 RLS 1/2""",095691551238
55125,"BUSHING, 87",095691551252
55128,"JAW, 24 RLS 5/8""",095691551283
55133,"JAW, 24 RLS 3/4""",095691551337
55138R,"JAW, 24 RLS 7/8""",095691551382
55143,"JAW, 24 RLS 1-1/8""",095691551436
55145,"BUSHING, 87",095691551450
55148,"JAW, 24 RLS 1-3/8""",095691551481
55150,"BUSHING, 87",095691551504
55175R,"BUSHING, 87",095691551757
55183,"BATTERY, 12V LI-ION 2.5AH",095691551832
55193,"CHARGER, 12V LI-ION 120V NA",095691551931
55195,"BUSHING, 87",095691551955
55200,"BUSHING, 87",095691552006
55205,"BUSHING, 87",095691552051
55207,"THREADER, 12R 1/2-2 PL CTD PIP",095691552075
55215,"BUSHING, 87",095691552150
55220,"BUSHING, 87",095691552204
55222R,"PIN, SPLIT ROLL .125 X .88",095691552228
55223,"MOTOR, ASM 230V",095691552235
55225R,"BUSHING, 87",095691552259
55228,"ARMATURE, 230V CC",095691552280
55230,"BUSHING, 87",095691552303
55232,"CUTTER, 763 PLASTIC",095691552327
55233,"FIELD, 230V CC",095691552334
55235,"BUSHING, 87",095691552358
55238,"STANDOFF, 1/4 PC SPACER PKG 2",095691552389
55242,"KIT, CHUCK ASM K38",095691552426
55243,"WASHER, #8 RETAINING NYLON PKG",095691552433
55245,"BUSHING, 87",095691552457
55247,"CABLE, CHUCK K38",095691552471
55248,"ASSEMBLY, ELEC BOX COMPLT 230V",095691552488
55250,"BUSHING, 87",095691552501
55252,"WASHER, SPACER",095691552525
55253,"PCB ASSEMBLY, COMPLETE 230V",095691552532
55257,"ADAPTOR, CHUCK K38",095691552570
55258,"RELAY, 230VAC 16A",095691552587
55263,"BREAKER, CIRCUIT 8AMP",095691552631
55265,"BUSHING, 87",095691552655
55268,"RELIEF, STRAIN PIGTAIL",095691552686
55270,"BUSHING, 87",095691552709
55273,"WIRE, DOUBLE ASM",095691552730
55275,"BUSHING, 87",095691552754
55278,"WIRE, DOUBLE ASM",095691552785
55280,"BUSHING, 87",095691552808
55283,"CAPACITOR,",095691552839
55288,"MOTOR, ASM 110V UK",095691552884
55290,"BUSHING, 87",095691552907
55293,"FIELD, 115V UK",095691552938
55295,"BUSHING, 87",095691552952
55298R,"ASSEMBLY, ELEC BOX CPLT 110 UK",095691552983
55303,"PCB ASSEMBLY, COMPLETE 110V UK",095691553034
55305,"BUSHING, 87",095691553058
55308R,"RELAY,",095691553089
55310,"BUSHING, 87",095691553102
55313,"NUT, PUSH PKG OF 4",095691553133
55447,"DIEHEAD, 725 GROOVING",095691554475
55452,"CUTOFF, 766 SARAN",095691554529
55457,"AUGER, T225 RETRIEVING",095691554574
55467,"CABLE, C46 1/2 X 90'",095691554673
55618,"STRAP, VELCRO",095691556189
55623,"ASM, TERMINATION D2A",095691556233
55628,"ASM, TERMINATION D2B",095691556288
55633,"SCREW, PKG OF 4 #8-32 X 5/16""",095691556332
55638,"WASHER, PKG OF 4",095691556387
55643,"CABLE, D2B RAW W/ DRY TERM",095691556431
55653,"LID, ELEC BOX ALUM",095691556530
55658,"WIRE, 16GA GRN/YEL W/RING TERM",095691556585
55663,"ASSEMBLY, KNOB W/HOOK",095691556639
55668,"EXTENSION, 1/2"" SQ DR X 10""",095691556684
55708,"HANDLE, FIXED STRAPLOCK",095691557087
55713,"HANDLE, STRAPLOCK MOVABLE",095691557131
55718,"LOCK, CAM",095691557186
55723,"PIN, HANDLE",095691557230
55728,"RING, PKG OF 2 RETAINING",095691557285
55733,"SPRING, TORSION",095691557339
55738,"PIN, STRAP",095691557384
55743,"RING, PKG OF 2 RETAINING",095691557438
55748,"CAP, PIPE HANDLE",095691557483
55763,"KIT, PH60C SEAL",095691557636
55808,"DRAIN CLEANER, POWERCLEAR",095691558084
55813,"CLAMP, LCD CONNECTOR",095691558138
55843,"ASSEMBLY, FILTER 110V UK",095691558435
55898,"CAMERA, MICRO CA-350 NA LI",095691558985
55903,"CAMERA, MICRO CA-350 EUR LI",095691559036
55913,"HEAD, CYLINDER RP306",095691559135
55943,"NAMEPLATE, RE 12-M",095691559432
55983,"CABLE, 1/4 X 30 IC 085WS",095691559838
56032,"KIT, MOUNTING 1233 F/918",095691560322
56037,"BASE, MOUNTING 918 F/1233",095691560377
56053,"WRENCH, STRAPLOCK 6 PACK",095691560537
56077,"PLATE, CAM 2-1/2-3 NPT",095691560773
56107,"BLOCK, BEARING W/FR BRNG",095691561077
56112,"BEARING, FRONT K3800",095691561121
56117,"RING, RETAINING",095691561176
56122,"DRUM, CABLE INNER K3800",095691561220
56123,"CASE, 24 RLS JAW CARRY",095691561237
56127,"SUPPORT, ASM GUIDE TUBE",095691561275
56132,"TUBE, GUIDE",095691561329
56137,"DRUM, CABLE K3800",095691561374
56147,"CLAMP, ASM CABLE",095691561473
56152,PKG OF 6 SCREWS 1/4-20,095691561527
56157,"BEARING, FLANGE K3800",095691561572
56158,"ASSEMBLY, CORD",095691561589
56162,"SUPPORT, DRUM W/FLANGE BEARING",095691561626
56163,"ASSEMBLY, FILTER & LEAD",095691561633
56167,"LUG, DRIVE",095691561671
56172,PKG OF 2 PIVOT PINS,095691561725
56173,"COVER, SWITCH",095691561732
56177,PKG OF 5 ROLL PINS,095691561770
56178,"ASSEMBLY, CORD",095691561787
56182,YOKE,095691561824
56187,"CLAMP, BEARING FRONT",095691561879
56188,"ASSEMBLY, BLOWER",095691561886
56192,"KNOB, HANDLE K3800 DRUM MACH",095691561923
56197,BASE,095691561978
56198,"ASSEMBLY, MOTOR 230V",095691561985
56203,"HOSE, DUAL-FLEX LOCKING",095691562036
56207,"MOTOR, 115V W/GEARBOX",095691562074
56208,"ASSEMBLY, CORD",095691562081
56213,"ASSEMBLY, CORD",095691562135
56217,"HOUSING, GEARBOX W/BEARINGS",095691562173
56218,"ASSEMBLY, MOTOR 230V",095691562180
56222,BEARING/SEAL SET 700-0100-001,095691562227
56223,"NAMEPLATE, RE60",095691562234
56227,"SHAFT, ASM OUTPUT",095691562272
56238,"COVER, ACCESS",095691562388
56247,COVER,095691562470
56248,"MOUNT, LCD",095691562487
56252,"SWITCH, TOGGLE K3800",095691562524
56253,"KEYPAD, CS65",095691562531
56257,"GASKET, COVER",095691562579
56258,"RETAINER, BUMPER",095691562586
56262,"HOUSING, MOTOR",095691562623
56263,"RETAINER, TORSION BAR",095691562630
56267,SET OF BRUSH HOLDERS,095691562678
56268R,"ROD, TORSION",095691562685
56272,"SCREW, BRUSH HOLDER",095691562722
56273R,"PLATE, HINGE",095691562739
56277,SET OF BRUSHES,095691562777
56282,SET OF BRUSH CAPS,095691562821
56287,"STUD, FIELD",095691562876
56288,"ASM, COVER",095691562883
56292,"FIELD, ASM",095691562920
56293,"SCREW, PKG OF 6",095691562937
56297,"WASHER, WAVY",095691562975
56298,"ASM, HANDLE CS65",095691562982
56302,"BEARING, ARMATURE",095691563026
56303,"CABLE, LINE TRACE",095691563033
56307,ARMATURE,095691563071
56312,BEARING,095691563125
56313,"ASM, BOTTOM CASE CS65",095691563132
56318,"FOOT, REAR CS65",095691563187
56323,"FOOT, FRONT RIGHT CS65",095691563231
56328,"FOOT, FRONT LEFT CS65",095691563286
56333,"GASKET, COVER",095691563330
56337,"DIES, 12R 3/8 BSPT HS DBL SLT",095691563378
56342,"DIES, 12R 1/2 BSPT HS DBL SLT",095691563422
56347,"DIES, 12R 3/4 BSPT HS DBL SLT",095691563477
56353,"STRAP, USB",095691563538
56358,"COVER, PCB",095691563583
56363R,"GUARD, HARD DRIVE W/FOAM",095691563637
56367,"DIES, 12R 2"" BSPT HS DBL SLT",095691563675
56368,"ASM, KEYBOARD CS65",095691563682
56373,"BOARD, USBA",095691563736
56378,"BOARD, USB CONNECTOR",095691563781
56383,"GASKET, CS65 HOUSING",095691563835
56388,"ASM, CS 65 TOP PLATE",095691563880
56393,"ASM, CS65 HOUSING PLUG",095691563934
56398,"SEAL, LCD SPACER",095691563989
56423,"PLATE, LATCH",095691564238
56428,"RETAINER, COVER HINGE",095691564283
56433,"GASKET, USB COVER",095691564337
56448,"COVER, USB",095691564481
56453,"SET, DECAL CS65",095691564535
56458,"HINGE, PIN CS65",095691564580
56463,"RETAINERS, HINGE PIN",095691564634
56482,"ROLL, U-GROOVE 200-300MM",095691564825
56513,"BATTERY, 18V 2.5AH LI-WORLD",095691565136
56518,"BATTERY, 18V 5.0AH LI-WORLD",095691565181
56532,"STAND, PIPE LEG F/1233 EUR",095691565327
56553,"BUMPER, HINGE",095691565532
56612,"STRAINER, CHEMICAL W/TUBE",095691566126
56618,"BEARING,REAR",095691566188
56623,"BEARING, REAR D2B",095691566232
56628,"BEARING, REAR CMPCT 2",095691566287
56632,"KIT, PIVOT PIN 916",095691566324
56643,"ASM, KEYBOARD (AZERTY)",095691566430
56648,"CIRCUIT BOARD, CS65KPAD",095691566485
56653,"BLOCK, EMPTY",095691566539
56657,"STAND, VJ98 V-HEAD LOW PIPE",095691566577
56658,"AUGER, K-6P",095691566584
56662,"STAND, VJ99 V-HEAD HIGH PIPE",095691566621
56667,"STAND, RJ98 ROLLER LOW PIPE",095691566676
56672,"STAND, RJ99 ROLLER HIGH PIPE",095691566720
56682,"STAND, CJ99 CONVEYOR HIGH PIPE",095691566829
56693,"SLEEVE, DIE PIN",095691566935
56698,"PIN, DIE",095691566980
56703,"RING, PKG 2 SPIRAL",095691567031
56708,"SPRING, PKG OF 2",095691567086
56713,"COVER, PKG OF 2 ROLLER",095691567130
56718,"BOLT, PKG OF 4",095691567185
56728,"COVER, FRONT",095691567284
56733,WASHER,095691567338
56738,"DRUM, FRONT",095691567383
56743,"SPACER, GUIDE TUBE",095691567437
56748,"TUBE, GUIDE",095691567482
56753,"BACK, DRUM",095691567536
56758,"COVER, JAW",095691567581
56763,"BACK, DRUM",095691567635
56768,"COUPLING, CLUTCH",095691567680
56773,"GEARBOX, POWER CLEAR",095691567734
56778,"ADAPTER, GEARBOX",095691567789
56782,"CABLE, C1 IC 25' NTW",095691567826
56787,"CABLE, C2 IC 25' NTW",095691567871
56788,"SCREW, PKG OF 2",095691567888
56792,"CABLE, C13 IC 35' NTW",095691567925
56793,"HEAD, UC-60-BG",095691567932
56797,"CABLE, C23 IC 35' NTW",095691567970
56798,"HEAD, UC-60-O",095691567987
56822,"SPIDER, W/CLIP PLANET GEAR",095691568229
56833,"UPGRADE, HC300/450 115V",095691568335
56838,"UPGRADE, HC300/450 230V",095691568380
56843,"UPGRADE, HC300/450 100V",095691568434
56847,"BLADE, CTN 100: 1218BM 12""",095691568472
56848,"UPGRADE, 918I/1215 115V",095691568489
56852,"BLADE, CTN 100: 1224BM 12""",095691568526
56858,"ASSEMBLY, BOTTOM RELEASE",095691568588
56863,"UPGRADE, 918I/1215 100V",095691568632
56868,"CAP, CABLE END",095691568687
56872,"TRAY, THREADING STANDS",095691568724
56873,"SCREW, PKG OF 6",095691568731
56878,"BEARING, PKG OF 6",095691568786
56883,"WASHER, PKG OF 2",095691568830
56888,"PIN,PIVOT",095691568885
56892,PKG OF 5 D993 10TX6 BM BLADE,095691568922
56893,"LEVER, FORWARD",095691568939
56897,PKG OF 5 D994 10TX8 BM BLADE,095691568977
56898,"LEVER, REVERSE",095691568984
56902,"HOLE SAW, R32A  2""  W/ARBOR",095691569028
56908,"HOSE, GUIDE 18""",095691569080
56913,"HOSE, GUIDE 30""",095691569134
56918,"ASM, AUTOFEED",095691569189
56923,"HOUSING, AF BOTTOM",095691569233
56928,"LABEL, WARNING",095691569288
56932,"PIN, CUTTER WHEEL",095691569325
56933,"HOUSING,RIGHT HALF",095691569332
56938,"HOUSING, LEFT HALF",095691569387
56943,"LABEL, FOR/REVERSE",095691569431
56948,"SCREW, PKG OF 3",095691569486
56953,HOOK,095691569530
56958,"HOUSING, BOTTOM",095691569585
56963,CAP,095691569639
56968,"LEG, PWCLEAR",095691569684
56973,"PLUG,DRAIN",095691569738
56983,"ASSEMBLY, LED",095691569837
57003,"WRENCH, EZ CHANGE FAUCET-TRAD",095691570031
57008,"CUTTER, 1/2 & 3/4 C",095691570086
57013,"CUTTER, 1"" C",095691570130
57018,"CUTTER, 2 SIZE EU",095691570185
57028,"WHEEL, CUTTER C STYLE",095691570284
57038,"DRAIN CLEANER, KWIK SPIN+",095691570383
57043,"DRAIN CLEANER, POWER SPIN +",095691570437
57053,"ASM,NANO CAM WHIP",095691570536
57058,"CABLE,D2B RAW L/CONNECTOR",095691570581
57063,"CABLE, D2A RAW L/CONNECTOR",095691570635
57073,"SOCKET, BATTERY",095691570734
57078,"HOUSING, PEX ONE (SET OF)",095691570789
57082,"DIES, UNIV 1/2-3/4 BSPT GOLD",095691570826
57083,"SCREW, PKG OF 8",095691570833
57087,"DIES, UNIV 1-2 BSPT GOLD",095691570871
57092,"BASE, MOUNTING 918 W/1233/300",095691570925
57093,"DECAL, PEX ONE WARNING",095691570932
57098,"RING, PKG OF 4 RETAINING",095691570987
57113,"RING, PKG OF 4 RETAINING",095691571137
57118,"ANCHOR, STRAP",095691571182
57128,"SCREW, PKG OF 2",095691571281
57133,"KIT, CS65X (230V)+1BAT&CHRG LI",095691571335
57158,"WINDOW, CA-150 DISPLAY",095691571588
57163,"ASSEMBLY, CA-150 LCD COVER",095691571632
57168,"ASSEMBLY, CA-150 LCD",095691571687
57173,"ASSEMBLY, CA-150 PCB",095691571731
57178,"ASSEMBLY, CA-150 HANDLE SET",095691571786
57183,"ASSEMBLY, CA-150 BATT HOLDER",095691571830
57188,"O-RING, CA-150 BATT HOLDER",095691571885
57193,"O-RING, CA-100 BATT HOLDER",095691571939
57198,"WINDOW, CA-350 DISPLAY",095691571984
57203,"ASSEMBLY, CA-350 LCD COVER",095691572035
57208,"KEYPAD, CA-350",095691572080
57213,"ASSEMBLY, CA-350 LCD",095691572134
57218,"ASSEMBLY, CA-350 PCB",095691572189
57223,"SET, CA-350 PORT COVERS",095691572233
57228,"ASSEMBLY, CA-350 HANDLE SET",095691572288
57233,"CONNECTOR, CA-350 IMAGER CABLE",095691572332
57238,"SET, SCREW PA 3MMX12MM",095691572387
57243,"ASSEMBLY, CA-350 BATTERY PCB",095691572431
57253,"O-RING, CA-300 BATT DOOR",095691572530
57258,"CLAMP, QUICK ACT WELD 2""-6""",095691572585
57278,"MONITOR, CS12X (115V)",095691572783
57283,"MONITOR, CS12X (230V)",095691572837
57288,"KIT, CS12X+2BAT&CHRGR LI",095691572882
57298,"ASSEMBLY, PLANETARY GEAR",095691572981
57303,"ASSEMBLY, PEX ONE JAW",095691573032
57308,"ASSEMBLY, PEX ONE PCB",095691573087
57323,"SPACER, PKG OF 2 LONG",095691573230
57328,"SWITCH, PEX-ONE",095691573285
57333,"SCREW, PKG OF 3",095691573339
57338,"NAMEPLATE, 12V PEX",095691573384
57343,"SPRING, COMPRESSION",095691573438
57348,"CUSHION, TRIGGER",095691573483
57353,"TRIGGER, PCB",095691573537
57363,"KIT, RP241 1/2-11/4 PP+L LI",095691573636
57373,"KIT, RP 241 1/2-1"" PP+LIO",095691573735
57378,"KIT, RP 241 & PUREFLOW+LIO",095691573780
57383,"KIT, RP 241 NO JAWS+LIO",095691573834
57388,"CRIMP TOOL, RP 241 TOOL ONLY",095691573889
57393,"CASE, RP 241 CARRYING",095691573933
57398,"KIT, RP240 1/2-11/4 PP+LIO",095691573988
57403,"KIT, RP 240 1/2-1"" PP+LIO",095691574039
57408,"KIT, RP 240 & PUREFLOW+LIO",095691574084
57413,"KIT, RP 240 NO JAWS+LIO",095691574138
57418,"CRIMP TOOL, RP 240 TOOL ONLY",095691574183
57423,"CASE, RP 240 CARRYING",095691574237
57468,"SWITCH, SAFETY",095691574688
57482,"CARRIAGE, W/ROLLER ASM 508",095691574824
57492,"DIES, GROOVE 4""",095691574923
57497,"DIES, GROOVE 2-1/2""-3-1/2",095691574978
57498,"ASSEMBLY, INSERT HOLDER",095691574985
57502,"GROOVE TOOL, 4""",095691575029
57507,"GROOVE TOOL, 2-1/2""-3-1/2",095691575074
57517,"FACEPLATE, SWITCH",095691575173
57518,"CAMERA, RT-9X 320X240 WIFI LIO",095691575180
57522,"PIN, CARRIAGE BYPASS",095691575227
57523,"CAMERA, RT-7X 240X180 WIFI LIO",095691575234
57533,"CAMERA, RT-3 160X120 LIO",095691575333
57548,"CYLINDER, NEW STYLE",095691575487
57573,"CRIMP TOOL, RE600 RDH+LIO NA",095691575739
57592,"HOLE CUTTER, HC450 120V",095691575920
57597,"HOLE CUTTER, HC450 230V",095691575975
57602,"HOLE CUTTER, HC450 100V",095691576026
57603,"CUTTER, RE600SC ACSR+LIO NA",095691576033
57612,"HOUSING, ASM",095691576125
57617,"COVER, SHIFT",095691576170
57622,"GEAR, BEVEL",095691576224
57627,"GEAR, PINION",095691576279
57632,"SHAFT, OUTPUT",095691576323
57633,"CUTTER, RE600SC CU/AL+LIONA",095691576330
57637,"SHAFT, INPUT",095691576378
57642,"COLLAR, CLUTCH",095691576422
57647,"BUSHING, W/O-RING",095691576477
57652,"BUSHING, W/O-RING",095691576521
57657,PKG OF 3 WASHERS,095691576576
57662,PKG OF 3 RETAINING RINGS,095691576620
57663,"CRIMP TOOL, RE600 4PI+LIO NA",095691576637
57682,"LEVER, SHIFT",095691576828
57697,"TRANSMISSION, K1000",095691576972
57713,"LABEL, 320-E WARNING",095691577139
57718,"LABEL, 320-E CALIBRATION",095691577184
57723,"LABEL, 320- E ERROR CODE",095691577238
57728,"LABEL, CT 400 WARNING",095691577283
57773,BALL G40,095691577733
57977,"KIT, CHUCK REPAIR K25/K38",095691579775
57992,"PLATE, SIZE BSPT 812A",095691579928
57997,PKG OF 5 SCREWS 6-32 X 5/16,095691579973
58002,"VALVE, NEEDLE W/KNOB",095691580023
58007,"ADAPTOR, ASM 535 STAND",095691580078
58022,"LEG, ASM REAR NON-OP",095691580221
58027,"PAD, LEVELING",095691580276
58032,CROSS-MEMBER,095691580320
58037,"CAP, END",095691580375
58042,SPACER,095691580429
58047,"PKG OF 4 BOLTS 3/8-16 X 4""",095691580474
58052,PKG OF 4 BOLTS 3/8-16 X 2-1/2,095691580528
58062,"LEG, REAR",095691580627
58067,"HANDLE, ASM",095691580672
58072,AXLE,095691580726
58077,"STAND, FOLDING 300C/1233",095691580771
58090,"PIN, SPLIT ROLL .250 X 1.0",095691580900
58097,"SPACER, ASM 1233",095691580979
58192,"CABLE, C24 HC 5/8 X 100'",095691581921
58222,"WHEEL, CUTTER THIN F/258/XL",095691582225
58227,"CUTTER, 258XL PIPE",095691582270
58232,"HEAD, CENTERING 1215",095691582324
58237,SET OF CENTERING JAWS,095691582379
58242,"SCROLL, CENTERING",095691582423
58247,"RING, RET INT SPIROL",095691582478
58252,"BUSHING, SPINDLE",095691582522
58257,"PKG OF 2 PLUGS 13/16""",095691582577
58262,"PKG OF 2 PLUGS 1-3/16""",095691582621
58272,"LINER, OIL PAN",095691582720
58277,"SCREEN, ASM BAFFLE",095691582775
58282,"TRAY, DRIP",095691582829
58287,"GEAR, DRIVE",095691582874
58292,"HANDWHEEL, 1215",095691582928
58297,SCROLL,095691582973
58302,"INSERT, JAW F/PLASTIC CT 1215",095691583024
58307,SET OF JAW INSERTS,095691583079
58312,SET OF CHUCK JAWS,095691583123
58317,SET OF CHIP GUARDS,095691583178
58322,PKG OF 6 SCREWS #8-32,095691583222
58327,"CAP, ASM CHUCK",095691583277
58332,"BASE, ASM 1215",095691583321
58337,"TRAY, CHIP",095691583376
58342,"PLATE, WARNING",095691583420
58352,"MOTOR, 115V 1215",095691583529
58362,"COVER, FOAM MOTOR",095691583628
58367,"COVER, MOTOR",095691583673
58372,"BAFFLE, FOAM",095691583727
58377,"COVER, BOTTOM",095691583772
58387,"DIAGRAM, WIRING EUROPE",095691583871
58392,"COVER, REAR",095691583925
58407,"CARRIAGE, 1215",095691584076
58412,"LEG, REAR 1203",095691584120
58417,PKG OF 5 ROLL PINS,095691584175
58422,"RAIL, REAR 1215",095691584229
58427,PKG OF 2 PLUGS,095691584274
58432,"LINE, OIL",095691584328
58437,"RAIL, FRONT 1215",095691584373
58442,PKG OF 5 RETAINING RINGS,095691584427
58447,"GEAR, PINION",095691584472
58452,BUSHING,095691584526
58457,"SHAFT, IDLER",095691584571
58462,"HANDWHEEL, CARRIAGE",095691584625
58467,"HOUSING, OIL PICKUP",095691584670
58472,"TUBE, OIL 5-1/2""",095691584724
58477,"LINE, OIL INTAKE 11""",095691584779
58482,"LINE, OIL OUTPUT 25""",095691584823
58487,"STOP, CARRIAGE",095691584878
58492,"GEARCASE, REAR",095691584922
58497,GASKET,095691584977
58502,"SPRING, WAVE",095691585028
58507,"GEAR, ASM MAIN DRIVE",095691585073
58512,"BEARING, BALL 1.7717ID X.4724L",095691585127
58522,"BEARING, BALL",095691585226
58527,"GEAR, ASM 2ND",095691585271
58532,"GEAR, ASM 1ST INTERMEDIATE",095691585325
58535,"WASHER, THRUST",095691585356
58537,"GEARCASE, FRONT",095691585370
58542,PKG OF 5 LOCKWASHERS,095691585424
58547,PKG OF 5 SCREWS,095691585479
58562,"HARNESS, WIRE 1215",095691585622
58582,"FITTING, STRAIGHT",095691585820
58587,PKG OF 5 QK DISCONNECTS,095691585875
58597,"SWITCH, 1215",095691585974
58602,"BRACKET, FOOTSWITCH HANGER",095691586025
58607,"HANDLE, W/FEEDSCREW 1215",095691586070
58612,"FRAME, CUTTER 1215",095691586124
58617,"SPRING, TORSION",095691586179
58622,"HOUSING, WHEEL",095691586223
58627,"BRACKET, CUTTER",095691586278
58637,"LEG, 1203",095691586377
58652,"RELIEF, STRAIN",095691586520
58657,"CUTTER, 732 PIPE",095691586575
58667,"HANDLE, SLIDE ADJUSTER",095691586674
58682,"918 ROLL GROOVER W/2-6"" ROLLS",095691586827
58687,"DIEHEAD, 725 W/POST",095691586872
58692,"FEEDSCREW, ASM",095691586926
58697,"NUT, ADJUSTMENT",095691586971
58702,"PLATE, CAM LOCKING",095691587022
58707,STOP,095691587077
58712,"BIT, TOOL",095691587121
58717,"SLIDE, TOOL HOLDER",095691587176
58720,PKG OF 2 SOC HD SET SCREWS,095691587206
58722,"HOUSING, ROLL",095691587220
58747,"CASE, PLASTIC TUBE EXPANDER",095691587473
58752,300 COMPACT 230V AUSTRALIA,095691587527
58757,300 COMPACT 230V MIDDLE EAST,095691587572
58807,"PKG OF 4 WASHERS 1/2""",095691588074
58817,PKG OF 5 RINGS,095691588173
58850,PKG OF 5 RINGS,095691588500
58857,"LINER, OIL PAN W/SEAL 1233",095691588579
58867,"DECAL, MODEL 250",095691588678
58872,"DECAL, WARNING 250",095691588722
58882,"FRAME, 258XL CUTTER",095691588821
58887,"ARM, REACTION",095691588876
58890,"SPINNER, HAND K25BP",095691588906
58895,"SPINNER, HAND K25DH",095691588951
58920,K50 120V 60HZ 1/6 HP ONLY,095691589200
58937,"LEVER, ASM THROTTLE CONTROL",095691589378
58942,"CABLE, THROTTLE",095691589422
58957,"HANDWHEEL, HC450",095691589576
58960,K50-4 115V 60HZ COMB 4,095691589606
58962,"BREAKER, CIRCUIT 15AMP",095691589620
58972,"RING, RET EXT 1.25DIA",095691589729
58975,K50-5 115V 50/60HZ COMB 5,095691589750
58977,"BASE, W/POST & RACK HC450",095691589774
58980,K50-6 115V 60HZ COMB 6,095691589804
58982,"DECAL, WIRING DIAGRAM 120V",095691589828
58987,"WASHER, SPHERICAL HC450",095691589873
58992,"PLATE, BEARING HC450",095691589927
58997,"VIAL, LEVEL W/WASHR&RING HC450",095691589972
59000,K50-8 115V 60HZ COMB 8,095691590008
59002,"SPLICE, INSULATED BUTT HC450",095691590022
59007,PKG OF 4 TERMINALS,095691590077
59012,"CHAIN, ASM HC450",095691590121
59017,"WASHER, WAVE",095691590176
59027,PKG OF 2 BUSHINGS,095691590275
59047,"SHAFT, WORM HC450",095691590473
59052,"GEAR, HELICAL 44T HC450",095691590527
59057,"KEY, CHUCK HC450 JAPAN ONLY",095691590572
59082,"WASHER, WAVE",095691590824
59092,"PINION, CARRIAGE",095691590923
59097,"STRAP, CINCH HC450",095691590978
59102,"KEEPER, KEY HC450",095691591029
59107,PKG OF 2 PINS,095691591074
59112,"RIVET, POP 5/32",095691591128
59117,"HANDLE, FRONT HC450",095691591173
59122,"BOX, JUNCTION HC450",095691591227
59127,PKG OF 2 TERMINALS,095691591272
59132,"KEY, CHUCK HC450 CK3",095691591326
59137,"BEARING, BALL",095691591371
59142,"SPINDLE, OUTPUT HC450",095691591425
59147,"BEARING, BALL HC450",095691591470
59148,"DRAIN CLEANER, PC 230V JAPAN",095691591487
59152,"BEARING, ANGULAR CONTACT",095691591524
59162,"SPACER, BEARING HC450",095691591623
59167,"GEAR, WORM HC450",095691591678
59172,"O-RING, 2.05 ID X .07 THK",095691591722
59177,"SPRING, COMP 1.38 OD X 11.07LG",095691591777
59182,"RING, RET INT 1.38DIA",095691591821
59187,"STRIP, WEAR W/SCREWS HC450",095691591876
59190,"HOOK, GRAPPLER K5",095691591906
59192,PKG OF 4 SCREWS,095691591920
59202,"CUTTER, 154PE TUBING HW",095691592026
59205,"MITT,A-1 RIDGID DRN CLN LH",095691592057
59207,"OUTLET, VALVE HOLDER ASM",095691592071
59210,"CARRIER, A10 5/8 & 7/8",095691592101
59212,"INLET, VALVE HOLDER ASM",095691592125
59217,"KIT, VALVE REPAIR",095691592170
59225,"KEY, A12 7/8-1 1/4 COUPLING",095691592255
59230,"KEY, A13 5/8 COUPLING",095691592309
59232,"SWITCH, ROCKER HC450",095691592323
59235,"HOSE, GUIDE A-14-7 REAR",095691592354
59240,"PIPE, MANHOLE GUIDE A17",095691592408
59245,"ADAPTOR, 5/16 A17A",095691592453
59247,"CHUCK, DRILL W/KEY HC450",095691592477
59250,"ADAPTOR, A17A 5/16 W/B AUGER",095691592507
59255,"ADAPTOR, A17B 3/8 W/C5 CABLE",095691592552
59260,"ADAPTOR, 3/8 A17B",095691592606
59265,"ADAPTOR, A17C 3/8 W/C6 CABLE",095691592651
59273,"CUTTER, RC-336 RATCHET",095691592736
59282,"DECAL, ENGINE THROTTLE",095691592828
59285,"CAP, END ASM A-18-B",095691592859
59288,"RING,BACKUP",095691592880
59293,O-RING,095691592934
59295,"MITT,A-2 RIDGID DRN CLN RH",095691592958
59303,"PLUG, TAPERED",095691593030
59305,"BRACKET, A20A FR GD HS ADAPTOR",095691593054
59307,"SPACER, REACTION PIN",095691593078
59308,"CAPSULE, SET",095691593085
59310,"CAP, END W/CLAMP A20B",095691593108
59313,"SLEEVE, CRIMP",095691593139
59317,"SWITCH, 120V HC450",095691593177
59320,SET OF JAWS A22 1 1/4,095691593207
59322,"DECAL, WIRING DIAGRAM 230V",095691593221
59323,"CASE, CS6/CS6X DIGITAL MONITOR",095691593238
59325,SET OF JAWS A22A 7/8,095691593252
59328,"ASM, HOUSING FULL CA",095691593283
59330,SET OF JAWS A22B 5/8,095691593306
59332,"PLUG, 2 POLE 3 WIRE GROUNDING",095691593320
59333,"ASM, HOUSING FULL SS",095691593337
59337,"DECAL, WARNING HC450",095691593375
59338,"LABEL, FRONT MDRAIN",095691593382
59340,"COUPLING, MALE 5/8",095691593405
59342,"SLEEVE, INSULATOR",095691593429
59343,"LABEL, FRONT MREEL",095691593436
59357,"BREAKER, CIRCUIT 6AMP",095691593573
59358,"EXTENSION, EXT. LG DRIVE SHAFT",095691593580
59360,"TOOLBOX, A3",095691593603
59362,"SWITCH, 230V HC450",095691593627
59365,"KIT, A30 5/8 OW CABLE",095691593658
59367,"BLOCK, TERMINAL HC450",095691593672
59370,"KIT, A30TW 5/8 TW CABLE",095691593702
59377,"SCREW, 5/16-18 X1-1/4 HX SC FL",095691593771
59382,PKG OF 2 GIB SCREWS,095691593825
59385,"BRACKET, SUPPORT A34A",095691593856
59387,"SCREW, 5/16-24 X 1/2 SL CUP PT",095691593870
59392,"SEAL, OIL 13/16 X 1-1/2 X 1/4",095691593924
59395,"HOSE, GUIDE A34-12  REAR",095691593955
59397,"GASKET, MOTOR HOUSING HC450",095691593979
59400,"HOSE, GUIDE A34-15 REAR",095691594006
59402,"GASKET, JUNCTION BOX HC450",095691594020
59407,"SPACER, GROUND HC450",095691594075
59415,"HOSE, GUIDE A34-10 REAR",095691594150
59417,"HEAD, ASM LOW VJ",095691594174
59422,"HEAD, ASM ROLLER LOW RJ",095691594228
59425,"CADDY, A36 CABLE",095691594259
59427,"HEAD, ASM CJ SHORT",095691594273
59432,"ROLL, CONVEYOR W/CAPS",095691594327
59437,"ROLLER, 4"" DIA F/RJ",095691594372
59438,"NAMEPLATE, RP380",095691594389
59440,"SPOON, TRAP A4",095691594402
59442,"RING, LOCK",095691594426
59443,"DECAL, WARNING",095691594433
59447,"BASE, LOW 98",095691594471
59450,"JAW, CLUTCH A511 K50",095691594501
59452,"STAND, BASE HIGH 99 ONLY",095691594525
59453,"ASSEMBLY, RP380 TRIGGER SUB",095691594532
59455,"COUPLING, 5/8 FEMALE",095691594556
59458,"CYLINDER, RP380",095691594587
59462,K3800 230V 50HZ EXPORT,095691594624
59470,"CARRIER, A8 1-1/4 CABLE",095691594709
59475,"CARRIER, A9 1-1/4 WP CABLE",095691594754
59480,"CUTTER, T11 H 2-1/2",095691594808
59482,"HEAD, ASM HIGH VJ",095691594822
59483,"O-RING, 15.6 X 1.78",095691594839
59485,"CUTTER, T12 H 3-1/2",095691594853
59487,"HEAD, ASM ROLLER HIGH RJ",095691594877
59488,"WASHER, SPRING",095691594884
59492,"HEAD, ASM CJ LONG",095691594921
59493,"SPRING, FLAT WIRE",095691594938
59498,"SEAL, 32 X 22 X 7.3",095691594983
59500,"NOSEPIECE, ASM KM23",095691595003
59502,"ARBOR, R4 HC450",095691595027
59503,"TAPE, GUILDING",095691595034
59507,"HOSE, HYDRAULIC W/COUPLER",095691595072
59508,"PISTON, RP380",095691595089
59510,"PIN, ASM PLUNGER 5A",095691595102
59512,"PUMP, HF32 HYDRAULIC FOOT",095691595126
59513,"SLEEVE, SPRING",095691595133
59517,"RAM, HYDRAULIC 258",095691595171
59518,"O-RING, 7.65 X 1.78",095691595188
59523,"ROD, RP380 PISTON",095691595232
59527,"BOLT, TWO PASS ADJUSTER",095691595270
59528,"LEVER, HANDLE",095691595287
59530,PKG OF 3 ROCKER ARMS,095691595300
59532,NUT,095691595324
59537,SCREW,095691595379
59543,"SPRING, LEVER PIN",095691595430
59545,SPRING,095691595454
59553,"RETAINER, RP380 ROLL",095691595539
59555,"COUPLING, R2 FEMALE SPEED",095691595553
59560,"COUPLING, R1 MALE SPEED",095691595607
59562,K7500 W/AUTO-FEED & TOOLS,095691595621
59563,"SCREW, PKG OF 3 M4 X 8 f/ SWIT",095691595638
59575,"HANDLE, CLUTCH KM6B",095691595751
59578,"RESERVOIR, OIL BLADDER",095691595782
59580,"PIN, GUIDE HOSE KM5",095691595805
59585,"KNOB, CLUTCH HANDLE KM-6C",095691595850
59593,"INTERFACE, UC60 QCS",095691595935
59602,"RING, SNAP",095691596024
59612,SET OF 3 JAW INSERTS F/SS PIPE,095691596123
59625,"CUTTER, T21 SPIRAL 2-1/2",095691596253
59630,"CONE, 14A FEMALE BRK",095691596307
59632,"THREADER, 12R 1/2-2 BSPT BRAZL",095691596321
59637,"THREADER, 12R 1/2-2 NPT BRAZIL",095691596376
59653,"CABLE,LED BACKLIGHT",095691596536
59663,"CHARGER, THERMAL BATTERY 3.7V",095691596635
59668,"LABEL, EMISSIVITY MARKER 10 PK",095691596680
59695,"SHAFT, W/CON 506-510",095691596956
59698,"CUTTER, 286 SOIL PIPE CUTTER",095691596987
59700,"CAP, HUB KM36",095691597007
59702,"KNOB, SWITCH 1224",095691597021
59707,"KNOB, SWITCH 1822",095691597076
59712,"FACEPLATE, SWITCH 60HZ 1224",095691597120
59717,"FACEPLATE, SWITCH 50HZ 1224",095691597175
59722,"PLATE, FRONT SIDE 1224",095691597229
59732,"STRAP, GROUND 1822I",095691597328
59742,"ADAPTOR, SWITCH 1224/1822",095691597427
59747,"BASE, BOTTOM COVER 1822I",095691597472
59760,"BRACKET, ADAPTOR 18A",095691597601
59762,"KIT, SWITCH ASM",095691597625
59765,"CUTTER, T24 SPEAR 2-1/2",095691597656
59770,"CUTTER, T25 SPEAR 3-1/2",095691597700
59775,"CUTTER, T26 SPEAR 4-1/2",095691597755
59785,PKG OF 10 SCREWS,095691597854
59787,"AUGER, K3 CLOSET",095691597878
59790,"BRACKET, ADAPTOR 18B",095691597908
59795,"PULLEY, W/SCREW KM9",095691597953
59800,"PULLEY, W/SHAFT KM12",095691598004
59802,"AUGER, K6 DH CLOSET",095691598028
59810,"RING, RETAINING KM26B",095691598103
59812,"SPINNER, HAND K26",095691598127
59813,CIRCUIT BOARD,095691598134
59815,"ADAPTOR, 513 GUIDE HOSE",095691598158
59818,"CIRCUIT BOARD, USB",095691598189
59823,"CIRCUIT BOARD, USB",095691598233
59825,"LEG, SET 526D K50",095691598257
59827,"POST, DIEHEAD 1224",095691598271
59828,"FAN, PROCESSOR W/FOAM",095691598288
59832,"POST, DIEHEAD 811",095691598325
59833,"SET OF, LABELS",095691598332
59835,SET OF COUPLERS 5/16 K10,095691598356
59838,"KIT, SUNHOOD CS6X",095691598387
59843,"ASM, REAR COVER CS6X",095691598431
59848,"ASM, INTERFACE",095691598486
59853,"ASM, LED CABLE",095691598530
59858,"CASE, CS6XPAK",095691598585
59863,"CABLE, USB CONNECTOR",095691598639
59915,"SCREW, 1/4-20 X 2-1/4 SHC",095691599155
59917,"END, REPAIR T121 1/2 F/.14 WIR",095691599179
59925,"SCREW, 3/8 X 1-1/2 HEX",095691599254
59927,300 COMPACT 115V F/S. AMERICA,095691599278
59935,"SCREW, 1/4-20 X 1 SHC",095691599353
59940,"PIN, COTTER 1/4 X 2",095691599407
59942,SET OF STEEL ROLLS,095691599421
59945,"BEARING, BALL 507",095691599452
59947,"1224 THD, MACHINE 230V BSPT",095691599476
59952,1224 THD. MACHINE 230V NPT,095691599520
59960,"BODY, W/BEARING 501D",095691599605
59965,"TIP, RUBBER 542",095691599650
59970,"WASHER, FLAT 3/8 ""N""",095691599704
59975,"RACK, W/PINION ASM",095691599759
59980,"HANDLE, W/PINION",095691599803
59990,"SCREW, 10-32 X 1/2 F P",095691599902
59992,"KIT, STABILIZER 918",095691599926
59993,"JACK, AUX POWER",095691599933
59997,"KIT, STABILIZER 918 OPER SIDE",095691599971
60000,"SCREW, 10-32 X 3/8 RH",095691600004
60002,"SUPPORT, ASM PIPE",095691600028
60003,"CLAMP, WIFI ANT. CS6X/XPAK",095691600035
60005,"SCREW, 1/4-20 X 3/4 HEX",095691600059
60007,SET OF BALL TRANSFER HEADS,095691600073
60008,"MOUNT, WIFI ANT. LEFT",095691600080
60012,"ROD, LOCKING",095691600127
60013,"MOUNT, WIFI ANT. RIGHT",095691600134
60018R,"COVER, AUX POWER CS65X",095691600189
60020R,"SCREW, K541",095691600202
60025R,"SCREW, 503 SET KM-9A",095691600257
60028,"SCREW, PKG OF 4",095691600288
60032,"AUTOFEED, ASM K7500",095691600325
60037R,PKG OF ADJUST SPACERS AUTOFEED,095691600370
60042,"DRUM, ASM W/3/4 PIGTAIL K7500",095691600424
60047R,"DRUM, ONLY",095691600479
60050R,"RING, RETAINING KMS45 K538",095691600509
60052,K7500 AUTO-FEED W/C100,095691600523
60062R,K7500 AUTO-FEED W/C75,095691600622
60065R,WASHER,095691600653
60075,PKG OF 4 WASHERS,095691600752
60077R,300 PD 110V CE,095691600776
60080,PKG OF 4 WASHERS,095691600806
60082,300 PD 230V CE,095691600820
60085,PKG OF 6 WASHERS,095691600851
60087,"AUTOFEED, ASM K3800",095691600875
60090,"WASHER, LOCK",095691600905
60092,"SPRING, TRIGGER",095691600929
60097,"PLUNGER, DETENT-SPRING",095691600974
60102R,"DECAL, WARNING FUEL",095691601025
60130,PKG OF 2 V-BELTS,095691601308
60140,SET OF 4 GUARD SCREWS KM-3A,095691601407
60145,"KIT, ROCKER ARM",095691601452
60150,PKG OF 3 PINS W/RINGS,095691601506
60155,PKG OF 3 SPRINGS,095691601551
60200R,NUT,095691602008
60227,PKG OF 3 O-RINGS,095691602275
60240,"PIN, SPRING",095691602404
60250R,"SCREW, 10-32 X 2-1/4 RH",095691602503
60252,"ARMATURE, 230V",095691602527
60257,"FIELD, 230V",095691602572
60265,"SCREW, 1/4-20 X 1/2 HEX",095691602657
60270,"BEARING, THRUST REAR 714",095691602701
60290,PKG OF 2 V-BELTS,095691602909
60325,"TUBE, GUIDE W/FLANGE 5/16 K50",095691603258
60335,"TUBE, GUIDE W/FLANGE 3/8 K50",095691603357
60355,"ROD, SEWER 5/16 3'",095691603555
60360,"ROD, SEWER 5/16 5'",095691603609
60362,"CABLE, REPLACEMENT K6",095691603623
60365,"ROD, SEWER 5/16 10'",095691603654
60368,"SET, RP241 HOUSING",095691603685
60373,"ASM, LCD CS6X",095691603739
60380,"SCREW, 3/8 X 1-1/4 HEX",095691603807
60382,916 ROLL GROOVER F/535,095691603821
60385,"SPRING, JAW KMS42",095691603852
60388,"CIRCUIT BOARD, POWER",095691603883
60392,"SHROUD, MOTOR K7500",095691603920
60393,"SWITCH, TRIGGER",095691603937
60397,"HOUSING, GEAR FRONT",095691603975
60398,"COVER, SWITCH",095691603982
60402,PKG OF 4 SCREWS 10-32 X 2 3/4,095691604026
60403,"SPRING, COMPRESSION",095691604033
60407,"PULLEY, W/SCREW",095691604071
60408,"COVER, LED",095691604088
60412,"V-BELT, A71",095691604125
60413,"CONDUCTER, LIGHT",095691604132
60417,"TABLE, MOTOR",095691604170
60418,"BUTTON, POWER",095691604187
60422,PKG OF 2 CAPLUGS,095691604224
60423,"CAP, LIGHT CONDUCTER",095691604231
60427,"SPRING, WAVE",095691604279
60428,"BOTTOM, LIGHT CONDUCTER",095691604286
60432,"SHAFT, W/KEY MAIN DRIVE",095691604323
60433,"NAMEPLATE, RP241",095691604330
60437,"HOUSING, REAR MOTOR",095691604378
60438,"DECAL, ""ERROR CODE""",095691604385
60442,SEAL,095691604422
60443,"DECAL, PKG OF 2 ""RP241""",095691604439
60448,"DECAL, ""WARNING""",095691604484
60453,"DECAL, ""COMPACT""",095691604538
60457,"KEY, SQ 3/16 X 3/4 LG CLASS 2",095691604576
60462,"ACTUATOR, ASM FOOTSWITCH",095691604620
60467,SET OF BRUSH CAPS,095691604675
60468,"RING, HOLDING",095691604682
60472,SET OF BRUSHES,095691604729
60473,"SCREW, PKG OF 4 BUTTON HEAD",095691604736
60478,"SEAL, COPPER",095691604781
60482,SET OF BRUSH HOLDERS,095691604828
60483,"TUBE, OIL FILLING",095691604835
60487,"WIRE, LEAD BRUSH BLACK",095691604873
60492,PKG OF SCREWS F/BRUSH HOLDER,095691604927
60493,"O-RING, ORM 0370 20",095691604934
60497,"RELIEF, STRAIN",095691604972
60498,"SEAL, PUMP HOUSING",095691604989
60502,"WIRE, LEAD BRUSH RED",095691605023
60503,"HOUSING, PUMP",095691605030
60512,"SPRING, LOADING",095691605122
60513,"O-RING, ORM 0250-10",095691605139
60515,"SCREW, K577GC",095691605153
60517,"ARMATURE, W/BEARING",095691605177
60518,"CYLINDER, EXPANDER INCL.",095691605184
60522,"HOUSING, REAR",095691605221
60523,"SCREW, PKG OF 2 BUTTON HEAD",095691605238
60528,"LEVER, RELEASE",095691605283
60533,"COVER, PREASSEMBLED PUMP HOUSE",095691605337
60537,"SHAFT, DRUM",095691605375
60538,"GEARBOX,",095691605382
60542,"PIN, SPIROL 1/4 X 3/4",095691605429
60543,"SCREW, PKG OF 4 BUTTON HEAD",095691605436
60547,"SUPPORT, DRUM W/BEARING",095691605474
60548,"TANK, EXPANSION",095691605481
60552,"PLUG, DRAIN",095691605528
60553,"CLAMP, STEPLESS",095691605535
60557,"TUBE, GUIDE",095691605573
60558,"HEAD, CYLINDER",095691605580
60562,"KNOB, KNURLED",095691605627
60563,"RING, GASKET HOLDING",095691605634
60567,"RING, RETAINING",095691605672
60568,"ROD, PRE ASSEMBLED PISTON",095691605689
60572,"DRUM, CABLE INNER K7500",095691605726
60577,"DRUM, CABLE OUTER K7500",095691605771
60580,SCREW,095691605801
60587,"HANDLE, ASM W/HAND GRIPS(7500)",095691605870
60592,"ARM, PIVOT RIGHT",095691605924
60597,"TIE, SPRING BAR",095691605979
60602,"ARM, PIVOT LEFT",095691606020
60607,STAIRCLIMBER,095691606075
60612,"BAR, STAIRCLIMBER",095691606129
60617,"BOLT, 1/2-13 X 6",095691606174
60622,"KNOB, MOUNTING",095691606228
60625,"LINK, MASTER",095691606259
60627,"AXLE, K7500",095691606273
60632,STABILIZER,095691606327
60633,"DECAL, ""FCC""",095691606334
60637,PKG OF 2 SCREWS,095691606372
60638,"KIT, MEGAPRESS XL 2.5""-4""",095691606389
60640,"SCREW, 3/8 X 2-3/4 HEX",095691606402
60642,"CLIP, SPRING",095691606426
60643,"RING, MEGAPRESS XL 2.5""",095691606433
60647,"PAD, REST",095691606471
60648,"RING, MEGAPRESS XL 3""",095691606488
60652,"PLATE, MODEL NUMBER",095691606525
60653,"RING, MEGAPRESS XL 4""",095691606532
60657,"FRAME, K7500",095691606570
60658,"TOOL, MEGAPRESS BOOSTER ONLY",095691606587
60662,CAPLUG,095691606624
60663,"CASE, MEGAPRESS XL CARRYING",095691606631
60665,"SCREW, 1/4-20 X 3/4 F",095691606655
60667,SPRING,095691606679
60672,"KNOB, ASM",095691606723
60673,"KIT, HC450 HANDLE/SWITCH RETRO",095691606730
60677,PKG OF 2 HAIRPINS,095691606778
60680,"KEY, 504",095691606808
60682,"KNOB, FEED K7500",095691606822
60690,"COUPLING, 1-1/4 MALE REPAIR",095691606907
60692,"HOUSING, ROLLER TOP",095691606921
60695,"COUPLING, 1-1/4 MALE REPAIR",095691606952
60697,"SPRING, BALL",095691606976
60700,"ADAPTOR, TOOL",095691607003
60707,"HOLDER, ROLLER MOVEABLE",095691607072
60712,"BACKPLATE, K7500",095691607126
60717,PKG OF 3 BEARING SPACERS,095691607171
60720,"CHUCK, K25/K36",095691607201
60722,"HOLDER, STATIONARY ROLLER",095691607225
60727,"HOUSING, STATIONARY ROLLER",095691607270
60732,PKG OF 3 ACTUATOR PINS,095691607324
60735,"TUBE, GUIDE W/FLANGE 5/16 K25",095691607355
60737,"BOLT, HEX 5/16-18 X 3",095691607379
60742,ACTUATOR,095691607423
60747,"PLATE, FRONT SUPPORT",095691607478
60750,"WIRE, 16 GA 29""",095691607508
60752,PKG OF 3 BEARINGS,095691607522
60758,"BAG, FILTER CYCLONIC VF3602",095691607584
60762,"DECAL, ADVANCE/RETRIEVE",095691607621
60763,"CIRCUIT BOARD, MAIN CS6X",095691607638
60767,"DECAL, WARNING LABEL",095691607676
60768,"CIRCUIT BOARD, MAIN CS65X",095691607683
60777,"CHUCK, ASM",095691607775
60782,"HANDLE, ASM GUIDE TUBE",095691607829
60787,"CONTAINER, CABLE K26",095691607874
60788,"ASM, LOCKING KNOB",095691607881
60792,"KNOB, K26",095691607928
60797,"BOLT, SHOULDER 3/8 X 1-3/4",095691607973
60798,"ASSEMBLY, RP240 HOUSING",095691607980
60802,"NUT, HEX JAM 5/8-18",095691608024
60803,"SHELL, PKG OF 2 CABLE HALF",095691608031
60808,"BOARD, POWER AND CIRCUIT",095691608086
60810,"NUT, HEX 8-32",095691608109
60813,"SENSOR, BOLT",095691608130
60818,"SWITCH, TRIGGER",095691608185
60823,"ACTUATOR, SWITCH",095691608239
60827,HANDGRIP,095691608277
60828,"NAMEPLATE, RP240 USA",095691608284
60833,"NAMEPLATE, RP240 EU",095691608338
60838,"DECAL, ""RP 240""",095691608383
60842,"WHEEL, 6""",095691608420
60843,"DECAL, ""MADE IN SWITZERLAND""",095691608437
60847,PKG OF 5 WASHERS,095691608475
60852,PKG OF 2 AXLE SPACERS,095691608529
60858,"SEAL, SCREW",095691608581
60860,"RING, RETAINING 525",095691608604
60862,T-KNOB,095691608628
60863,"SCREW, CYLINDER",095691608635
60868,"LEVER, RELEASE",095691608680
60872,"BOLT, CARRIAGE",095691608727
60873,"PLATE, OIL DEFLECTOR",095691608734
60875,"PIN, ROLL 3/16 X 1",095691608758
60878,"TANK, EXPANSION",095691608789
60883,"CLAMP, STEPLESS",095691608833
60888,"CLAMP, STEPLESS",095691608888
60893,"SEAL, PUMP HOUSING",095691608932
60898,"COVER, PRE-ASM PUMP HOUSING",095691608987
60903,"EXPANDER, CYLINDER W/",095691609038
60908,"HOUSING, PRE-ASSEMBLED PUMP",095691609083
60910,"SCREW, 1/4-20 X 7/8 SHC",095691609106
60915,"WHEEL, ASM",095691609151
60920,"BEARING, KM13 K513",095691609205
60925,"ROLLER, W/PIN",095691609250
60927,PKG OF 2 STABILIZERS-COPPER,095691609274
60930,"BEARING, KM27 K527",095691609304
60935,"NUT, LOCK & ADJ. KM-28",095691609359
60937,"SHAFT, REAR SLIDE",095691609373
60940,"SWITCH, KM30 1730",095691609403
60942,"SHAFT, FRONT SLIDE",095691609427
60947,"WASHER, THRUST",095691609472
60952,"ROLL, DRIVE",095691609526
60957,"ROLL, DRIVE F/COPPER",095691609571
60965,"HOUSING, PIN 517 317",095691609656
60972,"SHAFT, RELEASE",095691609724
60977,"KNOB, RELEASE",095691609779
60982,"SPRING, RELEASE",095691609823
60985,"GEAR, ASM 502D K50",095691609854
60992,PKG OF 2 STABILIZERS,095691609922
60995,"WASHER, FLAT 3/4 ""R"" B",095691609953
60997,PKG OF 5 SET SCREWS,095691609977
61007R,"ROLL, GROOVE COPPER",095691610072
61008,"ASSEMBLY, TOP HANDLE",095691610089
61012,"BEARING, NEEDLE",095691610126
61013R,"KNOB, PALM GRIP",095691610133
61015,ROLLER,095691610157
61017,"BOLT, SHOULDER 5/8 X 3 3/4",095691610171
61018,"PIN, ROLL",095691610188
61020,SCREW,095691610201
61023,"SCREW, ADJUSTING",095691610232
61027,FEEDSCREW,095691610270
61028R,"NUT, ADJ SCREW LOCK",095691610287
61032,"BOLT, SHOULDER 5/8 X 1 1/2",095691610324
61033,"WASHER, FLAT",095691610331
61037,"PIN, W/CLIP F/FEEDSCREW",095691610379
61042,PKG OF 5 RETAINING RINGS,095691610423
61048,"BLOCK, ADJUSTING",095691610485
61052,PKG OF 2 SLEEVE BEARINGS,095691610522
61057,"SHAFT, INPUT",095691610577
61068,"NUT, 1/2-13 LOCK",095691610683
61072,"PLATE, COVER",095691610720
61085,SET OF 5/8 T COUPLINGS,095691610850
61095R,"WASHER, CUP",095691610959
61097,PKG OF 5 SCREWS SEM 10-32 X.62,095691610973
61102,K7500 5/8 MACH W/AUTO-FEED,095691611024
61103,"LABEL, ACCESS PLUG",095691611031
61107,"DRUM, ASM 5/8 W/PIGTAIL K7500",095691611079
61110,"SCREW, 10-32 X 3/8 T P",095691611109
61115,"NUT, HEX 5/16-18",095691611154
61117,"SCREW, 3/8-16 X 5/8 HEX HD CAP",095691611178
61120,"BOLT, CARRIAGE 3/8 X 2-3/4",095691611208
61122,"SHAFT, 840A UNIVERSAL",095691611222
61127,"SPINDLE, ASM F/PCP",095691611277
61130,PKG OF 4 SCREWS,095691611307
61132,"PUMP, HAND P392",095691611321
61140,CLAMP,095691611406
61142,1215 120V DOMESTIC,095691611420
61143,"RETAINER, USB HINGE",095691611437
61148,"STRIKE, LATCH",095691611482
61150,"BEARING, K60",095691611505
61153,"LABEL SET, USB",095691611536
61158,"LABEL, PRESSURE VENT",095691611581
61165,"SLEEVE, K60",095691611659
61168,"MOUNT, FAN",095691611680
61175,LINK,095691611758
61182,BASE,095691611826
61187,"STAND, 1203",095691611871
61188,"MOUNT, DUAL WI-FI ANTENNA",095691611888
61192,"MOTOR, 230V 3281CE F/300A CE",095691611925
61193,"PCBA, USB-A",095691611932
61195,"CLUTCH, ASM K60",095691611956
61197,"MOTOR, 115V 3181CE F/300A CE",095691611970
61202,"MOTOR, 115V 3177 300 CE",095691612021
61207,"MOTOR, 230V 3277 CE",095691612076
61212,"DRUM, CABLE SMALL K3800",095691612120
61217,"SUPPORT, DRUM SINK DRUM",095691612175
61222,"BACKPLATE, K3800",095691612229
61242,"BASE, 916 F/535",095691612427
61247,PKG OF 5 SPIRAL PINS,095691612472
61252,"HOUSING, LOWER 535",095691612526
61275,WASHER,095691612755
61277,PKG OF 3 O-RINGS,095691612779
61282,"TUBE, OIL FEED",095691612823
61292,"HANDLE, CHAIN NUT HC450",095691612922
61297,LINECORD,095691612977
61302,"BREAKER, CIRCUIT 12A",095691613028
61315,WASHER,095691613158
61332,"GREASE, TRANS HC450",095691613325
61335,"WRENCH, ALLEN 1/4",095691613356
61337,"BRACKET, SWITCH",095691613370
61342,"SUPPORT, REAR LEG EXPORT",095691613424
61347,"LEG, FRONT RIGHT EXPORT",095691613479
61350,BRACKET,095691613509
61352,"LEG, FRONT LEFT EXPORT",095691613523
61362,"SCREW, WING",095691613622
61365,"HANDLE, THROTTLE",095691613653
61367,"BOLT, PLOW",095691613677
61370,"CABLE, THROTTLE",095691613707
61372,"HOSE, ASM EXPORT",095691613721
61375,"BEARING, MAIN",095691613752
61380,"CLUTCH, W/KEY",095691613806
61385,PULLEY,095691613851
61390,KEY,095691613905
61395,KEY,095691613950
61397,"KNOB, SWITCH 1233",095691613974
61400,"PIN, DRIVE",095691614001
61405,CHAIN,095691614056
61410,SPROCKET,095691614100
61415,"LIMITER, TORQUE",095691614155
61423,"CASE, FRONT CS6X",095691614230
61425,KEY,095691614254
61428,"ANTENNA, WI-FI",095691614285
61430,"CLAMP, CABLE",095691614308
61433,"PCB ASSEMBLY, LCD ITRFACE",095691614339
61435,"SCREW, 3/8 X 1-1/4 HEX",095691614353
61440,"WASHER, LOCK 1/4 EXT",095691614407
61443,"FAN, COOLING CS6XA",095691614438
61447,"NUT, HEX 5/8 ASM",095691614476
61448,"SCREW, PKG OF 4",095691614483
61457,"CHAIN, W/MASTER LINK",095691614575
61460,GROMMET,095691614605
61462,"BOLT, HEX HEAD",095691614629
61463,"PIN, PKG OF 2 ROLLER",095691614636
61468,"ROLLER, PKG OF 2",095691614681
61470,"PLUG, RUBBER KM11",095691614704
61472,PKG OF 5 WASHERS,095691614728
61473,"SPRING, C10 ""L""",095691614735
61475,"SCREW, 1/4-28 X 1/4 CP",095691614759
61477,"WIRE, CONNECTING W/FASTENERS",095691614773
61478,"PIN, WHEEL",095691614780
61482,K3800 220-240V W/C32F/EUR W/PR,095691614827
61483,"SPRING,PKG OF 2 C10 LEAF",095691614834
61487,K3800 230V W/C45 F/EUR W/PRFD,095691614872
61488,"CARRIAGE, C34",095691614889
61490,"GUARD, SWITCH 519B",095691614902
61493,"SPRING, C34 ""M""",095691614933
61495,"FITTING, GREASE",095691614957
61498,"SPRING, PKG OF 2 C34 LEAF",095691614988
61500,"SCREW, 8-32 X 3/8 HEX F",095691615008
61502,K3800 220-240V F/EUROPE,095691615022
61503,"PIN, PKG OF 2 C34 ROLLER",095691615039
61508,"SPRING, TRIGGER",095691615084
61510,"SCREW, SWITCH 528D",095691615107
61513,"TRIGGER, C34",095691615138
61522,K7500 W/PWFD F/EU 230V 5/8PGT,095691615220
61540,"SCREW, 1/4-28 X 5/8 FH",095691615404
61542,K7500 W/PWFD F/EU 230V 3/4 PGT,095691615428
61550,"SCREW, 5/16 X 1/2 1/2 DG",095691615503
61555,"RING, RETAINING 5108-62",095691615558
61565,"KEY, 9A",095691615657
61567,"PIN, ASM HEAVY DUTY PLUNGER",095691615671
61570,"SHAFT, TUBULAR K50",095691615701
61572,PKG OF 5 QUICK DISCONNECTS,095691615725
61575,"CONE, K50",095691615756
61580,"SLEEVE, CLUTCH CONE REAR K50",095691615800
61585,"RACK, GEAR 516 K50",095691615855
61587,PKG OF 5 JAM NUTS 3/8,095691615879
61592,PKG OF 5 WASHERS 3/8,095691615923
61595,"SPRING, PINION 522",095691615954
61597,"KNOB, ADJUSTMENT",095691615978
61600,"WASHER, PIN STEM 523",095691616005
61602,"PLUNGER, ADJUSTER",095691616029
61605,"GRIP, HANDLE 544",095691616050
61607,"BOLT, ADJUSTER",095691616074
61612,"SPRING, RELEASE",095691616128
61615,"HOSE, GUIDE A-60-12 REAR",095691616159
61617,"RELEASE, ROCKER",095691616173
61620,"COUPLING, 7/8 FEMALE REPAIR",095691616203
61625,"KIT, A61 TOOL K60",095691616258
61630,"KIT, A62 7/8 CABLE K60",095691616302
61635,"COUPLING, 7/8 MALE REPAIR",095691616357
61663,"DISC, NEW STYLE ARRESTER",095691616630
61668,"O-RING, 5.10MM",095691616685
61688,"DRAIN CLEANER, K5208 115V 60HZ",095691616883
61693,K5208 120V 60HZ W/ C11,095691616937
61698,K5208 240V 50/60 HZ,095691616982
61702,PIGTAIL,095691617026
61708,"KIT, SECTIONAL CABLE CARRIER",095691617088
61712,"DRIVE UNIT, MOTOR W/TABLE",095691617125
61713,"DRUM, SECTIONAL CABLE",095691617132
61715,"BUSHING, BRONZE K-50",095691617156
61718,"TOOL, SECT CABLE DECOUPLER",095691617187
61723,"KIT, K5208 TOOLBOX W/CUTTERS",095691617231
61735,"CONE, BRAKE MALE 15A",095691617354
61736,"SEAL, KIT",095691617361
61745,"HANDLE, BALL W/SCREW K25",095691617453
61747,HANDLE,095691617477
61752,PKG OF 3 CARRIAGE BOLTS 5/16X1,095691617521
61757,"ATTACHMENT, ASM PIPE ROLLER",095691617576
61760,"COUPLING, MALE CABLE",095691617606
61763,"KEYPAD, NAVITRACK 10 WATT",095691617637
61767,"HARNESS, WIRE 1215 D",095691617675
61768,BULKHEAD,095691617682
61770,"CUTTER, T15A 4-6"" EXPND",095691617705
61772,"DECAL, WARNING 1215 D",095691617729
61790,"AUGER, T4 HD FUNNEL",095691617903
61792,"BOX, SLIDE NON-OPERATOR SIDE",095691617927
61800,"AUGER, T2 HD STRAIGHT",095691618009
61802,"FEEDSCREW,918 STABILIZER",095691618023
61807,"SLIDE, NON-OPERATOR SIDE",095691618078
61810,"COUPLING, 1-1/4 FEMALE REPAIR",095691618108
61812,"SLIDE, OPERATOR SIDE",095691618122
61815,"COUPLING, 1-1/4 FEMALE REPAIR",095691618153
61817,"BEARING, 3/4 X 3/8",095691618177
61820,"JAW, ASM K5",095691618207
61822,PKG OF 2 BEARINGS 5/8 X 1/2,095691618221
61827,PKG OF 6 BELLEVILLE WASHERS,095691618276
61832,"SHAFT, GUIDE",095691618320
61837,PKG OF 5 O-RINGS,095691618375
61853,"KIT,  PLUMBERS PROMO RP 240",095691618535
61872,"FRAME, PIPE CUTTER 1233",095691618726
61875,"ADAPTOR, R7 MALE COUPLER",095691618757
61877,"SUPPORT, PIPE CUTTER 1233",095691618771
61882,"HEAD, CENTERING 1233 REAR",095691618825
61885,"ADAPTOR, R8 FEMALE COUPLER",095691618856
61887,"BASE, 1233",095691618870
61895,"DRIVER, ROD K2000",095691618955
61897,"TUBE, OIL FILTER",095691618979
61902,PKG OF 5 SCREWS 6-32 X 1/2,095691619020
61912,"CLAMP, CORD 1233",095691619129
61917,"PLATE, SWITCH MTG ROTARY",095691619174
61922,SET OF CENTERING JAWS,095691619228
61927,"RING, RETAINING",095691619273
61932,"COVER, MOTOR 1233",095691619327
61935,"GASKET, MOTOR 527D",095691619358
61937,"COVER, BOTTOM 1233/300CPT",095691619372
61957,"PLUG, OIL SPOUT",095691619570
61960,"CUTTER, T16 SPIRAL BAR 4""",095691619600
61962,"TIE, SUPPRESSOR",095691619624
61965,"HOOK, CORD W/SCREW",095691619655
61967,"PLATE, SWITCH FACE",095691619679
61970,"CUTTER, T13 SAWTOOTH",095691619709
61972,"BUSHING, BRONZE .62 X 1.00",095691619723
61975,"CUTTER, T14 SAWTOOTH",095691619754
61977,"KIT, MJ PUMP SERVICE",095691619778
61982,"SHAFT, PINION PUMP",095691619822
61987,"BRACKET, MOUNTING SUPRESSOR",095691619877
61993,"VAC, OSHA FILTER KIT VF3600",095691619938
61997,PKG OF 5 RETAINING RINGS,095691619976
61998,"ASSEMBLY, CLUTCH",095691619983
62002,"HOUSING, GEROTOR",095691620026
62003,"ASSEMBLY, NOSE PIECE",095691620033
62007,SET OF GEROTORS,095691620071
62008,"GUIDE, ALIGNMENT",095691620088
62012,"BODY, ASM PUMP",095691620125
62017,PKG OF 4 SCREWS,095691620170
62022,"GEAR, 1ST INTERMEDIATE W/BRG",095691620224
62032,"KIT, RETERMINATION",095691620323
62033,"HANDLE, CA350 W/STRP",095691620330
62037,"PLATE, CORD RETAINER",095691620378
62038,"BOARD, MAIN CS12X.",095691620385
62042,"PLATE, CORD RETAINER EUROPE",095691620422
62043,"BOARD, LCD INTERFACE 6.5",095691620439
62045,"SPEARHEAD, T300",095691620453
62047,PKG OF 2 BUSHINGS,095691620477
62048,"BOARD, LCD INTERFACE 12.1",095691620484
62052,"PUMP, OIL MODEL MJ",095691620521
62055,"CORKSCREW, T302 2""",095691620552
62057,"CARRIAGE, ASM 535",095691620576
62060,"CORKSCREW, T303 2-1/2",095691620606
62062,"COVER, TOP",095691620620
62065,"CORKSCREW, T304 3""",095691620651
62067,"AUGER, T201A STRAIGHT 5/8 FLEX",095691620675
62075,"CORKSCREW, T306 3"" DOUBLE",095691620750
62080,"CORKSCREW, T307 4"" DOUBLE",095691620804
62095,"CORKSCREW, T310 4""",095691620958
62105,"CORKSCREW, T312 6""",095691621054
62110,"AUGER, T316 3""",095691621108
62115,"AUGER, T317 4""",095691621153
62140,"TOOL, PICK-UP T326",095691621405
62170,"HOLDER, ROD",095691621702
62175,COVER,095691621757
62180,SHAFT,095691621801
62185,"NAMEPLATE, K1000",095691621856
62215,"CONE, CLUTCH KM16",095691622150
62220,"COUPLING, 1/4 FEMALE",095691622204
62225,"CABLE, C1",095691622259
62235,"CABLE, C2",095691622358
62245,"CABLE, C4",095691622457
62250,"CABLE, C5",095691622501
62260,"CABLE, C6",095691622600
62265,"CABLE, C7",095691622655
62270,"CABLE, C8",095691622709
62275,"CABLE, C10",095691622754
62280,"CABLE, C11",095691622808
62285,"CABLE, C12",095691622853
62295,"CABLE, C14",095691622952
62300,"CABLE, C15",095691623003
62307,"INSERT, 312A",095691623072
62327,"BEARING, NYLON W/RETAINER 840A",095691623270
62368,"KIT, 4X C-11 1-1/4 CABLE",095691623683
62373,"KIT, 3X C-11 1-1/4 CABLE",095691623737
62378,"KIT, K5208 115V 60HZ W/C11, A8",095691623782
62385,"AUGER, T320 8""",095691623850
62390,"AUGER, T321 10""",095691623904
62392,"ADAPTOR, GUIDE HOSE",095691623928
62393,"FAN, COOLING CS65XA",095691623935
62397,"BLOCK, FRONT BEARING",095691623973
62398,"FAN, COOLING CS6XB",095691623980
62402,"RING, RETAINING",095691624024
62412,GUIDE HOSE ADAPT F/ SINK DRUM,095691624123
62420,WHEEL,095691624208
62425,"GUARD, CHAIN",095691624253
62427,"SPROCKET, 8T X 1-1/2 #40 CHAIN",095691624277
62432,"MOTOR, 230V W/GEARBOX",095691624321
62437,"DIES, RECEDING 2-1/2""-3 BSPT J",095691624376
62447,ROLLER,095691624475
62452,"FRAME, PIPE ROLLER",095691624529
62467,"MITT,A-1 HD RIDGID DRN CLN LH",095691624673
62472,"MITT,A-2 HD RIDGID DRN CLN RH",095691624727
62490,GUARD,095691624901
62502,"ROLL, GROOVE 1-1/4""-1-1/2""",095691625021
62507,"ROLL, DRIVE 1-1/4""-1-1/2""",095691625076
62512,"HOUSING, STATIONARY ROLLER",095691625120
62530,"TAPE, 62530 1/2 X 1/16 X 25'",095691625304
62535,"TAPE, 62535 1/2 X 1/16 X 50'",095691625359
62537,"DECAL, ROLL DEPTH",095691625373
62540,"TAPE, 62540 1/2 X 1/16 X 75'",095691625403
62545,"TAPE, 62545 1/2 X 1/16 X 100'",095691625458
62547,"COUPLING, RAM HALF",095691625472
62552,"COUPLING, HOSE HALF",095691625526
62555,"TAPE, 62555 3/4 X 1/16 X 50'",095691625557
62557,"REPAIR KIT, NEW STYLE RAM",095691625571
62565,"TAPE, 62565 3/4 X 1/16 X 100'",095691625656
62572,"DECAL, INSTRUCTION HF32",095691625724
62587,"JETTER, KJ1350 115V W/STD EQUP",095691625878
62592,"CART, H10 SMALL W/HOSE REEL",095691625922
62595,"TAPE, 62595 3/4 X 1/8 X 50'",095691625953
62597,"JETTER, KJ1350 W/H10 CART",095691625977
62605,"TAPE, 62605 3/4 X 1/8 X 100'",095691626059
62615,"TAPE, 62615 1 X 1/8 X 50'",095691626158
62625,"TAPE, 62625 1 X 1/8 X 100'",095691626257
62642,"BOLT, LATCH",095691626424
62687,"JETTER, KJ1750SE 115V",095691626875
62697,"JETTER, KJ1750 W/H30 CART",095691626974
62698,"VAC, RED 6 GAL WET/DRY RT0600",095691626981
62703,"VAC, RED 12 GAL WET/DRY RT1200",095691627032
62718,"VAC, RED 14 GAL WET/DRY RT1400",095691627186
62723,"VAC, RED 16 GAL WET/DRY RT1600",095691627230
62745,"RECEPTACLE, LIGHT",095691627452
62752,"WHEEL, LOADING K7500",095691627520
62757,"BAG, STORAGE W/LOGO",095691627575
62767,"STRAP, FOOTSWITCH",095691627674
62772,"CABLE, EXTENSION 25'",095691627728
62797,"CUTTER, PIPE CONCRETE",095691627971
62807,"CABLE, W/CLAMP 25'",095691628077
62812,"CABLE, SERIES 3'",095691628121
62815,"TURNER, RO ROD",095691628152
62817,918I 100V,095691628176
62822,918I 115V UNIT,095691628220
62827,918I 220-240V UNIT,095691628275
62837,"DECAL, WARNING EUROPE",095691628374
62840,"AUGER, T1 STRAIGHT STD",095691628404
62842,"FACEPLATE, SWITCH",095691628428
62845,"CUTTER, T10 GREASE 4-1/2",095691628459
62850,"AUGER, T101 STRAIGHT",095691628503
62855,"AUGER, T102 FUNNEL F/7/8",095691628558
62860,"CUTTER, T103 SAWTOOTH 2-1/2",095691628602
62865,"CUTTER, T104 H 2-1/2",095691628657
62870,"CUTTER, T105 GREASE 2-1/2",095691628701
62875,"CUTTER, T106 GREASE 3-1/2",095691628756
62877,"CART, H30 JETTER",095691628770
62880,"CUTTER, T107 SPADE 1-3/4",095691628800
62882,"REEL, H-5 MINI HOSE - NO HOSE",095691628824
62892,"ADAPTOR, KIT F/KJ-1350 TO H-30",095691628923
62897,"ADAPTOR,KIT F/KJ-1750 TO H-10",095691628978
62915,"CUTTER, T109 SPIRAL 1-3/4",095691629159
62918,"BRUSH, DUSTING LA2501",095691629180
62920,"CUTTER, T110 SPIRAL 2-1/4",095691629203
62923,"WAND, EXTENSION LA2508",095691629234
62925,"CUTTER, T111 SPIRAL 3""",095691629258
62928,"NOZZLE, UTILITY LA2509",095691629289
62930,"CUTTER, T112 SPEAR 1-3/4",095691629302
62933,"NOZZLE, WET LA2510",095691629333
62935,"CUTTER, T113 SPEAR 3""",095691629357
62938,"BRUSH, FLOOR LA2514",095691629388
62940,"KNOCKER, T114 3-4 CHAIN",095691629401
62945R,"BRUSH, FLUE T120 4""",095691629456
62948,"NOZZLE, CREVICE TOOL LA2502",095691629487
62950,"BODY, W/ROLL PIN T15-1",095691629500
62953,"NOZZLE, CAR LA2503",095691629531
62955,"PIN, ROLL 3/8 X 1-1/2 T15-2",095691629555
62960,SET OF T15-3 BLADE HOLDERS,095691629609
62965,"SHOE, W/BOLT & NUT T15-4",095691629654
62970,"SET OF T15-5 4-6"" BLADES",095691629708
62975,"SPRING, T15-6",095691629753
62980,"SET OF T15-7 6-8"" BLADES",095691629807
62990,"AUGER, T201 STRAIGHT 5/8 CABLE",095691629906
62995,"AUGER, T202 1-1/8 BULB",095691629951
63000,"AUGER, T203 7/8 BULB",095691630001
63003,"ASSEMBLY, GROUND WIRE",095691630032
63005,"CUTTER, T205 GREASE C",095691630056
63008,"LABEL, EARTH SYMBOL",095691630087
63010,"AUGER, T206 3"" FUNNEL",095691630100
63015,"CUTTER, T207 SPIRAL 1-1/4",095691630155
63020,"CUTTER, T208 SPIRAL 1-1/2",095691630209
63025,"CUTTER, T209 SPIRAL 2""",095691630254
63030,"CUTTER, T210 SPADE 1""",095691630308
63035,"CUTTER, T211 SPADE 1-3/8",095691630353
63040,"CUTTER, T212 SPADE 1-3/4",095691630407
63045,"CUTTER, T213 SPEAR 1""",095691630452
63050,"CUTTER, T214 SPEAR 1-3/8",095691630506
63055,"CUTTER, T215 SPEAR 1-3/4",095691630551
63060,"KNOCKER, T216 2"" CHAIN",095691630605
63065,"AUGER, T217 4"" DROP HEAD",095691630650
63070,"BRUSH, FLUE T219 2-1/2",095691630704
63075,"CUTTER, T22 SPIRAL 3""",095691630759
63080,"BRUSH, FLUE T220 2""",095691630803
63085,"CUTTER, T23 SPIRAL 4""",095691630858
63090,"LEADER, T27 TRAP",095691630902
63105,"AUGER, T3 STD FUNNEL",095691631053
63107,"JETTER, KJ1350-2 W/DUAL PLS",095691631077
63110,"KNOCKER, T31 3-4"" CHAIN",095691631107
63112,"JETTER, KJ1350 W/H10 &DUAL PLS",095691631121
63115,"KNOCKER, T32 6"" CHAIN",095691631152
63120,"KNOCKER, T33 8"" CHAIN",095691631206
63132,BEARING,095691631329
63145,"BRUSH, FLUE T38 1-1/2",095691631459
63148,"CAP, SWITCH",095691631480
63160,"BRUSH, FLUE T41 3""",095691631602
63163,"SCREW, #6-19 X .38 LG",095691631633
63165,"BRUSH, FLUE T42 3-1/2",095691631657
63168,"SCREW, #6-32 X 3/8",095691631688
63170,"BRUSH, FLUE T43 4""",095691631701
63185,"BRUSH, FLUE T47 6""",095691631855
63188,"SHAFT, INTERIOR SLIDE",095691631886
63190,"AUGER, T5 STRAIGHT RETRIEVING",095691631909
63193,"HUB, IDLER",095691631930
63195,"AUGER, T6 LH FUNNEL RETRIEVIN",095691631954
63198,"HUB, PULLEY",095691631985
63200,"AUGER, T7 HOOK",095691632005
63205,"CUTTER, T8 2-1/2 GREASE",095691632050
63210,"CUTTER, T9 3-1/2 GREASE",095691632104
63218,"BUSHING, SLEEVE PKG 2",095691632180
63228,"PULLEY, 64 COG",095691632289
63233,"PULLEY, 13 TOOTH .375 PITCH",095691632333
63240,"BRUSH, FLUE T45 5""",095691632401
63250,"CONTAINER, 1A 3/8 CABLE",095691632500
63255,"CONTAINER, CABLE K25",095691632555
63268,"BEARING, BALL 40MM X 68MM",095691632685
63280,"BRUSH, FLUE T218 3""",095691632807
63287,"CHAIN, ASM",095691632876
63292,"WHEEL, SPACER 248",095691632920
63297,"WHEEL, CUTTER AC1586 CONCRETE",095691632975
63298,"BUSHING, PINION LARGE",095691632982
63302,"HOOK, ASM",095691633026
63303,"BUSHING, PINION SMALL",095691633033
63305,"PULLEY, 7A MOTOR",095691633057
63313,"BELT, 285L100",095691633132
63323,"HANDLE, GRIP",095691633231
63338,"FACEPLATE, SWITCH",095691633385
63348,"PIN, GUIDE HOSE",095691633484
63368,"CONNECTOR, TWO SCREWS",095691633682
63372,SUPPRESSOR,095691633729
63373,"WASHER, .406X.812X.06 PKG 4",095691633736
63377,"BEAD, FERRITE",095691633774
63382,"TUBE, PLASTIC 1""",095691633828
63387,"WIRE, LEAD BROWN 11.5"" LONG",095691633873
63388,"LABEL, RD 5208 LEFT",095691633880
63392,"WIRE, LEAD BLUE 11.5"" LONG",095691633927
63393,"LABEL, RD 5208 WARNING",095691633934
63417,"BODY, CE 300",095691634177
63418,"HANDGRIP, 3/4 TUBE X 4-1/2 LG",095691634184
63422,"BOOT, INSULATOR",095691634221
63427,"CLAMP, BLADE",095691634276
63438,"ASSEMBLY, HANDLE",095691634382
63442,PLATE,095691634429
63443,"ASSEMBLY, CLUTCH COVER",095691634436
63447,"SEAL, FELT",095691634474
63448,"ASSEMBLY, DRIP TRAY",095691634481
63452,"WASHER, FLAT",095691634528
63453,"ASSEMBLY, SWITCH K5208",095691634535
63457,"SEAL, OIL",095691634573
63458,"ASSEMBLY, MAIN HOUSING",095691634580
63463,"ASSEMBLY, BELT TENSION BOLT",095691634634
63467,"HOUSING, FRONT",095691634672
63468,"ASSEMBLY, LATCH PIN",095691634689
63472,"SEAL, FELT",095691634726
63473,"ASSEMBLY, HANDLE PINION",095691634733
63478,"ASSEMBLY, WIRE HARNESS",095691634788
63483,"ASSEMBLY, MOTOR MOUNT",095691634832
63488,"ASSEMBLY, MOTOR",095691634887
63493,"ASSEMBLY, MOTOR COVER",095691634931
63498,"ASSEMBLY, FRAME",095691634986
63503,"ASSEMBLY, CORD MOUNT BRACKET",095691635037
63508,"ASSEMBLY, FRAME BUMPER",095691635082
63513,"ASSEMBLY, SLIDE SHAFT",095691635136
63518,"ASSEMBLY, CLUTCH CONE",095691635181
63523,"ASSEMBLY, PULLEY HUB",095691635235
63528,"ASSEMBLY, SLIDE SHAFT SPRING",095691635280
63548,"ASSEMBLY, END CAP",095691635488
63553,"ASSEMBLY, QUICK RELEASE",095691635532
63558,"ASSEMBLY, ADJ KNOB",095691635587
63563,"ASSEMBLY, GUIDE HOSE PIN",095691635631
63583,"REEL, 325' STANDARD 35MM SL TS",095691635839
63588,"REEL, 325' STANDARD 35MM HDR",095691635884
63603,"REEL, 200' STANDARD 35MM SL TS",095691636034
63613,"REEL, 200' STANDARD 35MM TS",095691636133
63628,"REEL,  200' MINI 30MM SL TS",095691636287
63633,"REEL, 200' MINI 30 MM TS",095691636331
63652,"STOP, ASM STAND",095691636522
63657,"KIT, HF32 REPAIR",095691636577
63658,"REEL,200' RM200A 25MM SL TS",095691636584
63663,"REEL,165' RM200B 25MM SL TS",095691636638
63668,"REEL,COMPACT C40 25MM SL TS",095691636683
63673,"REEL,COMPACT M40 25MM SL TS",095691636737
63687,RESERVOIR,095691636874
63692,TIEROD,095691636928
63702,"CAP, END W/FOOT",095691637024
63707,"NUT, ACORN",095691637079
63712,PLUG,095691637123
63717,PKG OF 2 WASHERS,095691637178
63718,"PACKAGE, NORLOK SERVICE",095691637185
63722,"SPRING, RELEASE",095691637222
63727,"PEDAL, RELEASE FOOT",095691637277
63732,SCREW,095691637321
63737,"SPINDLE, VALVE",095691637376
63742,"PLUG, PIPE",095691637420
63747,"PIN, LOCK",095691637475
63752,"VALVE, BY-PASS",095691637529
63757,"VALVE, RELIEF ASM",095691637574
63762,"PIN, CROSS",095691637628
63767,"SCREW, SOCKET HEAD CAP",095691637673
63772,"SPRING, TORSION",095691637727
63777,SPACER,095691637772
63782,"NUT, HEX",095691637826
63787,CAP,095691637871
63788,"LATCH, DRUM",095691637888
63812,"PEDAL, FOOT",095691638120
63813,"SYSTEM, SEESNAKE COMPACTM40",095691638137
63817,"PLUNGER, ASM",095691638175
63818,"SYSTEM, COMPACTM40 + LIO",095691638182
63822,K3800 230V 50HZ EX W/C45 TLS,095691638229
63823,"SYSTEM, COMPACTC40",095691638236
63827,K3800 230V 50HZ EX W/C32 TLS,095691638274
63828,"SYSTEM, COMPACTC40 + LIO",095691638281
63833,"HEAD, TRUSENSE 35 MM SL",095691638335
63838,"HEAD, TRUSENSE 35 MM NON-SL H",095691638380
63843,"HEAD, TRUSENSE 30 MM SL",095691638434
63848,"HEAD, TRUSENSE 30 MM NON-SL",095691638489
63852,HANDLE,095691638526
63853,"HEAD, TRUSENSE 25 MM SL",095691638533
63858,"CABLE, PUSH COMPACTM40",095691638588
63863,"CABLE, PUSH COMPACTC40",095691638632
63868,"KIT, PIPE GUIDES, 25MM, 5 PK",095691638687
63877,"JETTER, KJ2200 GAS",095691638779
63882,"JETTER, KJ2200 W/H30 CART",095691638823
63892,"MOTOR, 115V 1.5 HP",095691638922
63893,"CIRCUIT BOARD, INTERCONNECT",095691638939
63897,"PUMP, ASM KJ1350",095691638977
63902,"GAUGE, KJ1350",095691639028
63907,"HANDLE, ACTUATOR",095691639073
63912,"NIPPLE, HEX 3/8 X 3/8",095691639127
63917,"SHROUD, MOTOR",095691639172
63922,"LINECORD, GFI 15A 125V 12/3A",095691639226
63927,"HOSE, OUTPUT",095691639271
63932,HANDLE,095691639325
63937,"WRAP, CORD",095691639370
63942,"FOOT, FRONT",095691639424
63947,"FOOT, REAR",095691639479
63952,"BRACKET, REAR",095691639523
63957,"GAUGE, KJ1750",095691639578
63962,"DECAL, MODEL NO.",095691639622
63967,"DECAL, PULSE INSTRUCTION",095691639677
63972,"DECAL, POTABLE WATER",095691639721
63977,"TAG, WARNING GFCI",095691639776
63982,"BASE, CART",095691639820
63987,PKG OF 4 BUSHINGS,095691639875
63992,PKG OF 2 PADS,095691639929
63997,AXLE,095691639974
64002,WHEEL,095691640024
64007,"KNOB, T-HANDLE",095691640079
64012,"HANDLE, CART",095691640123
64017,"FOOT, HANDLE",095691640178
64022,"FRAME, HOSE REEL",095691640222
64028,"COUNTER, TRUSENSE",095691640284
64032,"NIPPLE, 1/4"" HEX",095691640321
64033,"DIE, SHEAR-13/16",095691640338
64038,"DIE, SHEAR-1-5/8",095691640383
64042,"RING, RETAINING",095691640420
64043,"DIE, SHEAR-COMBO",095691640437
64048,"CASE, CARRYING-STRUT SHEAR",095691640482
64052,"PLATE, SWITCH",095691640529
64053,"KIT, SLAYR HEAD+CASE+13/16 DIE",095691640536
64057,"GASKET, SWITCH",095691640574
64058,"KIT, SLAYR HEAD+CASE+1-5/8 DIE",095691640581
64062,"COVER, BOTTOM 300A",095691640628
64067,"SHIELD, MOTOR 300PD 115V CE",095691640673
64068,"DRAIN CLEANER, K5208 240V",095691640680
64073,"DRAIN CLEANER, K5208 240V",095691640734
64077,"PKG, PRESSURE WASH 2200",095691640772
64078,"DRAIN CLEANER, K5208 110V 50HZ",095691640789
64118,"HEAD, STRUT SHEAR",095691641182
64123,"SHAFT, ECCENTRIC",095691641236
64128,"BEARING, BALL",095691641281
64133,"RING, RETAINING",095691641335
64138,"MOTOR, RP240/241",095691641380
64173,"CORD, REPLACEMENT 120V-NA",095691641731
64187,"STAND, LOW 918I",095691641878
64192,"STAND, ASM 918I",095691641922
64202,"PLATE, SWITCH F/JAPAN",095691642028
64203,"CORD, REPLACEMENT 12V CAR-WORL",095691642035
64248,"DRAIN CLEANER, K5208 240V",095691642486
64282,SPRING,095691642820
64283,"KNOCKER, K9-102 1.5"" W/ CARB",095691642837
64288,"KNOCKER, K9-102 2"" CARB",095691642882
64293,"KNOCKER, K9-102 1.5""",095691642936
64298,"KNOCKER, K9-102 2""",095691642981
64302,"BUTTON, SPRING",095691643025
64307,PISTON,095691643070
64308,"KNOCKER, K9-204 2"" CARB",095691643087
64312,PIN,095691643124
64313,"KNOCKER, K9-204 3"" CARB",095691643131
64317,"BODY, VALVE",095691643179
64318,"KNOCKER, K9-204 4"" CARB",095691643186
64322,PKG OF 2 GASKETS,095691643223
64323,"KNOCKER, K9-204 2""",095691643230
64327,"ADAPTOR, OUTLET PORT",095691643278
64328,"KNOCKER, K9-204 3""",095691643285
64332,"FITTING, OUTLET",095691643322
64333,"KNOCKER, K9-204 4""",095691643339
64337,SPRING,095691643377
64338,"LUBRICANT, FLEXSHAFT 8 OZ",095691643384
64342,POPPET,095691643421
64343,"ASSEMBLY, CABLE K9-102 50'",095691643438
64347,PLUNGER,095691643476
64348,"ASSEMBLY, CABLE K9-204 70'",095691643483
64357,"SET OF, 2 GASKETS",095691643575
64362,"ADAPTOR, INLET",095691643629
64363,"ACCESSORY,1.25"" RIDGID WALLPIP",095691643636
64368,"ACCESSORY, 1.5"" RIDGID WALLPIP",095691643681
64372,"ADAPTOR, PORT",095691643728
64378,"CHARGER, RIDGID 100/230V-J",095691643780
64382,PKG OF 2 HAIRPIN CLIPS,095691643827
64383,"CHARGER, RIDGID 120/230V-NA",095691643834
64403,"HEAD, 1/4"" RIDGID PRESS-JMA",095691644039
64408,"HEAD, 1/2"" RIDGID PRESS-ONLY",095691644084
64412,RESERVOIR,095691644121
64417,TIEROD,095691644176
64422,END CAP W/FOOT,095691644220
64427,"HANDLE, ASM",095691644275
64432,"SCREW, STOP",095691644329
64437,"LEVER, PRESSURE RELEASE 918",095691644374
64442,"PIN, PIVOT",095691644428
64447,"MOTOR, 115V 1194 535",095691644473
64452,"MOTOR, 115V 1194A 54 RPM 535",095691644527
64457,"MOTOR, 230V 2394 535",095691644572
64462,"TUBING, PVC 6""",095691644626
64467,PKG OF 5 CABLE TIES,095691644671
64480,"SPRING, COMP .210 OD X .19 LG",095691644800
64490,"SPRING, COMP .260 OD X .25 LG",095691644909
64493,"SCREW, PKG OF 4",095691644930
64497,"PKG OF 20 3"" CENTER GUIDES",095691644978
64498,"PLATE, 1/4 CABLE CLAMP",095691644985
64500,"SPRING, COMP .320 OD X .34 LG",095691645005
64502,"PKG OF 10 6"" CENTER GUIDES",095691645029
64503,"PLATE, 5/16"" CABLE CLAMP",095691645036
64507,"RING, SNAP",095691645074
64508,"GEARBOX, INPUT K9-204",095691645081
64513,"GEARBOX, INPUT K9-102",095691645135
64515,"SPRING, FLAT 12 WRENCH",095691645159
64518,GEARBOX,095691645180
64520,"SPRING, COMP .375 OD X .44 LG",095691645203
64523,"HOUSING , K9-204",095691645234
64528,"HOUSING, K9-102",095691645289
64533,"DRUM, K9-204",095691645333
64538,"DRUM, K9-102",095691645388
64540,"SPRING, COMP .550 OD X .59 LG",095691645401
64542,"KIT, 300 CE UPGRADE",095691645425
64543,"NUT, PKG OF 4",095691645432
64548,"CLAMP, GEARBOX BRACKET",095691645487
64550,"SPRING, COMP .610 OD X .66 LG",095691645500
64553,"CLAMP, DRUM BEARING",095691645531
64558,"SET OF , COUPLING PINS",095691645586
64560,"SPRING, COMP .750 OD X .78 LG",095691645609
64563,"KIT, GEARBOX COUPLING K9102",095691645630
64568,"KIT, GEARBOX COUPLING K9204",095691645685
64573,"PIN, BALL DETENTE",095691645739
64578,"FEET, SET OF 4 K9-102",095691645784
64583,"FEET, SET OF 4 K9-204",095691645838
64588,"INSERT, TUBE K9-102",095691645883
64593,"INSERT, TUBE K9-204",095691645937
64598,BUSHING,095691645982
64603,CABLE CLAMPS W/SCREWS,095691646033
64607,"CABLE, PUSH 200' ASM",095691646071
64608,"LABEL, WARNING",095691646088
64612,"CABLE, PUSH 325' ASM",095691646125
64618,"SCREW,PKG OF 4",095691646187
64628,"SCREW, PKG OF 4",095691646286
64642,"STAND, AR99 ADJ ROLLER",095691646422
64643,"ACCESSORY, 1/4  SHEATH STK",095691646439
64648,"ACCESSORY, 5/16 SHEATH STK",095691646484
64657,PKG OF 5 SPRINGS 138,095691646576
64658,"KIT, ACCESSORY STOW BIN - RM20",095691646583
64678,"DRAIN CLEANER, K5208 120V W/TC",095691646781
64688,"DRAIN CLEANER, K5208 240V W/TC",095691646880
64697,"CART, H10 W/HOSE REEL NO HOSE",095691646972
64698,"ADAPTER, HC-75",095691646989
64702,"WAND, WASH HW-EL ELECTRIC",095691647023
64707,"NOZZLE, H21 1/8 PROPULSION",095691647078
64708,"BEARING, FLEXSHAFT",095691647085
64712,"NOZZLE, H22 1/8 PENETRATING",095691647122
64717,"NOZZLE, H24 1/8 DROP HEAD",095691647177
64722,"NOZZLE,H-31,1/4 PROPULSION",095691647221
64727,"NOZZLE,H-32,1/4 PENETRATING",095691647276
64732,"HOSE,JET TRAP H-1415 1/4X150'",095691647320
64737,"CART,H-30 W/HOSE REEL -NO HOSE",095691647375
64742,"NOZZLE, H41 1/8 PROPULSION",095691647429
64747,"NOZZLE, H42 1/8 PENETRATING",095691647474
64752,"NOZZLE, H44 1/8 DROP HEAD",095691647528
64757,"NOZZLE, H51 1/4 PROPULSION",095691647573
64762,"NOZZLE, H-52, 1/4 PENETRATING",095691647627
64767,"WAND, WASH HW22 KJ2200",095691647672
64772,"NOZZLE, H61 1/8 PROPULSION",095691647726
64777,"NOZZLE, H62 1/8 PENETRATING",095691647771
64782,"NOZZLE, H64 1/8 DROP HEAD",095691647825
64783,"DRAIN CLEANER, K5208 240V W/C1",095691647832
64787,"NOZZLE, H71 1/4 PROPULSION",095691647870
64792,"NOZZLE, H72 1/4 PENETRATING",095691647924
64795,"SLEEVE, 34 DRILL GUIDE",095691647955
64797,"WAND, WASH HW30 KJ3000",095691647979
64800,"NUT, DRILL GUIDE 33A SLEEVE EX",095691648006
64802,"NOZZLE,H-81,1/8 NPT PROPULSION",095691648020
64805,"SPACER, 33B DRILL GUIDE",095691648051
64807,"NOZZLE,H-82,1/8 NPT",095691648075
64810,"BUSHING, DRILL GUIDE 2133",095691648105
64812,"NOZZLE,H-84, 1/8 NPT DROP HEAD",095691648129
64815,"BUSHING, DRILL GUIDE 2233",095691648150
64817,"NOZZLE, H91 1/4 PROPULSION",095691648174
64820,"BUSHING, DRILL GUIDE 2333",095691648204
64822,"NOZZLE,H-92, 1/4 NPT",095691648228
64825,"BUSHING, DRILL GUIDE 2533",095691648259
64830,"BUSHING, DRILL GUIDE 2633",095691648303
64832,"HOSE, JET H3850 3/8 ID X 50'",095691648327
64835,"BUSHING, DRILL GUIDE 2733",095691648358
64837,"HOSE,JET H-3810,3/8 ID X 100'",095691648372
64838,"HANDLE, CART PUSH",095691648389
64840,"BUSHING, DRILL GUIDE 2933",095691648402
64842,"HOSE,JET H-3815 3/8 ID X 150'",095691648426
64845,"BUSHING, DRILL GUIDE 3033",095691648457
64847,"HOSE, JET H3820 3/8 ID X 200'",095691648471
64850,"BUSHING, DRILL GUIDE 3133",095691648501
64853,"AXLE,",095691648532
64857,"HOSE,JET H-3830,3/8 ID X 300'",095691648570
64860,"BUSHING, DRILL GUIDE 3433",095691648600
64862,"REEL, HOSE H38",095691648624
64863,"CART, K-5208 TRANSPORT",095691648631
64870,"BODY, ASM RED",095691648709
64872,FRAME,095691648723
64877,"SCREW, 1/4-20 X 2",095691648778
64880,"BODY, ASM BLACK",095691648808
64893,POWER TUBING CUTTER - JAPAN/TI,095691648938
64898,CUTTER WHEEL BEARING,095691648983
64902,"REEL, HOSE H38 STD W/HOSE",095691649027
64903,PC116TS TUBE STAND,095691649034
64908,137S REAMER,095691649089
64910,"GUARD, TOP RED",095691649102
64920,"GUARD, TOP BLACK",095691649201
64938,"KIT, GRE 6 HOUSING SET",095691649386
64943,"MONITOR, CS6X VERSA 115V/230V",095691649430
64945,"CARRIAGE, ASM VISE",095691649454
64950,"CARRIAGE, VISE RED",095691649508
64957,"ROLLSET, SU 60-150 JIS G 3448",095691649577
64962,"TOOL, DEBURRING 73",095691649621
64967,"TOOL, DEBURRING 74",095691649676
64968,"MONITOR, CS6X VERSA W/2 BAT LI",095691649683
64977,918I 115V COMPLETE,095691649775
64982,918I 100V COMPLETE,095691649829
64985,"JAW, CHUCK #3",095691649850
64990,"JAW, CHUCK #1",095691649904
64995,"JAW, CHUCK #2",095691649959
65020,"JAW, W/SLIDE RED",095691650207
65035R,"PLATE, CLAMP RED",095691650351
65037,"LINECORD, GFI 20A 125V 12/3B",095691650375
65042,"MOTOR, 120V 60HZ 2HP",095691650429
65047,"DECAL, MODEL NO.",095691650474
65052,"KNOB, SWITCH W/SCREW",095691650528
65062,"KIT, FACEPLATE",095691650627
65087,"GASKET, SWITCH",095691650870
65093,"CABLE, STD & MINI INTRCNCT CR",095691650931
65097,"WASHER, FLAT #6",095691650979
65098,"SYSTEM,  COMPACT 2 W/VERSA",095691650986
65102,"NOZZLE, WAND KJ1350/1750",095691651020
65103,"SYSTEM, COMPACT 2+VERSA+B&C LI",095691651037
65112,"GROMMET, RUBBER",095691651129
65117,"NOZZLE, WAND KJ2200",095691651174
65127,"NOZZLE, WAND KJ3000",095691651273
65132,"PUMP, ASM KJ2200",095691651327
65137,"GAUGE, PRESSURE KJ2200",095691651372
65175,"THREADER, 00R 1/2-1 BSPT",095691651754
65177,"HANDLE, ASM",095691651778
65182,"DECAL, PULSE ACTUATOR",095691651822
65186,DRIVING WASHER,095691651860
65187,"DECAL, MODEL NO. KJ2200",095691651877
65192,"PULSE ASM, KJ1350/1750",095691651921
65202,"VALVE, UNLOADER COMPLETE",095691652027
65207,"ADAPTOR, HOSE",095691652072
65208,"TUBE, GUIDE",095691652089
65212,"HOSE, OUTPUT",095691652126
65213,"PLUG, DRAIN",095691652133
65226,DISK SPRING,095691652263
65227,BOLT,095691652270
65232,"COVER, BEARING",095691652324
65237,"KIT, CRANKCASE SEAL",095691652379
65247,"BEARING, BALL",095691652478
65255,"THREADER, 12R 1/2-2 BSPT",095691652553
65258,"DECAL, CABLE CARRIER",095691652584
65262,DIPSTICK,095691652621
65267,"NUT, PLUNGER",095691652676
65272,PKG OF 3 SEALS,095691652720
65277,PLUNGER,095691652775
65282,PKG OF 3 O-RINGS,095691652829
65285,"THREADER, 12R 1/8-2 BSPT",095691652850
65286,WATER HOSE COMPLETE,095691652867
65287,SLINGER,095691652874
65293,"ASM, TOP COVER CS12X",095691652935
65312,COVER,095691653123
65320,"THREADER, 31A BSPT",095691653208
65322,BOLT,095691653222
65328,"ASM, FEEDSCREW & KNOB",095691653284
65332,CRANKSHAFT,095691653321
65337,BEARING,095691653376
65338,"CLIP, HOSE STORAGE W/HARDWARE",095691653383
65340,"THREADER, 65RC BSPT",095691653406
65343,"FOOT, CASTER W/STORAGE",095691653437
65345,"THREADER, 65RTC BSPT",095691653451
65347,FLANGE,095691653475
65353,"ASM,KICKSTAND HDL VERSA",095691653536
65356,ROTOR COMPLETE,095691653567
65357,"O-RING, PKG OF 5",095691653574
65358,"SET, SIDE PLATE LABEL",095691653581
65362,"PLUG, DRAIN",095691653628
65363,"ASM, HINGE PIVOT",095691653635
65367,"KIT, PLUNGER SEAL KJ2200",095691653673
65372,"RETAINER, CUP",095691653727
65380,"THREADER, 141 BSPT",095691653802
65387,"CAP, VALVE",095691653871
65392,PKG OF 6 O-RINGS,095691653925
65396,BRUSH HOLDER,095691653963
65397,"KIT, VALVE",095691653970
65412,"VALVE, THERMAL RELIEF",095691654120
65418,"SWITCH, TOGGLE W/COVER",095691654182
65423,"SWITCH, TOGGLE W/COVER",095691654236
65447,"SPRING, COMPRESSION",095691654472
65452,"COVER, TRANSMISSION",095691654526
65457,"GEAR, ASM 1ST INTERMEDIATE",095691654571
65462,"SHAFT, ASM OUTPUT",095691654625
65467,"GEAR, ASM 4TH INTERMEDIATE",095691654670
65468,"PRESS TOOL, RP 342-XL+BATT+CHG",095691654687
65472,"GEAR, ASM 3RD INTERMEDIATE",095691654724
65473,"KIT, RP 342-XL+BATT+CHGR+ACT",095691654731
65477,"BEARING, BALL",095691654779
65478,"KIT, RP 342-XL+BATT+CHGR+ACT+X",095691654786
65482,"GEAR, ASM 2ND INTERMEDIATE",095691654823
65483,"CASE, RP 342-XL CARRYING",095691654830
65487,"BEARING, BALL",095691654878
65492,BEARING,095691654922
65502,"GASKET, TRANSMISSION 918",095691655028
65507,"HOUSING, TRANSMISSION",095691655073
65512,"SEAL, GREASE",095691655127
65516,SWITCH ETA,095691655165
65517,"HOUSING, MOTOR",095691655172
65522,"AXLE, WHEEL",095691655226
65526,CORD COMPL.W/PRCD-SWITCH,095691655264
65527,"SUPPORT, REAR LEG US",095691655271
65537,"LEG, FRONT RIGHT U.S.",095691655370
65542,"TRAY, ASM",095691655424
65547,"LEG, FRONT LEFT U.S.",095691655479
65550,"DIEHEAD, CMPL 11R 1/8 BSPT",095691655509
65552,"PLATE, MOUNTING",095691655523
65555,"DIEHEAD, CMPL 11R 1/4 BSPT",095691655554
65557,"COVER, HOUSING 918I",095691655578
65560,"DIEHEAD, CMPL 11R 3/8 BSPT",095691655608
65565,"DIEHEAD, CMPL 11R 1/2 BSPT",095691655653
65567,COUPLING,095691655677
65570,"DIEHEAD, CMPL 11R 3/4 BSPT",095691655707
65575,"DIEHEAD, CMPL 11R 1"" BSPT",095691655752
65577,BASEPLATE,095691655776
65580,"DIEHEAD, CMPL 11R 1-1/4 BSPT",095691655806
65582,LANYARD,095691655820
65587,"BOX, JUNCTION",095691655875
65592,"OUTLET, 100V MODEL",095691655929
65597,"COVER, JUNCTION BOX",095691655974
65602,"RELIEF, STRAIN",095691656025
65612,"CONDUIT, FLEXIBLE 1/2""",095691656124
65620,"DIEHEAD, CMPL 11R 3/8 HS BSPT",095691656209
65625,"DIEHEAD, CMPL 11R 1/2 HS BSPT",095691656254
65630,"DIEHEAD, CMPL 11R 3/4 HS BSPT",095691656308
65635,"DIEHEAD, CMPL 11R 1"" HS BSPT",095691656353
65637,"SWITCHBOX, W/COVER 100V",095691656377
65640,"DIEHEAD, CMPL 11R 1-1/4 HS BSP",095691656407
65642,"NUT, LOCK 1/2 NPT",095691656421
65646,SHAFT SEAL,095691656469
65647,"FITTING, 90 DEG 1/2",095691656476
65652,"HOUSING, ASM JAW",095691656520
65657,"FITTING, GREASE",095691656575
65662,"PLUG, NYLON",095691656629
65667,"DECAL, WARNING",095691656674
65672,"CAP, ADJUSTMENT",095691656728
65677,BEARING,095691656773
65680,"DIEHEAD, CMPL 11R 3/8 BSPP",095691656803
65682,"CONE, IDLER",095691656827
65685,"DIEHEAD, CMPL 11R 1/2 BSPP",095691656858
65687,"JAW, CLUTCH K60SP",095691656872
65692,"COVER, JAW SET K60SP",095691656926
65697,"BAFFLE, K60SP",095691656971
65700,"DIEHEAD, CMPL 11R 1-1/4 BSPP",095691657008
65702,PULLEY,095691657022
65705,"DIEHEAD, CMPL 00R 1/8 BSPT",095691657053
65707,"PLATE, SPRING",095691657077
65710,"DIEHEAD, CMPL 00R 1/4 BSPT",095691657107
65712,"SHAFT, W/RACK",095691657121
65715,"DIEHEAD, CMPL 00R 3/8 BSPT",095691657152
65717,PKG OF 2 EXTENSION SPRINGS,095691657176
65720,"DIEHEAD, CMPL 00R 1/2 BSPT",095691657206
65722,"BEARING, SLEEVE",095691657220
65725,"DIEHEAD, CMPL 00R 3/4 BSPT",095691657251
65727,"INSERT, STEEL",095691657275
65730,"DIEHEAD, CMPL 00R 1"" BSPT",095691657305
65732,"HOUSING, ASM MAIN",095691657329
65737,"SHAFT, PINION",095691657374
65742,PKG OF 2 RETAINING RINGS,095691657428
65747,"HANDLE, ASM",095691657473
65757,"ENCLOSURE, SWITCH K60SP",095691657572
65762,"CAP, SWITCHBOX",095691657626
65765,"DIEHEAD, CMPL 00R 1/8 HS BSPT",095691657657
65767,"FRAME, W/BUMPERS",095691657671
65772,PKG OF 4 FRAME BUMPERS,095691657725
65775,"DIEHEAD, CMPL 00R 3/8 HS BSPT",095691657756
65780,"DIEHEAD, CMPL 00R 1/2 HS BSPT",095691657800
65782,"STUD, 3/8",095691657824
65785,"DIEHEAD, CMPL 00R 3/4 HS BSPT",095691657855
65787,"NUT, NYLON ACORN",095691657879
65790,"DIEHEAD, CMPL 00R 1"" HS BSPT",095691657909
65792,"BRACKET, MOTOR MOUNTING",095691657923
65797,"PIN, MOTOR MOUNTING",095691657978
65802,"BELT, K60SP",095691658029
65807,"PULLEY, MOTOR",095691658074
65812,"STRAP, BRACKET",095691658128
65813,"DECAL, WARNING EXPORT",095691658135
65817,"RELIEF, STRAIN W/NUT",095691658173
65822,"SHROUD, MOTOR W/CORD WRAP K60S",095691658227
65828,"SPRING, PKG OF 3",095691658289
65832,"MOTOR, 115V 60HZ",095691658326
65837,"MOTOR, 230V 50/60HZ",095691658371
65838,"DECAL, ""STRUT SLAYR""",095691658388
65843,"DECAL, ""RIDGID""",095691658432
65852,"BOOT, RUBBER",095691658524
65856,COUPLING WHEEL,095691658562
65857,PKG OF 6 CLIPS,095691658579
65862,"DECAL, WARNING EXPORT",095691658623
65863,"COUPLING, 1/4 FS FITTING",095691658630
65867,"SCREW, PLASTIC SOCKET SET",095691658678
65868,"COUPLING, 5/16 FS FITTING",095691658685
65898,"HOSE, 2-1/2"" X 7' DUAL FLEX",095691658982
65902,918I 220-240V COMPLETE,095691659026
65903,"HOSE, 1-7/8""-10' LOCKING PRO",095691659033
65907,"SWITCH, 115V",095691659071
65917,"RELIEF, STRAIN",095691659170
65933,"SCREW, PKG OF 4",095691659330
65942,"BAR, CLAMP",095691659422
65950,"DIEHEAD, CMPL 12R 1/8 BSPT",095691659507
65953,"PCBA, HUB C40/M40",095691659538
65955,"DIEHEAD, CMPL 12R 1/4 BSPT",095691659552
65958,"ASM, CABLE L/CAM C40",095691659583
65960,"DIEHEAD, CMPL 12R 3/8 BSPT",095691659606
65962,"SWITCHBOX, W/COVER 115V",095691659620
65963,"ASM, CABLE L/CAM M40",095691659637
65965,"DIEHEAD, CMPL 12R 1/2 BSPT",095691659651
65970,"DIEHEAD, CMPL 12R 3/4 BSPT",095691659705
65975,"DIEHEAD, CMPL 12R 1"" BSPT",095691659750
65977,"COVER, JUNCTION BOX",095691659774
65980,"DIEHEAD, CMPL 12R 1-1/4 BSPT",095691659804
65983,"CASE,BOTTOM CS12X",095691659835
65985,"DIEHEAD, CMPL 12R 1-1/2 BSPT",095691659859
65988,"FOAM, LCD CS12X",095691659880
65990,"DIEHEAD, CMPL 12R 2"" BSPT",095691659903
65998,"KEYPAD, CS12X",095691659989
66003,"SET OF, 1 BAT/1 CHRGR+LIO",095691660039
66013,"SET OF, 2 BAT/1 CHRGR+LIO",095691660138
66017,"HANDLE, ASM",095691660176
66020,"DIEHEAD, CMPL 12R 1"" BSPT LH",095691660206
66022,"STAND, HOSE REEL",095691660220
66027,"PLUG, SQUARE",095691660275
66032,"WELDMENT, CART FRAME",095691660329
66037,"AXLE, WHEEL",095691660374
66040,"DIEHEAD, CMPL 12R 1/2 HS BSPT",095691660404
66042,"CAP, INSULATOR",095691660428
66043,"PLUG, BREATHER",095691660435
66045,"DIEHEAD, CMPL 12R 3/4 HS BSPT",095691660459
66047,"HOSE, ASM OUTPUT",095691660473
66050,"DIEHEAD, CMPL 12R 1"" HS BSPT",095691660503
66055,"DIEHEAD, CMPL 12R 1-1/4 HS BSP",095691660558
66057,"STRAP, BATTERY",095691660572
66060,"DIEHEAD, CMPL 12R 1-1/2 HS BSP",095691660602
66062,"ROD, TIE DOWN",095691660626
66065,"DIEHEAD, CMPL 12R 2"" HS BSPT",095691660657
66067,"INSULATOR, TERMINAL BLACK",095691660671
66072,"BASE, BATTERY",095691660725
66077,"INSULATOR, TERMINAL RED",095691660770
66082,"CABLE, BATTERY NEG",095691660824
66087,"CABLE, BATTERY POS",095691660879
66097,"ENGINE, GAS 13 HP ELECTRIC",095691660978
66102,"DECAL, MODEL NO. KJ3000",095691661029
66107,"KEY, SQ 1/4 X 1""",095691661074
66110,"DIES, 12R 1/8 BSPT",095691661104
66117,"GAUGE, PRESSURE KJ3000",095691661173
66122,"PUMP, ASM KJ3000",095691661227
66128,"SCREW, PKG OF 4",095691661289
66132,"SCREW, M8-10 HEX HD CAP",095691661326
66133,"PRESSRING MP - NW 1"" CPL-RTC",095691661333
66137,PANEL,095691661371
66138,POWER TUBING CUTTER US VERSION,095691661388
66142,"DECAL, INSTRUCTION",095691661425
66147,"INJECTOR, CHEMICAL KJ3000",095691661470
66157,"ADAPTOR, REDUCER",095691661579
66158,"DISPLAY, BOX W/ TRIDENT",095691661586
66160,"DIES, 12R 5/8 BEC",095691661609
66162,"ELBOW, STREET 90 DEG",095691661623
66163,"ASM, COVER CS65X",095691661630
66167,"FILTER, INLET",095691661678
66190,"DIES, 12R 1/8 BSPP",095691661906
66192,"CAP, VALVE 6",095691661920
66197,"KIT, VALVE 6 VALVES/6 O-RINGS",095691661975
66200,"DIES, 12R 3/8 BSPP",095691662002
66202,"SPREADER, CUP",095691662026
66205,"DIES, 12R 1/2 BSPP",095691662057
66207,"KIT, PLUNGER SEAL KJ3000",095691662071
66210,"DIES, 12R 3/4 BSPP",095691662101
66212,"KIT, CRANKCASE SEAL 7 PCS",095691662125
66215,"DIES, 12R 1"" BSPP",095691662156
66220,"DIES, 12R 1-1/4 BSPP",095691662200
66225,"DIES, 12R 1-1/2 BSPP",095691662255
66227,"SHIM, 22 MM",095691662279
66230,"DIES, 12R 2"" BSPP",095691662309
66232,"BEARING, BALL",095691662323
66237,CRANKCASE,095691662378
66242,PKG OF 3 PLUNGER,095691662422
66243,"LOCK, LATCH CS6X VERSA",095691662439
66247,"WASHER, PLUNGER SEAL",095691662477
66252,PLUNGER,095691662521
66257,SLINGER,095691662576
66258,"JAW, SET FRONT T2 535A",095691662583
66262,O-RING,095691662620
66263,"SET, 535A T2 REAR JAW",095691662637
66267,"PLUNGER, LOWER",095691662675
66273,"FOOTSWITCH, 57 RPM 300 PWD DR",095691662736
66283,"CORD, 57RPM 300PD POWER",095691662835
66288,"SCREW, PKG OF 4 SSCNTR",095691662880
66292,CRANKSHAFT,095691662927
66293,"SUPPORT , INTERCON CORD",095691662934
66297,KEY,095691662972
66307,"RETAINER, CUP",095691663078
66310,"DIES, 12R 1/8 BSPT HS",095691663108
66315,"DIES, 12R 1/4 BSPT HS",095691663153
66317,"SCREW, SOC HD CAP",095691663177
66320,"DIES, 12R 3/8 BSPT HS",095691663207
66322,"FLANGE, MOUNTING",095691663221
66323,"AIR MOVER, LG CART W/ DAISY CH",095691663238
66325,"DIES, 12R 1/2 BSPT HS",095691663252
66327,"SEAL, SHAFT",095691663276
66330,"DIES, 12R 3/4 BSPT HS",095691663306
66335,"DIES, 12R 1"" BSPT HS",095691663351
66340,"DIES, 12R 1-1/4 BSPT HS",095691663405
66342,"BEARING, BALL",095691663429
66345,"DIES, 12R 1-1/2 BSPT HS",095691663450
66347,"SHAFT, GEAR",095691663474
66350,"DIES, 12R 2"" BSPT HS",095691663504
66357,PLUG,095691663573
66362,"SCREW, M6 X 18 SHC",095691663627
66377,GEAR,095691663771
66382,O-RING,095691663825
66392,"SCREW, M8 X 30 SHC",095691663924
66403,"BAG, PIPE SAW STORAGE",095691664037
66405,"DIES,12R 1/8 BSPT HS LH",095691664051
66413,"BLADE, 8""X.625""X42T CERMET",095691664136
66415,"DIES,12R 3/8 BSPT HS LH",095691664150
66420,"DIES,12R 1/2 BSPT HS LH",095691664204
66425,"DIES,12R 3/4 BSPT HS LH",095691664259
66430,"DIES,12R 1"" BSPT HS LH",095691664303
66435,"DIES,12R 1-1/4 BSPT HS LH",095691664358
66450,"DIES, 65R BSPT HS",095691664501
66452,"FAN, 115V SF2000",095691664525
66463,"CAMERA, TS 35MM SL UPGRADE KIT",095691664631
66467,K60SP 220-240V 50/60HZ,095691664679
66468,"CAMERA, TS 35MM  UPGRADE KIT",095691664686
66472,K60SP SE 230V W/A61/A62,095691664723
66473,"CAMERA, TS 30MM SL UPGRADE KIT",095691664730
66477,K60SP W/A61/A62/A30,095691664778
66478,"CAMERA, TS 30MM UPGRADE KIT",095691664785
66483,"CASE, CS6X VERSA MONITOR",095691664839
66492,K60SP 120V 60HZ,095691664921
66497,K60SP SE 115V 60HZ,095691664976
66498,"CASE, SR-20/24 18V CASE ONLY",095691664983
66503,"ADAPTOR, LOCATOR 18V",095691665034
66508,"KIT, SR-20  + 18V ADAPTOR",095691665089
66512,K60SP 220-240V 50/60HZ EXPORT,095691665126
66517,K60SP SE 220-240V 50HZ EXPORT,095691665171
66518,"KIT, 18V LOCTR ADPTR+2BATT/CHR",095691665188
66523,"HUB, CSX VIA WIFI",095691665232
66527,"COUPLING, ASM MALE C9",095691665270
66528,"KIT, CSX VIA+2BATT/CHGR",095691665287
66532,"COUPLING, ASM FEMALE C9 CABLE",095691665324
66535,"DIES, 4PJ 2-1/2 BSPT HS",095691665355
66537,"RELIEF, STRAIN W/LOCKNUT",095691665379
66540,"DIES, 4PJ 3"" BSPT HS",095691665409
66547,"EXTENSION, DRIVE SHAFT",095691665478
66550,"DIES, 4PJ 4"" BSPT HS",095691665508
66562,"FAN, MOTOR",095691665621
66568,"KNOCKER, K9-102 1.5"" PENETRATE",095691665683
66572,"COVER, CAPACITOR",095691665720
66573,"KNOCKER, K9-102 2"" PENETRATE",095691665737
66578,"KNOCKER, K9-204 2"" PENETRATE",095691665782
66582,918FE COMPLETE,095691665829
66583,"KNOCKER, K9-204 3"" PENETRATE",095691665836
66588,"KNOCKER, K9-204 4"" PENETRATE",095691665881
66593,"FLEXSHAFT, K9-306 NA 120V",095691665935
66597,PKG OF 2 CLEVIS PINS,095691665973
66598,K9-306 110V,095691665980
66602,PKG OF 2 SLEEVES,095691666024
66607,"PIN, ROLLER",095691666079
66612,"HANDLE, ASM",095691666123
66617,PKG OF 2 SPACERS,095691666178
66618,"KNOCKER, K9-306 3""",095691666185
66620,"DIES, 161 BSPT HS",095691666208
66622,"HOLDER, ROLLER",095691666222
66623,"KNOCKER, K9-306 4""",095691666239
66625,"DIES, 141 BSPT HS",095691666253
66628,"KNOCKER, K9-306 6""",095691666284
66632,SPACER,095691666321
66633,"KNOCKER, K9-306 3"" CARB",095691666338
66638,"KNOCKER, K9-306 4"" CARB",095691666383
66643,"KNOCKER, K9-306 6"" CARB",095691666437
66648,"KNOCKER, K9-306 3"" PENETRATE",095691666482
66653,"KNOCKER, K9-306 4"" PENETRATE",095691666536
66655,"DIES, UNIV 1/8 BSPT",095691666550
66658,"KNOCKER, K9-306 6"" PENETRATE",095691666581
66660,"DIES, UNIV 1/4-3/8 BSPT",095691666604
66663,"ASSEMBLY, CABLE K9-306 125'",095691666635
66665,"DIES, UNIV 1/2-3/4 BSPT",095691666659
66668,"ACCESSORY, 3/8 SHEATH STK",095691666680
66670,"DIES, UNIV 1-2 BSPT",095691666703
66687,"WHEEL, CUTTER 3 PIECE F/258",095691666871
66688,"ASM, HINGE CS12X",095691666888
66693,"CABLE, LED",095691666932
66700,"DIES, UNIV 1/2-5/8 BEC",095691667007
66705,"DIES, UNIV 3/4-1-1/4 BEC",095691667052
66708,"KIT, 535A T2 JAW",095691667083
66710,"DIES, UNIV 1-1/2-2-1/2 BEC",095691667106
66732,"HOSE, HF-4 QUICK CONNECT",095691667328
66737,"CUTTER, 150L TUBING",095691667373
66742,"CUTTER, 150LS TUBING HD",095691667427
66747,"CUTTER, 151ML TUBING F/PL/AL",095691667472
66750,"DIES, UNIV 1/8 BSPT HS",095691667502
66755,"DIES, UNIV 1/4-3/8 BSPT HS",095691667557
66760,"DIES, UNIV 1/2-3/4 BSPT HS",095691667601
66765,"DIES, UNIV 1-2 BSPT HS",095691667656
66770,"DIES, UNIV 1/8 BSPT HS SS",095691667700
66772,"WHEEL, CUTTER 50MM RIDGID",095691667724
66773,"PCB, USB",095691667731
66775,"DIES, UNIV 1/4-3/8 BSPT HS SS",095691667755
66780,"DIES, UNIV 1/2-3/4 BSPT HS SS",095691667809
66782,DIPSTICK,095691667823
66785,"DIES, UNIV 1-2 BSPT HS SS",095691667854
66787,"GEAR, ASM 1ST INTERM K3800",095691667878
66792,"GEAR, ASM 2ND INTERM K3800",095691667922
66795,"DIES, UNIV 1/8 BSPP HS",095691667953
66797,FRAME,095691667977
66800,"DIES, UNIV 1/4-3/8 BSPP HS",095691668004
66802,"KIT, DRY END RE-TERM",095691668028
66805,"DIES, UNIV 1/2-3/4 BSPP HS",095691668059
66810,"DIES, UNIV 1-2 BSPP HS",095691668103
66830,"DIES, UNIV 1-2 BSPP HS SS",095691668301
66845,"DIES, UNIV 1/2-3/4 BSPT HS LH",095691668455
66850,"DIES, UNIV 1-2 BSPT HS LH",095691668509
66867,"COUPLING, 1/2 NPT",095691668677
66868,"KIT, MP XL RING ONLY",095691668684
66877,"FLANGE, PULLEY",095691668776
66880,"DIES, 554 1/2-3/4 BSPT",095691668806
66887,GASKET,095691668875
66892,"RING, LOCK",095691668929
66897,"INSERT, CONE",095691668974
66902,PULLEY,095691669025
66905,"DIES, 552 1/4-3/8 BSPT HS",095691669056
66907,"WRAP, CORD K60SP",095691669070
66910,"DIES, 554 1/2-3/4 BSPT HS",095691669100
66920,"DIES, 554 1/2-3/4 BSPT HS SS",095691669209
66933,"SYSTEM,ST-305R+2BATT/CHGR LI",095691669339
66938,E850 CUTTER WHEEL WITHOUT BEAR,095691669384
66943,E855 CUTTER WHEEL WITHOUT BEAR,095691669438
66947,300 COMPACT 115V 1/2-2 25-60HZ,095691669476
66955,"DIES, 552 1/4-3/8 BSPT",095691669551
66962,"PULLEY, IDLER",095691669629
66967,V-BELT,095691669674
66972,V-BELT,095691669728
66973,"COVER, USB, CS12X",095691669735
66977,"ENGINE, 6 HP",095691669773
66983,"KIT, MP+24KN JAWS",095691669834
66988,"KIT, MP+RINGS+C1 ACT",095691669889
66993,"KIT, MP+24KN JAWS+RINGS+C1 ACT",095691669933
67008,"SHELL, FRONT MOUNT",095691670083
67013,"SHELL, REAR MOUNT",095691670137
67023,"ASM, YOKE VERSA",095691670236
67053,"KIT, RP 350-B+1/2-2"" PP+LIO",095691670533
67058,"KIT, RP 350-B+1/2-1"" PP+LIO",095691670588
67062,"THREADER, 00R 1/2-1 BSPT BRAZL",095691670625
67063,"KIT, RP 350-B+NO JAWS+LIO",095691670632
67067,"THREADER, 00R 1/2-1 NPT BRAZIL",095691670670
67068,"KIT, RP 350-C+1/2-2"" PP JAWS",095691670687
67073,"KIT, RP 350-C+1/2-1"" PP JAWS",095691670731
67078,"KIT, RP 350-C NO JAWS",095691670786
67083,"CRIMP TOOL, RP 350 TOOL ONLY",095691670830
67178,"KIT, RP 351-B+1/2-2"" PP+LIO",095691671783
67182,300 COMPACT N/A W/250 STAND,095691671820
67183,"KIT, RP 351-B+1/2-1"" PP+LIO",095691671837
67187,JET VAC,095691671875
67188,"KIT, RP 351-B NO JAWS+LIO",095691671882
67192,"WRENCH, ROLL",095691671929
67193,"KIT, RP 351-C+1/2-2"" PP JAWS",095691671936
67197R,"KEY, HEX",095691671974
67198,"KIT, RP 351-C+1/2-1"" PP JAWS",095691671981
67207,SET OF FERRULES,095691672070
67218,"KIT, RP 351-C NO JAWS",095691672186
67223,"CRIMP TOOL, RP 351 TOOL ONLY",095691672230
67307,"CABLE,10' SEESNAKE SYSTEMS",095691673077
67312,"GUIDES, CENTERING 4"" MINI",095691673121
67327,"CABLE, PUSH 200' MINI",095691673275
67332,"JETTER, KJ1750SC W/H10 CART",095691673329
67337,"SPRING, ASM",095691673374
67338,"CASE, RP350/351 CARRYING",095691673381
67342,"T-SCREW, ASM",095691673428
67347,"BASE, SWIVEL",095691673473
67352,"STRAP, CLAMP",095691673527
67357,"SPRING, ASM",095691673572
67363,"BRACKET, HQX DOCK",095691673633
67377,"SPRING, ASM",095691673770
67388,"KIT, K1500A PR 120V 60HZ W/C11",095691673886
67392,"STRAP, CLAMP",095691673923
67393,"KIT, K1500B PR 120V 60HZ W/C11",095691673930
67397,"FEEDSCREW, F-45",095691673978
67398,"KIT, K5208 PR 115 60HZ W/C11",095691673985
67402,FEEDSCREW,095691674029
67403,"KIT, C11 CABLE AND TOOL PRO",095691674036
67407,FEEDSCREW,095691674074
67408,"GEARBOX, K9306",095691674081
67412,"OVERLOAD, THERMAL MEJ20RB",095691674128
67413,MOTOR K9306 120V,095691674135
67417,"OVERLOAD, THERMAL MEJ55AB",095691674173
67418,"PLATE, GEARBOX MOUNT",095691674180
67422,"OVERLOAD, THERMAL MEJ28RB",095691674227
67423,"MOTOR, K9306 230V",095691674234
67428,"LINECORD, GFCI 220V EU",095691674289
67432,"HANDLE, HANDLE RINGS",095691674326
67433,"LINECORD, GFCI 230V AU",095691674333
67437,"HANDLE, HANDLE RINGS",095691674371
67438,"SHROUD, MOTOR K9306",095691674388
67447,"NUT, VISE",095691674470
67452,"NUT, VISE",095691674524
67453,"SCREW, PKG OF 4",095691674531
67457,"NUT, VISE",095691674579
67458,"SCREW, PKG OF 4",095691674586
67462,"RINGS, HANDLE",095691674623
67463,"SCREW, PKG OF 4",095691674630
67467,"RINGS, HANDLE",095691674678
67468,"CLAMP, CABLE RET",095691674685
67472,"RINGS, HANDLE",095691674722
67473,"SCREW, PKG OF 4",095691674739
67478,"SET, WASHER & RET RING",095691674784
67483,"COUNTERWEIGHT, K9306",095691674838
67488,"PLATE, CABLE RET MOUNT",095691674883
67493,"NUT, PKG OF 4",095691674937
67498,"PLATE, MOTOR CLAMP PKG OF 2",095691674982
67503,"DRUM, INSIDE",095691675033
67508,"DRUM, OUTSIDE",095691675088
67513,"ASM, DRUM SUPPORT",095691675132
67518,"SCREW,PKG OF 4",095691675187
67533,"ASM, HOUSING SUPPORT",095691675330
67543,"SCREW, PKG OF 4",095691675439
67548,"ASM, FOOTBULB",095691675484
67553,"COVER, W/LABELS K9306",095691675538
67558,"O-RING, K9306 COVER",095691675583
67563,"HOUSING, K9306",095691675637
67568,"CLAMP, HSG SUPP PKG OF 4",095691675682
67573,"WRAP, CORD PKG OF 4",095691675736
67578,"SPRING, PKG OF 4",095691675781
67617,"DRIER, W/FILTER",095691676177
67632,"GASKET, ELECT BOX SWIT K1500SP",095691676320
67643,"PIN, CLEVIS",095691676436
67648,"HANDLE, FRONT",095691676481
67650,"DIES, 500B 1"" BSW HS",095691676504
67653,"ASM, CART K9306",095691676535
67655,"DIES, 500B 1-1/8 BSW HS",095691676559
67657,"STAND, 250 FOLDING F/NA",095691676573
67658,"CLAMP, REAR FRAME PKG OF 2",095691676580
67660,"DIES, 500B 1-1/4 BSW HS",095691676603
67662,"ADAPTOR, GROOVER 300CPT/1233",095691676627
67663,"COVER, FRONT K9306",095691676634
67667,"LOCK, REEL WITH NUT",095691676672
67668,"ASM, SLIP RING K9306",095691676689
67673,"ASM, FOOTBULB",095691676733
67677,"LOCK, REEL",095691676771
67678,"NUT, LOCK PKG OF 4",095691676788
67683,"PLATE, WIRE",095691676832
67687,SLEEVE,095691676870
67688,"O-RING, K9306",095691676887
67692,"BUSHING, REDUCER 1/2-1/4 NPT",095691676924
67697,"CONNECTOR, SWIVEL",095691676979
67702,"KIT, SERVICE SWIVEL",095691677020
67703,"ASM, CABLE BUSHING K9306",095691677037
67707,"BLOCK, BEARING PLAIN",095691677075
67708,"ASM, SOFT START K9306",095691677082
67712,"BRACKET, LOCK SIDE",095691677129
67713,"LATCH, K9306",095691677136
67717,PKG OF 2 SPACERS,095691677174
67718,"RETAINER, SCREW PKG OF 4",095691677181
67723,"KIT, SWITCH HARDWARE K9306",095691677235
67727,"BRACKET, PLAIN",095691677273
67728,"ASM, HANDLE RELEASE",095691677280
67732,"KNOB, DRAG BRAKE",095691677327
67733,"ASM, UPPER HANDLE",095691677334
67737,CRANK,095691677372
67738,"FRAME, LOWER K9306",095691677389
67742,"BLOCK, BEARING DRAG",095691677426
67743,"FOOT, FRAME PKG OF 2",095691677433
67747,"SCREW, 5/16-18 X 3-1/2 HEX",095691677471
67783,"ELECTRIC BOARD, FOR RP318/218",095691677839
67787,"PLATE, ASM PRESSURE",095691677877
67788,"BUTTON, SNAP PKG OF 2",095691677884
67793,"AXLE, K9306",095691677938
67807,"DIES, GOLD 1/2-3/4 NPT OILESS",095691678072
67808,"ADAPTER, CA-350 CONVERSION KIT",095691678089
67812,"DIES, GOLD 1"" NPT OILESS 1210",095691678126
67817,"DIEHEAD, 610 QK-OPEN L/DIES",095691678171
67818,"ACTUATOR, Z3 VIEGA",095691678188
67822,"STAND, 120 LEG F/1210",095691678225
67842,918 ROLL GROOVER F/KOREA,095691678423
67885,"DIES, UNIV 5/16 BSW HS",095691678850
67892,"MOTOR, 220V EUR K3800",095691678928
67897,"MOTOR, 110V EUR K3800",095691678973
67900,"DIES, UNIV 1/2 BSW HS",095691679000
67902,"BOX, SUPPRESSOR K3800 EURO",095691679024
67907,"GASKET, SUPRESSOR BOX",095691679079
67910,"DIES, UNIV 5/8 BSW HS",095691679109
67915,"DIES, UNIV 3/4 BSW HS",095691679154
67920,"DIES, UNIV 7/8 BSW HS",095691679208
67925,"DIES, UNIV 1"" BSW HS",095691679253
67935,"DIES, UNIV 1-1/4 BSW HS",095691679352
67962,"AUTOFEED, A39/40PF",095691679628
67963,"SLIDE, POWER CUTTER",095691679635
67967,"BODY, AUTO-FEED",095691679673
67982,700 PD BSPT KIT F/LA,095691679826
67987,700 PD NPT KIT F/LA,095691679871
67992,PKG OF 3 FLAT WASHERS,095691679925
67997,PKG OF 3 ROLLER BEARINGS,095691679970
68002,"LEVER, FEED ACTUATOR",095691680020
68007,"SCREW, TOP ADJUSTMENT",095691680075
68010,"BARREL, 161 BSPT",095691680105
68012,"SPRING, RETURN",095691680129
68015,"PLATE, SELECTOR 161 BSPT",095691680150
68017,"HOLDER, ROLLER TOP",095691680174
68020,"POST, GUIDE 141 BSPT",095691680204
68037,"WASHER, WAVE 1210",095691680372
68040,"WORKHOLDER, 141 BSPT",095691680402
68060,"FACEPLATE, W/BARREL 65R BSPT",095691680600
68070,"WORKHOLDER, 65RTC BSPT",095691680709
68075,"WORKHOLDER, 65RTC BSPT",095691680754
68080,"POST, GUIDE 161 BSPT",095691680808
68090,"BARREL, 141 BSPT",095691680907
68100,"WORKHOLDER, 65RC BSPT",095691681003
68110,"WORKHOLDER, 65RC BSPT",095691681102
68125,"PLATE, CHANGE 65R BSPT",095691681256
68170,"ADAPTOR, STUD 3/4 BSPT",095691681706
68185,"ADAPTOR, STUD 1-1/2 BSPT",095691681850
68227,"ADAPTOR, BNC TO RCA",095691682277
68232,"CABLE, RCA",095691682321
68243,"LABEL, WARNING",095691682437
68247,"AXLE, WHEEL - STD REEL",095691682475
68252,"SPACER, AXLE SEESNAKE",095691682529
68257,"PIN, AXLE SEESNAKE",095691682574
68262,"KNOB, TENSION",095691682628
68267,"WASHER, NYLON",095691682673
68298,SMALL ROLLER ASSEMBLY,095691682987
68302,"TOOL, FLARE 456J",095691683021
68318,HANDLE,095691683182
68323,"ROD,PISTON",095691683236
68362,"PKG OF 2 SPACERS 0.12""",095691683625
68363,"DECAL,STANDARD",095691683632
68367,"BEARING, ASM THRUST",095691683670
68372,PKG OF 2 SPACERS 0.235,095691683724
68377,PKG OF 2 SPACERS 0.06,095691683779
68423,"OIL RESERVOIR,RP318",095691684233
68493,"FLEXSHAFT, K9-306 JP 100V",095691684936
68498,MOTOR,095691684981
68523,"PKG OF, 2 BRUSHES & CAPS",095691685230
68568,"ADAPTOR, STD/MINI REEL CSX VIA",095691685681
68620,"LINK, ASM CHAIN C12",095691686206
68623,"BAG, DRAIN CLEANING BAG ONLY",095691686237
68625,"LINK, REPLACEMENT CHAIN",095691686251
68626,SERVICE KIT FOR 1435N,095691686268
68630,"LINK, ASM CHAIN",095691686305
68650,"CUTTER, 206 SOIL PIPE",095691686503
68680,"BUSHING, 87",095691686800
68768,"MONITOR, CS65XR 115V/230V",095691687685
68773,"SCREW, PKG OF 4",095691687739
68775,"DIEHEAD, 00R 1/2 HS API",095691687753
68780,"DIEHEAD, CMPL 00R 3/4 HS API",095691687807
68783,"FOOT, KICKSTAND PKG OF 4",095691687838
68793,"COMPRESSION SPRING  DI=0.8, DM",095691687937
68803,CYLINDER HEAD KIT,095691688033
68808,"VALVE, VALVE 460 +0/-30 BAR",095691688088
68813,"DECAL""RP342XL""",095691688132
68815,"CARRIAGE, 311 W/LEVER",095691688156
68825,"GUARD, BOTTOM BLACK",095691688255
68830,"GUARD, BOTTOM RED",095691688309
68832,SF2500 PIPE FRZ 240V EUROPE,095691688323
68838,DECAL STANDARD EXTENDED,095691688385
68842,SET OF 3/8 ADAPTERS SF2000,095691688422
68843,"JAW PIN, RELEASE",095691688439
68847,SET OF 1/2 ADAPTORS SF2000,095691688477
68848,"PIN HEAD, RELEASE",095691688484
68853,RELEASE  NUT SPRING,095691688538
68855,SLIDE,095691688552
68857,SET OF 1/2 ADAPTORS SF2500,095691688576
68862,SET OF 3/4 ADAPTORS SF2500,095691688620
68865,"BUSHING, INSULATING",095691688651
68870,"WASHER, FLAT .845 ID",095691688705
68877,"CUTTER, 354",095691688774
68878,"SCREW, POINTED PKG OF 4",095691688781
68880,"LINECORD, FOOTSWITCH",095691688804
68887,"COUPLING, REM TRANS 1 1/4 C-11",095691688873
68888,"SWITCH RING,RP342XL",095691688880
68890,"WASHER, FLAT .643 ID",095691688903
68892,"COUPLING,REM TRNS 5/8&3/4 DRUM",095691688927
68895,"STAND, 1206HM",095691688958
68898,"BRACKET,REAR",095691688989
68905,300 PD 230V AUST,095691689054
68917,"LINER, DRUM K39",095691689177
68918,"RING, SECURING BRUSH K9-204",095691689184
68922,SLEEVE,095691689221
68923,"RING, SECURING BRUSH K9-102",095691689238
68928,"RING, SECURING BRUSH K9-306",095691689283
68932,"BACK, DRUM K39",095691689320
68933,"BRUSH, NYLON K9-102 1.5""",095691689337
68937,PKG OF 4 SCREWS,095691689375
68938,"BRUSH, NYLON K9-102 2""",095691689382
68942,PKG OF 4 CLIPS,095691689429
68943,"BRUSH, NYLON K9-204 2""",095691689436
68947,"SPRINGS, CLAMP K39",095691689474
68948,"BRUSH, NYLON K9-204 3""",095691689481
68953,"BRUSH, NYLON K9-204 4""",095691689535
68957,NOSEPIECE,095691689573
68958,"BRUSH, NYLON K9-306 3""",095691689580
68962,SF2500 PIPE FRZ 240V EXPORT,095691689627
68963,"BRUSH, NYLON K9-306 4""",095691689634
68967,SF2500 PIPE FRZ 120V DOMEST,095691689672
68968,"BRUSH, NYLON K9-306 6""",095691689689
68973,"BRUSH, NYLON/STEEL K9-204 2""",095691689733
68977,"BLADE, REAMER 1210",095691689771
68978,"BRUSH, NYLON/STEEL K9-204 3""",095691689788
68980,"PIN, PIVOT",095691689801
68982,"ARM, REAMER 1210",095691689825
68983,"BRUSH, NYLON/STEEL K9-204 4""",095691689832
68988,"BRUSH, NYLON/STEEL K9-306 3""",095691689887
68993,"BRUSH, NYLON/STEEL K9-306 4""",095691689931
68997,PKG OF 5 SCREWS 8-32 X 7/16 FH,095691689979
68998,"BRUSH, NYLON/STEEL K9-306 6""",095691689986
69002,PKG OF 5 ROLL PINS 3/32 X 3/4,095691690029
69007,"FEEDSCREW, W/HANDLE 1210",095691690074
69010,"NUT, LOCK 1/4-20",095691690104
69012,"HOUSING, WHEEL 1210",095691690128
69017,"FRAME, CUTTER 1210",095691690173
69038,"KIT, CS65XR + 2BATT/CHGR",095691690388
69053,"BLADE, 8""X.625""X64T CARBIDE",095691690531
69070,SET OF CHUCK JAWS R/L,095691690708
69087,"FOOTSWITCH, ASM",095691690876
69092,"BASE, FOOTSWITCH 1210",095691690920
69097,"COVER, FOOTSWITCH 1210",095691690975
69102,"POPPET, FOOTSWITCH 1210",095691691026
69107,"RELEIF, STRAIN W/LOCKNUT",095691691071
69112,"CORD, FOOTSWITCH",095691691125
69117,"PIN, PIVOT",095691691170
69122,"COVER, FOOTSWITCH BOTTOM",095691691224
69127,"SPRING, FOOTSWITCH",095691691279
69132,PKG OF 6 SCREWS SELF-FORMING,095691691323
69137,"GASKET, FOOTSWITCH",095691691378
69147,"HANDWHEEL, W/SHAFT CARRIAGE",095691691477
69152,"VALVE, POPPET 1210",095691691521
69157,"BARB, HOSE 3/8 X 1/8 NPT",095691691576
69162,PKG OF 5 O-RINGS,095691691620
69167,PKG OF 5 O-RINGS,095691691675
69170,700 PD 230V AUST.,095691691705
69172,"SPRING, COMPRESSION",095691691729
69177,"PIN, NEEDLE",095691691774
69182,PKG OF 5 O-RINGS,095691691828
69187,"PLUG, PIPE 3/8 NPT",095691691873
69192,PKG OF 5 SCREWS 1/4-20 X 1/2,095691691927
69197,"SCROLL, CHUCK 1210",095691691972
69202,"HAMMERWHEEL, 1210",095691692023
69205,K50-100V 50/60HZ ONLY,095691692054
69212,"GEAR, ASM 2ND INTERMEDIATE",095691692122
69227,"HOUSING, SPINDLE FRONT 1210",095691692276
69237,SET OF CHUCK JAWS 1210,095691692375
69242,"BASE, 1210",095691692429
69247,"RAIL, REAR 1210",095691692474
69250,"WRENCH, ALLEN 3/16",095691692504
69257,"TRAY, CHIP 1210",095691692573
69260,"COLLAR, K60",095691692603
69262,"CAP, CHUCK 1210",095691692627
69265,"MOTOR, 1/6 HP K50",095691692658
69267,"PLATE, CHIP 1210",095691692672
69272,"GEAR, DRIVE W/TUBE 1210",095691692726
69277,"BEARING, BALL 35MM",095691692771
69287,"COVER, BOTTOM REAR 1210",095691692870
69292,"POST, DIEHEAD 610",095691692924
69297,"RING, SPACER 1210",095691692979
69302,"DIEHEAD, 610 W/POST",095691693020
69312,"SCROLL, CENTERING 1210",095691693129
69317,"RING, RETAINING",095691693174
69322,"RAIL, FRONT 1210",095691693228
69327,"LINECORD, 115V 1210",095691693273
69332,"GASKET, GEARCASE 1210",095691693327
69342,"HANDLE, REAR 1210",095691693426
69347,"PLATE, WARNING",095691693471
69352,"RING, RETAINING 610",095691693525
69357,"COVER, REAR",095691693570
69362,"COVER, GEARCASE",095691693624
69367,"PLUG, PLASTIC",095691693679
69372,"GASKET, REAR COVER",095691693723
69377,"HOOK, FOOTSWITCH",095691693778
69382,"SWITCH, TOGGLE 1210",095691693822
69387,"NAMEPLATE, 1210",095691693877
69392,PKG OF 5 O-RINGS,095691693921
69397,PKG OF 5 SET SCREWS 1/4-20,095691693976
69402,PKG OF 2 SCREWS 10-32 X 4,095691694027
69412,SET OF JAW INSERTS,095691694126
69442,"PLATE, CAM 1210",095691694423
69443,"MOTOR, 120/230V",095691694430
69447,SET OF CENTERING JAWS,095691694478
69448,"HANGER, CS6X VERSA HANGER",095691694485
69452,"CAP, RESERVOIR 1210",095691694522
69457,"PLATE, SWITCH",095691694577
69462,"WIRE, LEAD BRUSH BLACK 16""",095691694621
69467,"RETAINER, CORD",095691694676
69472,"FIELD, ASM 115V",095691694720
69493,"PIN, CYLINDER",095691694935
69498,"LEVER, PRESSURE RELEASE",095691694980
69503,"HOLDER, BEARING",095691695031
69508,"PUMP, PISTON",095691695086
69513,"SCREW, CYLINDER",095691695130
69518,"BEARING, GROOVED BAL",095691695185
69523,"SHAFT, ECCENTRIC",095691695239
69528,BALL BEARING,095691695284
69533,"RING, SNAP",095691695338
69538,"SHAFT, DRIVE",095691695383
69542,PKG OF 4 SCREWS,095691695420
69543,"RING, SEAL HOLDING",095691695437
69548,"SEAL, OAC",095691695482
69553,"O-RING, 0380-15",095691695536
69558,"GEARBOX, MOTOR W/",095691695581
69563,"PIN, CYLINDER",095691695635
69568,"SEAL, PUMP HOUSING",095691695680
69573,PUMP HOUSIGN COVER,095691695734
69578,BLADDER,095691695789
69583,"CLAMP, STEPLESS 44X5",095691695833
69588,"PISTON, LINING",095691695888
69593,"RING, GUIDE",095691695932
69598,"SPRING, FLAT PRESSURE",095691695987
69603,"O-RING, 0305-15",095691696038
69622,"ANVIL, 2 HORN #5",095691696229
69623,"SCREW, WORM",095691696236
69628,"RETAINER, ROLL",095691696281
69633,"SPRING, COMPRESSION",095691696335
69638,"PIN, JAW MOUNTING",095691696380
69643,"PIN, COVER",095691696434
69647,"SHAFT, DRIVE 1-1/4 - 1-1/2 916",095691696472
69648,"SET, RP350 HOUSING",095691696489
69652,"ROLL, GROOVE 1-1/4""-1-1/2""",095691696526
69653,"CIRCUIT BOARD, POWER AND",095691696533
69657,"SHAFT, DRIVE 1-1/4 - 1-1/2",095691696571
69658,"NAMEPLATE, RP350",095691696588
69662,"ROLL, GROOVE 1-1/4""-1-1/2""",095691696625
69663,"DECAL, ""WARNING""",095691696632
69667,SET OF ROLLS 1-1/4 TO 1-1/2,095691696670
69668,"BATTERY, CR2032",095691696687
69672,"SHAFT, DRIVE 2-6"" 916",095691696724
69673,"SPRING, COMPRESSION",095691696731
69677,"ROLL, GROOVE 2-6""",095691696779
69678,"DECAL, ""CERTIFICATE""",095691696786
69682,"SHAFT, ASM DRIVE 2 TO 6",095691696823
69683,"NOZZLE, M10X1 FILLING",095691696830
69687,"ROLL, GROOVE ASM 2-6""",095691696878
69688,"BUSHING, CYLINDER HEAD",095691696885
69692,SET OF ROLLS 2 TO 6,095691696922
69693,"DECAL, INTERFACE",095691696939
69698,"COVER, FRONT LIGHT",095691696984
69703,"CONDUCTOR, FRONT LIGHT",095691697035
69707,"STRAPS, VELCRO SF2500",095691697073
69708,"VALVE, RETURN",095691697080
69712,"BUSHING, SET ADAPTOR 1""-3/4",095691697127
69713,"ASSEMBLY, CYLINDER HEAD SUB",095691697134
69717,"BUSHING, SET ADAPTER 2.5-2""",095691697172
69718,"EXPANDER, CYLINDER W/""",095691697189
69723,"RING, LED",095691697233
69728,"ROD, PRE-ASSEMBLED PISTON",095691697288
69733,"TRIGGER, ASSEMBLY",095691697332
69738,MICROSWITCH,095691697387
69743,"CABLE, MICROSWITCH W/",095691697431
69748,"SENSOR, CABLE AND PLUG VALVE",095691697486
69753,"CAP, RED PRESSURE RELIEF",095691697530
69758,"KICKSTAND, SM REEL CLMSHLL KI",095691697585
69902,"VISE, F60S STATIONARY",095691699022
69907,"BASE, SWIVEL F45",095691699077
69912,"BASE, SWIVEL F50/F60",095691699121
69963,"KIT, WHEEL & AXLE STD REEL",095691699633
69968,"KIT, WHEEL & AXLE RM200",095691699688
69972,"COUPLING,REM TRNS 7/8SEC 1/2DR",095691699725
69973,"AXLE, WHEEL STD REEL",095691699732
69977,"COUPLING,REM TRNS 5/8SEC 3/8DR",095691699770
69978,"WHEEL, STD & RM 200",095691699787
69982,"CUTTER, 226 SOIL PIPE",095691699824
69983,"AXLE, RM200",095691699831
69987,"SPRING, ASM REG. SYSTEM",095691699879
69988,"BLADE, 8""X.625"" DIAMOND",095691699886
69993,"ASM, K9306 CLUTCH UPDATE",095691699930
70023,"REEL, MICRODRAIN APX GLOBAL",095691700230
70032,"GLOVE, RIDGID DRN CLN PVC",095691700322
70037,"SPRING, ASM MINI-SS",095691700377
70038,"REEL, NANOREEL GLOBAL",095691700384
70042,PKG OF 3 RUBBER FEET,095691700421
70068,"BUSHING, SLEEVE K400 T3",095691700681
70083,"BRUSH, PKG OF 2",095691700834
70093,"HOLDER, PKG OF 2 BRUSH",095691700933
70098,"ARMATURE, PIPE SAW",095691700988
70103,"FIELD, PIPE SAW",095691701039
70118,"SYSTEM, VIA+STD/MINI VIA ADTR",095691701183
70128,"SYSTEM,VIA+S/M VIA ADTR+2LIO/",095691701282
70138,"KIT, RP 350-B+1/2-1"" MP+LIO",095691701381
70157R,O-RING,095691701572
70162R,O-RING,095691701626
70178,"RELEASE, VALVE W/MAGNET",095691701787
70183,PUMP HOUSING BOTTOM W/FLYBACK,095691701831
70202,"SCREW, 10-32 X 1/4 SET",095691702029
70238,"SET, 24KN PRO TOOL HOUSING",095691702388
70248,"COVER, LCD",095691702487
70313,"LABEL, ""RIDGID""",095691703132
70318,"ARM, SMALL CLAMP",095691703187
70322,"HOUSING, R RECEIVER",095691703224
70323,"PLATE, STEEL ARM",095691703231
70328,"GUARD, START BRACKET",095691703286
70333,"ASSEMBLY, SMALL CLAMP FRAME",095691703330
70338,"LABEL,  CLAMP SET-UP",095691703385
70343,"ARM, LARGE CLAMP",095691703439
70358,"ASSEMBLY, LARGE CLAMP XFRAME",095691703583
70418,"CUTTER, PTC-400",095691704184
70427,"ADAPTOR, INLET 1/2 X 1/2""",095691704276
70432,"ADAPTOR, OUTLET 3/8 X 3/8",095691704320
70437,"RATCHET, 1/2 15"" LONG 226",095691704375
70447,"MOTOR, 120V 1/2 4221",095691704474
70576,SEAL 30X42X7 HC-2W,095691705761
70592,"REEL, KD200 COLOR SS PAL",095691705921
70597,"REEL, KD325 COLOR SS PAL",095691705976
70640,"DIES, 141 NPT HS SS",095691706409
70645,"DIES, 141 BSPT HS SS",095691706454
70646,DIODE HOLDER RB212/3,095691706461
70652,"BUSHING, SET 1.5""-1.25""",095691706522
70655,"DIES, 161 NPT HS SS",095691706553
70677,"TOOL, FLARE 456R RATCHET J",095691706775
70690,"DIES, 12R 1/2 NPT HS PVC",095691706904
70695,"DIES, 12R 3/4 NPT HS PVC",095691706959
70700,"DIES, 12R 1"" NPT HS PVC",095691707000
70705,"DIES, 12R 1-1/4 NPT HS PVC",095691707055
70710,"DIES, 12R 1-1/2 NPT HS PVC",095691707109
70715,"DIES, 12R 2"" NPT HS PVC",095691707154
70718,"ACCESSORIES,SLIPRNG CA350ADPTR",095691707185
70720,"DIES, 12R 3/8 API HS",095691707208
70723,"ACCESSORIES,SLPRNG W CONNECTOR",095691707239
70725,"DIES, 12R 1/2 API HS",095691707253
70728,"SYSTEM,NEW MREEL L100C/CA350",095691707284
70730,"DIES, 12R 3/4 API HS",095691707307
70738,"SYSTEM, NEW MDRAIN D65S/CA350",095691707383
70745,"DIES, UNIV 1/2-3/4 NPT HS PL",095691707451
70750,"DIES, UNIV 1-2 NPT HS PL",095691707505
70755,"DIES, UNIV 1/2-3/4 BSPT HS PL",095691707550
70758,"ASSY, D2B DRUM WITH SL CAMERA",095691707581
70762,PKG OF 4 SCREWS 1/4-20 X 4 SHC,095691707628
70763,"ASSY, D2B DRUM WITH SL CAMERA",095691707635
70776,ARMATURE ASSY - RB212,095691707765
70788,"BATTERY, RIDGID RB-FXP40 4.0AH",095691707888
70793,"BATTERY, RIDGID RB-FXP80 8.0AH",095691707932
70797,"SHAFT, DRIVE 120/230V HC450",095691707970
70798,"CHARGER, RIDGID RBC-FXP-NA",095691707987
70802,"SHAFT, DRIVE 100V HC450",095691708021
70803,"REEL, MICROREEL CA GLOBAL",095691708038
70808,"REEL, MICROREEL APX",095691708083
70812,"LEG, ASM OUTER 250 N\A",095691708120
70816,"BUSHING 12X15X12,5",095691708168
70817,"BRACKET, ASM FRONT",095691708175
70818,"KIT, RP 351-B+1/2-1"" MP+LIO",095691708182
70828,"MOTOR, PCS 500 PIPE SAW",095691708281
70830,"OIL, 1 GAL DARK THREADING",095691708304
70835,"OIL, 1 GAL NU-CLEAR THREADING",095691708359
70843,"SPRING, LATCH",095691708434
70848,"COVER, LATCH",095691708489
70853,"SHIELD, WIRE COVER",095691708533
70858,"SHIELD, BLADE COVER",095691708588
70863,"ASSEMBLY, HINGED SHIELD",095691708632
70868,"ASSEMBLY, LED SHIELD",095691708687
70873,"ASSEMBLY, RADIAL GUIDE",095691708731
70878,"BUSHING, 1.25 ID",095691708786
70883,"PIN, CORD",095691708830
70893,"SHROUD, PCS 500 MOTOR",095691708939
70897,"INJECTOR, KJ1350/KJ1750",095691708977
70898,"PADDLE, SWITCH",095691708984
70902,"INJECTOR, CHEMICAL KJ2200",095691709028
70903,"SET, PCS 500 HANDLE",095691709035
70908,"ASSEMBLY, PCB",095691709080
70913,"ASSEMBLY, LED",095691709134
70918,"ASSEMBLY, HARNESS",095691709189
70923,"ASSEMBLY, THERMISTOR",095691709233
70928,"SWITCH, MINI W/SCREWS",095691709288
70933,"ASSEMBLY, PLUNGER LIMIT SWITCH",095691709332
70938,"LABEL, PIPESAW WARNING",095691709387
70943,"LABEL, RIDGID AND BLADE",095691709431
70948,"LABEL, PIPESAW",095691709486
70953,"PIN, HINGE W/RETAINERS",095691709530
70957,"CAP, SONDE REMOTE TRANSMITTER",095691709578
70958,"PIN, PKG OF 2",095691709585
70968,"WASHER, PKG OF 6 SCREW W/ LOCK",095691709684
70972,"DIES, GOLD 1/2-3/4 BSPT J OILS",095691709721
70973,"SCREW, PKG OF 3",095691709738
70978,"WASHER, PKG OF 2 LOCK",095691709783
70982,"CORD, ASM COIL W/FM LK SL MINI",095691709820
70983,"SCREW, PKG OF 2",095691709837
70987,"CORD, ASM SHORT COIL W/LCKG SL",095691709875
70988,"SCREW, PKG OF 2",095691709882
70992,PKG OF 2 SAFETY CABLE MINI,095691709929
70993,"SCREW, M8 X 16 SHC",095691709936
70997,"NUT, PUSH MINI",095691709974
70998,"SCREW, #8-32 X 3 PAN HEAD",095691709981
71002,"RING, RETAINING",095691710024
71003,"RETAINER, PKG OF 2",095691710031
71007,"SLEEVE, LOCKING REAR WASHER",095691710079
71008,"RETAINER, M7 PUSH ON",095691710086
71012,PKG OF 5 RETAINING RINGS,095691710123
71013,"LABEL, CHIP EXIT WARNING",095691710130
71017,"WASHER, REAR LOCKING SLEEVE",095691710178
71018,"LABEL, HOT SURFACE WARNING",095691710185
71022,"SLEEVE, CONN LOCKING",095691710222
71027,"INSERT, CONN SPLIT",095691710277
71032,PKG OF 5 TEFLON BACKUP,095691710321
71033,"LABEL,MADE IN USA W/GLOBAL MTL",095691710338
71037,PKG OF 5 O-RINGS,095691710376
71038,"SHIM, BLADE GUARD",095691710383
71043,"SCREW, PKG OF 2",095691710437
71046,"SEAL, 15X21X3",095691710468
71047,"SHELL, REAR SPRING",095691710475
71048,"SCREW, 8-32 SELF TAP",095691710482
71052,"SLEEVE, WIRE MINI",095691710529
71057,"CAP, SPRING",095691710574
71062,"RETAINER, CABLE MINI",095691710628
71063,"ASSEMBLY,RELAY BOARD W/HARNESS",095691710635
71067,"NUT, COMPRESSION MINI",095691710673
71068,"ASSEMBLY, FERRITE",095691710680
71072,"SLEEVE, LOCKING INLINE MALE",095691710727
71077,"SLEEVE, LOCKING FEMALE",095691710772
71078,"ASSEMBLY, WHEEL AND BEARING",095691710789
71082,"AXLE, REEL MINI",095691710826
71083,"SPACER, ROLLING",095691710833
71087,PKG OF 2 RETAINING RINGS,095691710871
71088,"PIN, TAPERED PIVOT",095691710888
71092,PKG OF 4 NYLON WASHERS,095691710925
71093,"SPACER, PKG OF 4",095691710932
71097,PKG OF 2 RETAINING RINGS,095691710970
71098,"GUARD, RADIAL",095691710987
71102,PKG OF 2 RETAINING RINGS,095691711021
71103,"POST, ARM",095691711038
71107,"BOLT, RA WELDED BULKHEAD",095691711076
71108,"POST, CARRIAGE",095691711083
71112,"BULKHEAD, ASM",095691711120
71117,"CLIP, WIRE MINI",095691711175
71123,"PIN, SPRING LOADED PLUNGER",095691711236
71127,PKG OF 6 O-RINGS,095691711274
71128,GRIP,095691711281
71132,PKG OF 4 O-RINGS,095691711328
71133,"PLUG, PKG OF 4",095691711335
71138,"WASHER, 1.09 OD",095691711380
71142,GASKET,095691711427
71143,"SCREW, PKG OF 2",095691711434
71147,"O-RING, CONE",095691711472
71148,"SCREW, PKG OF 2",095691711489
71152,PKG OF 4 SCREWS,095691711526
71153,"RING, PKG OF 5 RETAINING",095691711533
71158,"CLIP, PKG OF 2 RETAINING",095691711588
71162,PKG OF 5 SET SCREWS,095691711625
71163,"SCREW, PKG OF 2",095691711632
71167,"HUB, ASM",095691711670
71168,"SCREW, PKG OF 2",095691711687
71172,"SLEEVE, LOCKING",095691711724
71173,"SCREW, PKG OF 2",095691711731
71177,"REEL, ASM MINI",095691711779
71178,"WASHER, 3/4"" FLAT",095691711786
71182,PKG OF 4 NUTS,095691711823
71183,"NUT, 3/4-16 NYLON LOCK",095691711830
71187,PKG OF 4 WASHERS,095691711878
71188,"BRACKET, UPPER CARRIAGE",095691711885
71192,PKG OF 4 WASHERS,095691711922
71193,"NUT, PIVOT",095691711939
71198,"RINGS, PIVOT PIN WITH",095691711984
71203,"LEVER, PIVOT",095691712035
71207,"DECAL, TENSION KNOB",095691712073
71208,"SPRING, PIVOT NUT",095691712080
71212,"KIT, RE-TERM MINI",095691712127
71217,"BOND, PUSH MINI",095691712172
71218,"SHAFT, FORCE",095691712189
71222,PKG OF 4 O-RINGS,095691712226
71227,PKG OF 5 O-RINGS,095691712271
71228,"WASHER,PKG OF 2 THRUST BEARING",095691712288
71232,PKG OF 5 O-RINGS,095691712325
71233,"BEARING, THRUST NEEDLE",095691712332
71237,PKG OF 3 RETAINING RINGS,095691712370
71238,"SCREW, BUTTRESS",095691712387
71242,PKG OF 5 O-RINGS,095691712424
71243,SPACER,095691712431
71247,PKG OF 2 SAFETY CABLE REG.SYS,095691712479
71248,"COLLAR, ADAPTER",095691712486
71258,"RING, PKG OF 2 RETAINING",095691712585
71262,"CLAMP, DRY 1/2",095691712622
71267,"CLAMP, 7/8 DRY",095691712677
71272,"RING, BACK-UP",095691712721
71277,PKG OF 5 O-RINGS,095691712776
71282,"NUT, PUSH",095691712820
71287,"NUT, COMPRESSION",095691712875
71288,"ASSEMBLY, CORD WRAP",095691712882
71297,"WHIP, CAMERA",095691712974
71302,"SHELL, REAR SPRING",095691713025
71307,"CASE, SF2000",095691713070
71308,"PIN, W/CLIP",095691713087
71312,"BASE, SF2000",095691713124
71328,"GUARD, REAR BLADE",095691713285
71332,"CONDENSER, COIL SF2000",095691713322
71333,"GUARD, FRONT BLADE",095691713339
71337,"FITTING, SF2000",095691713377
71338,"SHIM, BLADE GUARD",095691713384
71342,"VALVE, 3/16 ACCESS",095691713421
71343,"SPRING, TORSION",095691713438
71347,"VALVE, 1/4 ACCESS",095691713476
71362,"WRAPAROUND, SF2000",095691713629
71367,"FAN, 115V SF2000",095691713674
71372,"GUARD, FAN SF2000",095691713728
71373,"SCREW,SET",095691713735
71377,"RELIEF, HOSE STRAIN SF2000",095691713773
71378,"SUPPORT, LIGHT CONDUCTO",095691713780
71382,"SWITCH, SF2000",095691713827
71383,"CONDUCTOR, LIGHT",095691713834
71387,"LINECORD, 115V",095691713872
71388,"ASSEMBLY, CYLINDER BUSHING",095691713889
71392,"EVAPORATOR, SF2000",095691713926
71397,"HOSE, SUCTION W/PORT",095691713971
71402,"HOSE, SUCTION",095691714022
71407,PKG OF 8 SCREWS,095691714077
71412,PKG OF 8 WASHERS,095691714121
71417,"SWITCH, OVERLOAD 115V",095691714176
71452,PKG OF 4 GROMMETS,095691714527
71457,PKG OF 4 BOLTS,095691714572
71462,PKG OF 4 SLEEVES,095691714626
71467,"SLEEVE, LOCKING",095691714671
71472,R-RING,095691714725
71477,"RING, SAFE",095691714770
71482,PKG OF 5 O-RINGS,095691714824
71487,PKG OF 5 O-RINGS,095691714879
71498,"ACCESSORIES,SLIPRING CNCTR KIT",095691714985
71502,"SLEEVE, WIRE",095691715029
71507,"BOND, PUSH",095691715074
71512,PKG OF 5 O-RINGS,095691715128
71517,PKG OF 5 O-RINGS,095691715173
71528,"KIT, ELECTRICAL END",095691715289
71533,"BUSHING, MOTOR",095691715333
71537,"RING, SLIP ASM REGULAR SYSTEM",095691715371
71538,"RING, RETAINING",095691715388
71542,"GASKET, REGULAR SYSTEM",095691715425
71543,"SCREW, LOCKBOLT W/",095691715432
71547,"O-RING, REGULAR SYSTEM",095691715470
71548,"GROMMET, CORD",095691715487
71552,"BUSHING, AXLE",095691715524
71553,"RING, PKG OF 2 RETAINING",095691715531
71557,"GASKET, AXLE BUSHING",095691715579
71558,"WASHER, MOTOR",095691715586
71562,"SLEEVE, LOCK TRANSMITTER",095691715623
71563,"DECAL, ""RIDGID""",095691715630
71567,"AXLE, REEL",095691715678
71572,PKG OF 4 SCREWS,095691715722
71577,PKG OF 5 O-RINGS,095691715777
71582,PKG OF 5 O-RINGS,095691715821
71583,"SET, RP351 HOUSING",095691715838
71587,PKG OF 5 WASHERS,095691715876
71588,"BOARD, RP351 CIRCUIT",095691715883
71592,"SHELL, INLINE",095691715920
71593,"SPRING, COMPRESSION",095691715937
71597,"SHELL, INTERNAL BACK",095691715975
71598,"SCREW, PKG OF 2 PAN HEAD",095691715982
71603,"CYLINDER, PRE ASSEMBLED",095691716033
71607,CLAMP,095691716071
71612,"INSERT, ASM MALE",095691716125
71613,"BOTTOM, PRE ASM. PUMP HOUSING",095691716132
71617,"INSERT, FEMALE",095691716170
71622,"SHELL, MALE INLINE",095691716224
71623,"MICROSWITCH, CABLE/PLUG WITH",095691716231
71627,PKG OF 5 O-RINGS,095691716279
71628,"SENSOR, CABLE/PLUG W/ VALVE",095691716286
71633,"GEARBOX, MOTOR W/",095691716330
71637,GFCI PLUG/MONITOR,095691716378
71638,O-RING,095691716385
71643,"LEVER, TURNING POINT",095691716439
71647,"FRAME, SEESNAKE MINI",095691716477
71648,"SEAL, PUMP HOUSING",095691716484
71652,"CLAMSHELL, INNER",095691716521
71653,"COVER, PUMP HOUSING",095691716538
71657,"NUT, PUSH ROD END",095691716576
71658,BLADDER,095691716583
71662,"SHELL, MAIN",095691716620
71663,"CLMAP, STEPLESS",095691716637
71667,CLAMP,095691716675
71668,"VALVE, RETURN",095691716682
71672,PKG OF 5 O-RINGS,095691716729
71677,PKG OF 5 O-RINGS,095691716774
71687,"SAW, 614 14"" DRY CUT",095691716873
71692,"BLADE, CARBIDE-TIPPED 14"" 80T",095691716927
71697,"BLADE, CARBIDE-TIPPED 12"" 70T",095691716972
71702,K40 120V W/C13-IC CABLE,095691717023
71722,K-40 AF 120V W/PWR FD GH,095691717221
71732,K-40 AF 220-240V EXPORT W/PWR,095691717320
71742,K-40 AF5 220-240V EURO W/PF GH,095691717429
71757,"HOSE, GUIDE A40G",095691717573
71762,"HOSE, GUIDE A40G PF W/PWR FD",095691717627
71772,"FEEDSCREW, W/KNOB 226",095691717726
71777,"WASHER, STEEL THRUST 226",095691717771
71782,"WASHER, BRONZE THRUST 226",095691717825
71787,"ARM, RIGHT 226",095691717870
71792,"NUT, PIVOT 226",095691717924
71797,"ARM, LEFT 226",095691717979
71807,"PIN, PIVOT 226",095691718075
71812,"ARM, CENTER 226",095691718129
71817,"HANDLE, 226",095691718174
71822,"PLUG, PLASTIC 1-1/4 SQ 226",095691718228
71827,"NUT, LOCK 5/8-18 NYLON",095691718273
71832,"GRIP, HANDLE 226",095691718327
71837,NOSEPIECE,095691718372
71838,"HEAD, PENETRATING BALL K9-102",095691718389
71842,"FRONT, DRUM",095691718426
71843,"HEAD, PENETRATING DROP K9-102",095691718433
71847,"ARM, ASM CABLE TORQUE",095691718471
71848,"HEAD, PENETRATING BALL K9-204",095691718488
71853,"HEAD, PENETRATING DROP K9-204",095691718532
71858,"HEAD, PENETRATING TIP K9-306",095691718587
71882,PKG OF 2 SET SCREWS,095691718822
71887,"FRAME, TUBULAR ASM",095691718877
71892,"SLEEVE, BLADE CLAMP",095691718921
71897,"SHAFT, RECIP",095691718976
71907,PKG OF 2 CLAMP PINS,095691719072
71942,"SHAFT, DRUM",095691719423
71947,"PULLEY, MOTOR",095691719478
71952,"PULLEY, MAIN",095691719522
71953,"CAP, PKG OF 2",095691719539
71957,"BELT, DRIVE",095691719577
71967,"BEARING, FLANGE",095691719676
71972,PKG OF 2 RUBBER FEET,095691719720
71977,"PLATE, MOTOR MOUNTING",095691719775
71983,"DIEHEAD, 12-R HS KIT 1/2-2 NPT",095691719836
71987,"REEL, ASM REGULAR SYSTEM",095691719874
71988,"DIEHEAD, 11-R HS KIT 1/2-2 NPT",095691719881
71993,"POWER DRIVE, 760FXP 12-R ONLY",095691719935
71997,"SWITCH, TOGGLE",095691719973
71998,"POWER DRIVE, 760FXP 11-R ONLY",095691719980
72007,PKG OF 5 FEMALE DISCONNECT,095691720078
72012,"BRACKET, AUTO-FEED",095691720122
72013,"PWR DRIVE,760FXP12R 2BT&CHR-NA",095691720139
72018,"PWR DRIVE,760FXP11R 2BT&CHR-NA",095691720184
72022,"MOTOR, 100V INDUCTION",095691720221
72023,"PWR DRIVE, 760FXP12-R CMPLT-NA",095691720238
72028,"PWR DRIVE,760FXP 11-R CMPLT-NA",095691720283
72032,"DECAL, WARNING PIPE HANDLE",095691720320
72092,"CHAIN, ASM",095691720924
72102,"JACKSCREW, ASM",095691721020
72107,"RELIEF, STRAIN",095691721075
72112R,"BUSHING, SNAP",095691721129
72117,"BUSHING, SNAP",095691721174
72137,SET OF 4S NKK ROLLS,095691721372
72142,"ROLLSET, 6S NKK",095691721426
72147,"PLATE, COVER JUNCTION BOX 120V",095691721471
72157,"HOUSING, MOTOR HC450",095691721570
72167,PKG OF 4 SCREWS 6-32 X 5/16,095691721679
72182,PKG OF 4 SPRING PINS,095691721822
72187,PKG OF 4 SCREWS 1/4-20 X 5/8,095691721877
72192,"GASKET, MOTOR ADAPTOR HC450",095691721921
72202,"COVER, BOTTOM HC450",095691722027
72207,"GASKET, BOTTOM COVER HC450",095691722072
72212,"SCREW, 1/4-20 X 3/4 BUTT SEALN",095691722126
72217,"RING, RETAINING",095691722171
72267,"WASHER, WAVE",095691722676
72272,"DIEHEAD, 728/928 W/POST",095691722720
72277,PKG OF 2 HEX BOLTS,095691722775
72287,"LEG, ASM OUTBOARD STAND",095691722874
72292,"LEG, ASM FRONT STAND",095691722928
72297,"LEG, ASM REAR STAND",095691722973
72327,"GUN, W/HOSE #4 PUMP",095691723277
72332,"GUN, ONLY #4 PUMP",095691723321
72362,"MOTOR,230V",095691723628
72377,SWITCH PLATE,095691723772
72382,STRAIN RELIEF,095691723826
72387,"DECAL,VENT CAP",095691723871
72392,"DECAL,VENT CAP",095691723925
72397,PLUG,095691723970
72402,"MOTOR,100V",095691724021
72432,"DECAL,WARNING 1210 F/S",095691724328
72433,"DECAL, RIGHT AND LEFT 11R 60V",095691724335
72437,"ARMATURE,230V",095691724373
72438,"DECAL, LEFT AND RIGHT 12R 760",095691724380
72443,"DECAL, RIGHT AND LEFT 11R 60V",095691724434
72452,"ASSEMBLY,FIELD HOUSING 100V",095691724526
72457,"CLAMP,HOSE",095691724571
72467,"HOSE, 4'",095691724670
72472,"BUSHING, AUTO-FEED",095691724724
72477,"CONNECTOR, GUIDE HOSE",095691724779
72482,SET OF BRUSHES K7500 115V,095691724823
72492,"ARMATURE, W/BEARING",095691724922
72497,PKG OF 5 O-RINGS,095691724977
72507,"SLEEVE, LOCKING INLINE FEMALE",095691725073
72512,"SLEEVE, LOCKING INLINE MALE",095691725127
72517,"BOLT, BRAKE KNOB",095691725172
72522,PKG OF 2 LOCK WASHERS,095691725226
72527,PKG OF 2 FLAT WASHERS,095691725271
72532,PKG OF 2 WIRE CLIPS,095691725325
72537,PKG OF 5 WASHERS,095691725370
72543,"KIT, RP 115+1/2""-3/4"" PF+LIO",095691725431
72547,"BOLT, REAR MOUNTING",095691725479
72553,"KIT, RP 115+1/2""-3/4"" PP+LIO",095691725530
72557,PKG OF 3 FRAME BUMPERS,095691725578
72558,"KIT, RP 115+1/2-3/4 PP/PF+LIO",095691725585
72562,PKG OF 5 END CAPS,095691725622
72568,"JAW, 15KN 3/4"" PUREFLOW",095691725684
72578,"JAW, 15KN 1/2"" PROPRESS",095691725783
72582,"MOTOR, 230V W/GEARBOX",095691725820
72583,"JAW, 15KN 3/4"" PROPRESS",095691725837
72587,"MOTOR, 115V W/GEARBOX",095691725875
72702,"BRACKET, A40B MOUNTING PF/GH",095691727022
72817,"CONNECTOR, ASM FEMALE",095691728173
72822,"CONNECTOR, ASM MALE",095691728227
72927,VT2525 NOISE MUFFLER,095691729279
72947,"FILTER, VF4000 STD VAC PAPER",095691729477
72952,"FILTER, VF5000 HI EFFICENCY",095691729521
72963,"CLAMP, INDUCTIVE",095691729637
72987,"CABLE, PUSH 200'",095691729873
72992,"CABLE, PUSH 325' ONLY",095691729927
73002,"CABLE, PUSH 200' MINI ONLY",095691730022
73003,"DRUM MACH, K-4310 FXP, 3/4""",095691730039
73008,"DRUM MACH, K-4310 FXP, 5/8""",095691730084
73012,"WIRE, ASM LEAD",095691730121
73017,"BODY, PISTOL",095691730176
73022,"SPRING, RETURN",095691730220
73027,"O-RING, 1.109 I.D. X .139",095691730275
73032,"PISTON, 418",095691730329
73037,SPOUT,095691730374
73042,RETAINER,095691730428
73047,"WASHER, WEAR OILER",095691730473
73048,"DRUM MACH, K-4310 FXP 3/4"" BBC",095691730480
73052,TRIGGER,095691730527
73057,SPRING,095691730572
73062,FITTING,095691730626
73067,"KIT, 418 SERVICE",095691730671
73072,"HOSE, W/FITTING 418",095691730725
73073,"DRUM MACH, K-4310 FXP 5/8"" BBC",095691730732
73083,"DRUM MACH, AUTOFEED",095691730831
73093,"DRUM, K-4310 FXP, 3/4""",095691730930
73098,"DRUM, K-4310 FXP, 5/8""",095691730985
73118,"KNOCKER, K9-204 2"" SINGL PLAIN",095691731180
73123,"KNOCKER, K9-204 2"" SINGL CARB",095691731234
73132,PKG OF 2 HEX BOLTS,095691731326
73133,"KNOCKER, K9-204 2"" SINGL PEN",095691731333
73162,"CUTTER, HINGE 424 2-4 USA",095691731623
73247,"FOOT, RUBBER",095691732477
73257,"CAP, 1/4-20",095691732576
73267,"WASHER, LOCK 1/4",095691732675
73277,"WASHER, 1/4",095691732774
73287,O-RING,095691732873
73297,SCREW,095691732972
73307,O-RING,095691733078
73317,WASHER,095691733177
73327,O-RING,095691733276
73337,O-RING,095691733375
73347,O-RING,095691733474
73350,"BIT, CUTOFF",095691733504
73360,"RULE, 1620 6' FIBRGLAS EXT",095691733603
73365,"RULE, 1619 6' FIBERGLAS OS",095691733658
73367,"WASHER, LOCK",095691733672
73370,"RULE, 1619F 6' FIBRGLAS IS",095691733702
73377,"WASHER, FLAT",095691733771
73387,"CAP, END",095691733870
73397,"CLIP, WIRE",095691733979
73407,WASHER,095691734075
73417,"CAP, END",095691734174
73427,"BUMPER, FRAME",095691734273
73442,"OILER, 418 F/EUROPE",095691734426
73447,300 COMPACT 115V 52RPM,095691734471
73452,TOTE,095691734525
73462,"KIT, HARDWARE",095691734624
73467,LID,095691734679
73472,FLOAT,095691734723
73502,"LOCK, HOSE",095691735027
73507,"WHEEL, BLOWER",095691735072
73517,AXLE,095691735171
73527,"CRADLE, RIGHT",095691735270
73528,"ASM, LCD & PANEL",095691735287
73533,"DECAL, 760 WARNING",095691735331
73557,CASTER,095691735577
73562,SQUEEGEE,095691735621
73627,"CASTER,TWIN SHIELD",095691736277
73628,"LCD, CS65XR",095691736284
73637,"CAGE, FILTER",095691736376
73657,"COVER, MOTOR",095691736574
73678,"KIT, RP 241 RIDGID/RLS+LI",095691736789
73713,"DECAL, AUTH REP & UK IMPORTER",095691737137
73742,"DRUM, DUST",095691737427
73753,"SCREW, HANDLE PKG OF 4",095691737533
73768,"SHEET, BASE",095691737687
73773,"SHEET, V",095691737731
73783,"NUT, KNURLED SCREW ADJ.",095691737830
73788,SCREW,095691737885
73793,"SCREW, BALL TRANSFER",095691737939
73823,"BALL, TRANSFER",095691738233
73828,"BUTTON, ASM",095691738288
73833,O-RING,095691738332
73862,"HOSE, JET VAC",095691738622
73867,"BARB, HOSE",095691738677
73872,"CONNECTOR, HOSE 1/4",095691738721
73877,"NOZZLE, #3 JET VAC",095691738776
73882,"NOZZLE, #2 JET VAC",095691738820
73887,"SCREEN, W/SCREWS",095691738875
73892,"BODY, JET VAC",095691738929
73897,"MODULE, LASER LEVEL",095691738974
73902,"CHARGER, BC98 115V 60HZ",095691739025
73903,"RING, PKG OF 5 SPIRAL",095691739032
73997,FAN,095691739971
74005,"CAP, BRUSH F/SAWS",095691740052
74012,"OIL,1 GAL EXT PERF. THREADING",095691740120
74015,"SWITCH, F/SAWS",095691740151
74030,"BEARING, FAN END",095691740304
74047,"OIL,5 GAL EXT. PERF THREADING",095691740472
74070,WORM,095691740700
74082,"BOLT, SPACER ASM",095691740823
74087,"JAW, MALE",095691740878
74092,"JAW, CHEEK RIGHT",095691740922
74097,"JAW, CHEEK LEFT",095691740977
74160,"KNOB, SAWS",095691741608
74182,"MOTOR, 2199R, 52 RPM",095691741820
74227,"CUTTER, HINGE 424 F/DI/CI",095691742278
74242,"SPINDLE, W/GEAR",095691742421
74247,"BEARING, BALL",095691742476
74272,"FOOTSWITCH, ASM 52 RPM 300C",095691742728
74277,"KIT, COUNTER UPGRADE",095691742773
74302,PKG OF 7 SCREWS,095691743022
74312,"WIRE, LEAD BROWN",095691743121
74317,"WIRE, LEAD BRUSH BLACK",095691743176
74332,"SWITCH, VSR",095691743329
74342,"PLUG, HOUSING",095691743428
74347,"LINECORD, 120V",095691743473
74357,"FIELD, 120V",095691743572
74362,BUSHING,095691743626
74387,"ARMATURE, W/FAN 120V",095691743879
74392,K-40J AF 100V 50/60 JAPAN,095691743923
74412,"PLATE, SWITCH MTG ROCKER",095691744128
74425,"WASHER, LOCK",095691744258
74430,"SLINGER, F/SAWS",095691744302
74447,"PLUG, DRAIN",095691744470
74452,"CLIP, RETAINING",095691744524
74483,"DIEHEAD, 12-R HS 1/2-2 BSPT",095691744838
74498,"DIEHEAD,11-R HS KIT 1/2-2 BSPT",095691744982
74598,"CASE, RIDGID/RLS JAW CARRY",095691745989
74605,"WHEEL, ABRAS 13-5080 8-24",095691746054
74645,"WHEEL, ABRAS 13-5160 16-24",095691746450
74658,"PATCH, STARTER SYSTEM 2"" X 32""",095691746580
74663,"PATCH, STARTER SYSTEM 3"" X 32""",095691746634
74673,"PATCH, STARTER SYSTEM 3-4"" X3'",095691746733
74680,"PIN, RIVET S2 WRENCH",095691746801
74683,"PATCH STARTER SYSTEM 4-6"" x 3'",095691746832
74685,"CUTTER, HINGE 466C 4-6 CI",095691746856
74690,"SLIDE, 466",095691746900
74693,"PATCH, KIT 2"" X 32""",095691746931
74695,"LATCH, ASM",095691746955
74698,"PATCH, KIT 3"" x 32""",095691746986
74700,"CUTTER, HINGE 468C 6-8 CI",095691747006
74703,"PATCH, KIT  3-4"" X 3'",095691747037
74705,"SLIDE, 468",095691747051
74708,"PATCH, KIT 3-4"" X 6'",095691747082
74710,"CUTTER, HINGE 472C 8-12 CI",095691747105
74712,"COVER, SAFETY",095691747129
74713,"PATCH, KIT 4-6"" X 3'",095691747136
74715,"SLIDE, 472",095691747150
74717,PKG OF 4 WASHERS,095691747174
74718,"PATCH, KIT 4-6"" X 6'",095691747181
74720,"WHEEL, CUTTER E2155 POLYETHYLN",095691747204
74722,PKG OF 4 SCREWS,095691747228
74723,"PATCH, CONTAINMENT KIT 2""",095691747235
74727,SPRING,095691747273
74728,"PATCH, CONTAINMENT KIT 3""",095691747280
74730,"WHEEL, CUTTER E2156 POLYETHYLN",095691747303
74732,PKG OF SCREWS,095691747327
74733,"PATCH, CONTAINMENT KIT 3-4""",095691747334
74735,"WHEEL, CUTTER E2157 POLYETHYLN",095691747358
74737,LEVER,095691747372
74738,"PATCH, CONTAINMENT KIT 4-6""",095691747389
74740,PKG OF 5 RETAINING RINGS,095691747402
74743,"PATCH, PACKER, 2"" X 43""",095691747433
74747,PKG OF 2 SCREWS,095691747471
74748,"PATCH PACKER, 3"" X 43""",095691747488
74750,"BUSHING, 87",095691747501
74753,"PATCH, PACKER, 3-4"" X 4'",095691747532
74755,"BUSHING, 87",095691747556
74757,LEVER,095691747570
74758,"PATCH PACKER, 3-4"" X 7'",095691747587
74762,PKG OF 2 SPACERS,095691747624
74763,"PATCH PACKER, 4-6"" X 4'",095691747631
74765,"BUSHING, 87",095691747655
74767,PKG OF 2 SCREWS,095691747679
74768,"PATCH PACKER, 4-6"" X 7'",095691747686
74772,"PLATE, PROTECTION",095691747723
74773,"PATCH, AIR PUSH ROD, 5'",095691747730
74777,"COVER, BEARING",095691747778
74782,PKG OF 4 SCREWS,095691747822
74783,"PATCH, BALL REGULATOR",095691747839
74787,"RING, RETAINING",095691747877
74792,SPRING,095691747921
74797,"NUT, HEX 1/4-20 UNC",095691747976
74798,"PATCH, BALL & SPRING 3-4"" 4-6""",095691747983
74802,"GUARD, COMPLETE BLADE",095691748027
74803,"PATCH, BALL 3-4"" & 4-6""",095691748034
74807,SPACER,095691748072
74808,"PATCH, FLEX ADAPTER 3-4""",095691748089
74812,FLANGE,095691748126
74813,"PATCH, FLEX ADAPTER 3"" & 4-6""",095691748133
74818,"PATCH, STD TO LOCK AIR ADAPTER",095691748188
74822,FLANGE,095691748225
74823,"PATCH, PULL ROPE, 250'",095691748232
74827,PKG OF 2 SCREWS,095691748270
74828,"PATCH, AIR HOSE, 100'",095691748287
74832,PKG OF 2 WASHERS,095691748324
74837,COVER,095691748379
74838,"PATCH, 1/4"" F/F COUPLING",095691748386
74842,PKG OF 4 SCREWS,095691748423
74847,PKG OF 4 SCREWS,095691748478
74848,"PATCH, D RING, 3-4"" & 4-6""",095691748485
74852,PAN HD SCREW/#6X6.8MM,095691748522
74853,"PATCH, CARRY BAG",095691748539
74857,STOP,095691748577
74858,"PATCH, BANDS 100, 3"" 3-4"" 4-6""",095691748584
74863,"PATCH, RESIN, 2 BOTTLES, 3'",095691748638
74867,"GUARD, CORD",095691748676
74868,"PATCH, TAPE",095691748683
74873,"PATCH, QUICK LINKS, QTY-2",095691748737
74877,PKG OF 2 WASHERS,095691748775
74878,"PATCH, RESIIN, 2 BOTTLES, 32""",095691748782
74882,PKG OF 2 SCREWS,095691748829
74883,"PATCH, AIR GAUGE",095691748836
74887,PKG OF 2 SCREWS,095691748874
74888,"PATCH, BALL & SPRING 2"" 3""",095691748881
74893,"PATCH, BALL 2"" & 3""",095691748935
74897,PKG OF 2 SCREWS,095691748973
74902,SWITCH,095691749024
74907,PKG OF 2 SCREWS,095691749079
74912,CLAMP,095691749123
74917,"HANDLE, RIGHT AND LEFT HAND",095691749178
74922,PKG OF 2 HEX NUTS,095691749222
74932,PKG OF 2 LOCK WASHERS,095691749321
74937,"COVER, END",095691749376
74946,"GEL, 0.25L BOTTLE FREEZNG 2000",095691749468
74952,PKG OF 2 LOCK WASHERS,095691749529
74957,"HOUSING, MOTOR",095691749574
74965,PKG OF 2 ROLL PINS,095691749659
74967,PKG OF 2 BRUSH HOLDERS F/614,095691749673
74970,"DIEHEAD, 00R 1"" BSPT",095691749703
74972,SET OF 2 BRUSHES FOR 614,095691749727
74977,PKG OF 2 BRUSH CAPS F/614,095691749772
74978,"FLEXSHAFT, K9-12 NA",095691749789
74987,"WIRE, JUMPER",095691749871
74992,"HOOK, CHAIN",095691749925
74993,AUGER BAG,095691749932
74995,"DIEHEAD, ASM 11R 1"" BSPT",095691749956
74997,PKG OF 2 SCREWS,095691749970
75002,"FIELD, ASM",095691750020
75005,"DIEHEAD, CMPL 11R 20MM ISO",095691750051
75007,PKG OF 2 SCREWS,095691750075
75010,"DIEHEAD, CMPL 11R 25MM ISO",095691750105
75012,BAFFLE,095691750129
75015,"DIEHEAD, CMPL 11R 32MM ISO",095691750150
75017,"BEARING, BALL",095691750174
75022,ARMATURE,095691750228
75025,"BODY, 31A BSPT",095691750259
75027,"BEARING, BALL",095691750273
75032,PKG OF 4 RUBBER PINS,095691750327
75037,"SET, GEAR HOUSING",095691750372
75042,"KNOB, TILT",095691750426
75045,"LINECORD, 16/3 WIRE 15'4""",095691750457
75047,"BEARING, BALL",095691750471
75052,SPRING,095691750525
75057,"PIN, LOCK",095691750570
75062,"RING, RETAINING",095691750624
75065,"LINE, ASM OIL",095691750655
75072,GEAR,095691750723
75075,300 PD 115V 57RPM,095691750754
75077,"KEY, SQ",095691750778
75082,"SHAFT, GEAR",095691750822
75087,"BEARING, BALL",095691750877
75092,GEAR,095691750921
75097,"WRENCH, HEX 2.5MM",095691750976
75107,"HOLDER, WRENCH",095691751072
75117,PIN,095691751171
75122,"WIRE, JUMPER",095691751225
75127,SPINDLE,095691751270
75132,"WASHER, FLAT M10",095691751324
75137,PIN,095691751379
75142,"JAW, VISE",095691751423
75147,"WASHER, FLAT M10",095691751478
75152,"ROD, PUSH",095691751522
75157,PIN,095691751577
75162,"HOUSING, VISE GRIP",095691751621
75167,CHAIN,095691751676
75172,"SCREW, M8 X 40MM HEX SOC HD",095691751720
75177,"PIECE, SETTING UP",095691751775
75182,"WIRE, JUMPER",095691751829
75187,"PLATE, VISE",095691751874
75192,"WASHER, FLAT M12",095691751928
75197,"WASHER, LOCK M12",095691751973
75202,BOLT,095691752024
75207,"SCREW, M10 X 45MM HEX SOC HD",095691752079
75212,"PLATE, FIBER",095691752123
75217,"BEARING, BALL",095691752178
75227,SCALE,095691752277
75232,RIVET,095691752321
75237,WASHER,095691752376
75242,"NUT, HEX M10",095691752420
75247,"BUSHING, ADJUSTING",095691752475
75252,"WASHER, FLAT",095691752529
75257,SPRING,095691752574
75262,"SLEEVE, AXLE",095691752628
75267,HEX SOC HD SCREW + WASHER,095691752673
75272,PKG OF FLAT WASHERS,095691752727
75282,"BRACKET, BRACE",095691752826
75287,"NUT, WIRE",095691752871
75297,PKG OF SCREWS,095691752970
75312,"NUT, SETTING",095691753120
75317,"SHAFT, SWINGING",095691753175
75322,"NUT, SPECIAL",095691753229
75327,PKG OF 2 SCREWS,095691753274
75332,"WRENCH, HEX 8MM",095691753328
75337,"HOLDER, WRENCH",095691753373
75342,"WRENCH, 6MM HEX",095691753427
75343,"JAW, 15KN 1/2"" PUREFLOW",095691753434
75345,NUT,095691753458
75347,"HOLDER, WRENCH",095691753472
75350,"BOLT, 3/8 X 1 1/4 HEX HD",095691753502
75352,PKG OF 2 PADS,095691753526
75357,"SCREW, M6 X 20MM PAN HD",095691753571
75358,"PATCH, BANDS 100, 2""",095691753588
75360,"CAP, CHUCK HOSE MACH",095691753601
75362,BASE,095691753625
75365,"HANDWHEEL, AEROQUIP",095691753656
75368,"PATCH, D RING, 2"" & 3""",095691753687
75372,"PLATE, SUPPORT",095691753724
75375,SET OF CHUCK JAWS,095691753755
75377,"BOX, CHIP",095691753779
75380,SET OF INSERTS F/CHUCK JAW,095691753809
75382,"SCREW, M6 X 10MM WING",095691753823
75387,"BLOCK, TERMINAL",095691753878
75392,SLEEVING,095691753922
75397,"LINECORD, 590L",095691753977
75402,COVER,095691754028
75410,"GEAR, RING 950",095691754103
75412,PKG OF 2 SCREWS,095691754127
75417,PKG OF 2 SHOULDER SCREWS,095691754172
75422,PKG OF 2 SHOULDER SCREWS,095691754226
75427,PKG OF 2 SHOULDER SCREWS,095691754271
75432,SLEEVING,095691754325
75435,300 PD 230V EXP,095691754356
75437,SLEEVING,095691754370
75442,"TIE, LOCKING CABLE",095691754424
75447,PKG OF 4 PAN HD SCREWS,095691754479
75452,CLAMP,095691754523
75472,PKG OF 2 FLAT WASHERS,095691754721
75477,PKG OF 2 SET SCREWS,095691754776
75487,"KNOB, HANDLE PIVOT",095691754875
75492,"ARM, PIVOT",095691754929
75497,"PIN, PIVOT",095691754974
75502,"RING, LOCK",095691755025
75507,SPRING,095691755070
75512,"SCREW, LOCATING",095691755124
75517,"SCREW, 10 X 1/4 PAN HD",095691755179
75522,"PLATE, COVER",095691755223
75527,"KNOB, HANDLE PUSH",095691755278
75532,"BUTTON, LOCK",095691755322
75537,SPRING,095691755377
75542,LINECORD,095691755421
75557,"WHEEL, CUTTER E4266 HWS F/HNGD",095691755575
75562,"WHEEL, CUTTER F546 HINGE F/STL",095691755629
75567,"WHEEL, CUTTER F366 STEEL 424",095691755674
75572,"WHEEL, CUTTER E2267 DI/CI 424",095691755728
75577,"FIELD, ASM 230V",095691755773
75582,"ARMATURE, 230V",095691755827
75585,INSULATOR,095691755858
75592,"CUTTER, 101J TUBING",095691755926
75602,"KIT, 300COMPACT 52RPM & 250 ST",095691756022
75610,"SPRING, COMP .247 OD X 1.31 LG",095691756107
75622,"MOTOR, 115V ONLY",095691756220
75627,"MOTOR, 230V ONLY",095691756275
75632,"SEAL, OIL PAN LINER",095691756329
75663,"DIEHEAD, CMPL 11R 1/8 HS BSPT",095691756633
75678,"DIEHEAD, CMPL 11R 1/4 HS BSPT",095691756787
75685,700 SPEC POWER HEAD 115V,095691756855
75687,PKG OF 2 LOCK WASHERS,095691756879
75692,"PIN, LOCK",095691756923
75695,"WASHER, LOCK",095691756954
75697,SPRING,095691756978
75700,"RING, LOCK",095691757005
75707,"NUT, M5 HEX",095691757074
75712,"BRACKET, BRACE",095691757128
75727,LEVER,095691757272
75732,"WASHER, FLAT M8",095691757326
75747,"SAW, 14"" ABRASIVE 115V APAC",095691757470
75752,"SAW, 14"" ABRASIVE 230V APAC",095691757524
75762,PKG OF 2 SCREWS,095691757623
75767,SLEEVE,095691757678
75772,"WASHER, M5 EXT TOOTH",095691757722
75792,"DIEHEAD, 610A AUTO-OPENING",095691757920
75797,PKG OF 4 RETAINING PLATES,095691757975
75802,"COVER, ROCKER",095691758026
75827,"YOKE, UPPER",095691758279
75832,"YOKE, LOWER 424",095691758323
75837,SLIDE,095691758378
75842,LATCH,095691758422
75847,"HANDLE, FEEDSCREW 424",095691758477
75852,GUIDE,095691758521
75857,"SPRING, GUIDE",095691758576
75862,"PIN, WHEEL",095691758620
75867,"PIN, LATCH",095691758675
75872,"PLUG, WEAR",095691758729
75887,"LATCH, ASM",095691758873
75902,"LINECORD, 115V 20A",095691759023
75907,"FIELD, ASM 110/115V 300 COMPAC",095691759078
75917,"WIRE, LEAD BRUSH RED",095691759177
75937,"CLAMP, CABLE",095691759375
75952,"RELIEF, STRAIN W/NUT",095691759528
75957,"LEAD, BRUSH WHITE",095691759573
75972,CORD,095691759726
75977,"RELIEF, STRAIN 12GA",095691759771
75982,TAPPING TOOL ONLY,095691759825
75992,SET RT3422 3/4-2 NPT,095691759924
76017,"TOOLBOX, RT3422",095691760173
76022,"RATCHET, RT3422",095691760227
76027,"PILOT, 1/4 COUPON RETAINING",095691760272
76032,"PILOT, 3/8 COUPON RETAINING",095691760326
76037,"ADAPTOR, SMALL HOLE SAW",095691760371
76042,"ADAPTOR, LARGE HOLE SAW",095691760425
76047,"EXTENSION, SHAFT SMALL",095691760470
76052,"EXTENSION, SHAFT LARGE",095691760524
76057,"ADAPTOR, 3/4 CTS FEMALE",095691760579
76067,"ADAPTOR, 1"" CTS FEMALE",095691760678
76072,"ADAPTOR, 1-1/4 CTS FEMALE",095691760722
76077,"ADAPTOR, 1-1/2 CTS FEMALE",095691760777
76082,"ADAPTOR, 2"" CTS FEMALE",095691760821
76087,"ADAPTOR, 3/4 NPT FEMALE",095691760876
76090,SET OF INSERTS F/CHUCK JAW,095691760906
76092,"ADAPTOR, 1"" NPT FEMALE",095691760920
76097,"ADAPTOR, 1-1/4 NPT FEMALE",095691760975
76102,"ADAPTOR, 1-1/2 NPT FEMALE",095691761026
76107,"ADAPTOR, 2"" NPT FEMALE",095691761071
76132,"ADAPTOR, 3/4 NPT MALE",095691761323
76137,"ADAPTOR, 1"" NPT MALE",095691761378
76142,"ADAPTOR, 1-1/4 NPT MALE",095691761422
76147,"ADAPTOR, 1-1/2 NPT MALE",095691761477
76152,"ADAPTOR, 2"" NPT MALE",095691761521
76182,"ADAPTOR, 1"" BSPT FEMALE",095691761828
76183,"ASSEMBLY, CABLE K9-12 30'",
76190,"NUT, HEX 8-32",095691761903
76192,"ADAPTOR, 1-1/2 BSPT FEMALE",095691761927
76193,"FLEXSHAFT, K9-102 +",095691761934
76198,"FLEXSHAFT, K9-204 +",095691761989
76267,"CUTTER, 5/8 STEEL",095691762672
76270,"PIN, GROOVE .188 DIA X .620 LG",095691762702
76272,"CUTTER, 7/8 STEEL",095691762726
76277,"CUTTER, 1-1/8 STEEL",095691762771
76282,"CUTTER, 1-3/8 STEEL",095691762825
76287,"CUTTER, 1-3/4 STEEL",095691762870
76292,"CUTTER, 5/8 CI/DI",095691762924
76297,"CUTTER, 7/8 CI/DI",095691762979
76302,"CUTTER, 1-1/8 CI/DI",095691763020
76305,"DIES, 12R 25MM ISO",095691763051
76307,"CUTTER, 1-3/8 CI/DI",095691763075
76312,"CUTTER, 1-3/4 CI/DI",095691763129
76315,"DIES, 12R 40MM ISO",095691763150
76317,"CUTTER, 5/8 PVC",095691763174
76318,"ASSEM, CABLE 1/4""X50' DEADCORE",095691763181
76322,"CUTTER, 7/8 PVC",095691763228
76327,"CUTTER, 1-1/8 PVC",095691763273
76328,"ASSEM,CABLE 5/16""X70' DEADCORE",095691763280
76332,"CUTTER, 1-3/8 PVC",095691763327
76337,"CUTTER, 1-3/4 PVC",095691763372
76338,"WRENCH, 12 100TH ANNIVERSARY",095691763389
76342,"BASE, 300 COMPACT NA",095691763426
76347,PKG OF 6 WIRE TERMINALS,095691763471
76357,"SLEEVE, RT3422",095691763570
76362,"CAP, END RT3422",095691763624
76367,"SCREW, 1/4-20 X 3/16 SET",095691763679
76372,"SHAFT, RT3422",095691763723
76377,"FEEDSCREW, RT3422",095691763778
76382,"RING, SEAL RT3422",095691763822
76387,"CAP, SEAL RT3422",095691763877
76392,"SEAL, GRAPHITE RT3422",095691763921
76397,"SCREW, 1/4-20 X 1/2 SET",095691763976
76402,"BEARING, RT3422",095691764027
76407,"WASHER, RT3422",095691764072
76412,"RING, RETAINING RT3422",095691764126
76413,"COMPRESSOR, 6 GAL PORTABLE",095691764133
76417,"PLUG, 3/8 NPT RT3422",095691764171
76422,"O-RING, NPT ADAPTER RT3422",095691764225
76427,"GASKET, RT3422 CTS 3/4",095691764270
76430,K50-4 100V 50/60HZ COMB 4,095691764300
76432,"GASKET, RT3422 CTS 1",095691764324
76437,"GASKET, RT3422 CTS 1-1/4",095691764379
76442,"GASKET, RT3422 CTS 1-1/2",095691764423
76447,"GASKET, RT3422 CTS 2",095691764478
76455,K-50 220/230 50/60HZ AUST/PH/K,095691764553
76475,K50-4 220-240V 50/60HZ COMB 4,095691764751
76485,K50-6 220-240V 50/60HZ COMB 6,095691764850
76495,K50-8 230V 50/60HZ COMB 8,095691764959
76562,"BEARING, BALL",095691765628
76575,"HOSE, GUIDE A-60-15 REAR",095691765758
76597,"HOLDER, ASM TOP ROLLER",095691765970
76612,"WASHER, PLASTIC",095691766120
76623,"ASM, CLUTCH K9-12",
76652,"JAW,ASM 1/2"" PROPRESS STANDARD",095691766526
76657,"JAW,ASM 3/4"" PROPRESS STANDARD",095691766571
76662,"JAW,ASM 1"" PROPRESS STANDARD",095691766625
76667,"JAW,ASM 1-1/4 PROPRESS STD.",095691766670
76672,"JAW,ASM 1-1/2 PROPRESS STD.",095691766724
76677,"JAW,ASM 2"" PROPRESS STANDARD",095691766779
76730,"SCREW, DRIVE #4 X 3/16",095691767301
76735,"PIN, SPRING",095691767356
76740,PKG OF 6 RINGS,095691767400
76765,HANDGRIP,095691767653
76767,"OIL,55 GAL EXT. PERF THREADING",095691767677
76775,"SCREW, LH",095691767752
76777,"HOLE CUTTER, HC-300 120V",095691767776
76785,SWITCH,095691767851
76787,"HOLE CUTTER, HC300 230V",095691767875
76792,"HOLE CUTTER, HC300 100V",095691767929
76797,"DIES, 500B 26MM SER A HS",095691767974
76800,"HARNESS, WIRE",095691768001
76813,"RECEIVER, SR-24LE UTLTY LOCTOR",095691768131
76817,"KIT, CABLE C6 W/DRUM K39/K40",095691768179
76822,"TAPE, DIAMETER INCH",095691768223
76827,"TAPE, DIAMETER METRIC",095691768278
76830,"PIN, SPRING",095691768308
76867,"MICROPHONE, REMOTE",095691768674
76870,"SCREW, 3/8 X 2-1/4 HEX",095691768704
76883,"REEL, 200' MINI 25MM DSL HDR",095691768834
76917,"ASSEMBLY,ROD,60 IN.",095691769176
76922,"ASSEMBLY,ROD,38 IN.",095691769220
76937,"KICKSTAND, FRONT VSM",095691769374
76942,"KICKSTAND, REAR VSM",095691769428
76947,KICKSTAND MONITOR/VCR,095691769473
76952,"KICKSTAND, MONITOR",095691769527
76972,"HANDLE, ASM RT175",095691769725
76977,"VALVE, BLEED RT3422",095691769770
76992,PKG OF 4 TERMINALS,095691769923
77002,"GUARD, CORD",095691770028
77007,"SHAFT, FEED",095691770073
77012,"CHUCK, W/KEY",095691770127
77017,"KEY, CHUCK",095691770172
77022,"HOUSING, MOTOR",095691770226
77027,"KIT, MOTOR LEAD WIRE",095691770271
77042,"BASE, W/PINS HC300",095691770424
77047,"POST, ASM",095691770479
77052,"RACK, W/PINS",095691770523
77057,"SPRING, COMPRESSION",095691770578
77067,"DETENT, BALL",095691770677
77072,"RING, FRICTION",095691770721
77077,"SCREW, ASM CRANK",095691770776
77082,"HOOK, CHAIN",095691770820
77087,"SPRING, COMPRESSION",095691770875
77092,"CAP, ADJUSTING",095691770929
77097,PIN,095691770974
77102,"SET, SPIRAL GEAR",095691771025
77112,"GEAR, ASM 2ND INTERM W/PINION",095691771124
77117,"GEAR, ASM 1ST INTERMEDIATE",095691771179
77122,"BEARING, NEEDLE",095691771223
77127,"BEARING, ASM THRUST",095691771278
77132,"RING, RETAINING INTERNAL",095691771322
77142,"GEARCASE, FRONT",095691771421
77147,"GEARCASE, REAR",095691771476
77152,"HANDLE, CARRYING",095691771520
77153,"ASSEMBLY, DRUM K9306",
77157,O-RING,095691771575
77167,"SCREW, SET NYLON TIP",095691771674
77172,"GUARD, CHUCK",095691771728
77177,"GASKET, TRANSMISSION",095691771773
77192,"BEARING, BALL",095691771926
77197,"BEARING, BALL",095691771971
77202,"O-RING, 2MM X 28MM",095691772022
77207,"SEAL, GREASE HC450 T2",095691772077
77212,"ADAPTOR, MOTOR HC450 T2",095691772121
77217,"BEARING, BALL T2",095691772176
77222,"SHAFT, INTERMEDIATE HC450 T2",095691772220
77227,"SLEEVE, ARMATURE HC450 T2",095691772275
77232,"BEARING, BALL T2",095691772329
77237,"SPACER, HC450 T2",095691772374
77242,WASHER,095691772428
77247,"CHAIN, ASM",095691772473
77252,"RING, RETAINING EXTERNAL",095691772527
77257,"PIN, PIVOT",095691772572
77262,"STOP, PLUNGER",095691772626
77267,"DECAL, WARNING/INSTR KIT",095691772671
77302,"BOOT, SUN",095691773029
77307,"BULKHEAD, FEMALE THREADED",095691773074
77312,"CONNECTOR, IDC",095691773128
77710,"NUT, JAM 1/4-20 STD",095691777102
77720,PKG OF 5 WASHERS,095691777201
77905,"SCREW, 5/16 X 1/4 SET OF 5",095691779052
78000,"BIT, 30 DEG BEVELING",095691780003
78005,"NUT, HEX 1/2-13 STOP",095691780058
78118,"SYSTEM, MICROREEL APX + VIA",
78123,"KIT, MICROREEL APX CAMERA HEAD",
78367,"LABEL,WARNING",095691783677
78372,"LABEL,WARNING",095691783721
78382,"HOUSING, TRANSMISSION",095691783820
78387,"CASE, VALVE",095691783875
78397,PISTON,095691783974
78402,DISK,095691784025
78407,"RETAINER, ROLL",095691784070
78412,PKG OF 2 PRESS ROLLS,095691784124
78417,"PINION, CLUTCH",095691784179
78425,PKG OF 2 SPRING PINS,095691784254
78427,"VALVE, PRESSURE RELEASE",095691784278
78432,"SCREW, LOCK",095691784322
78437,"PIN, OPERATING",095691784377
78442,"PIN, JAW MOUNTING",095691784421
78452,PISTON,095691784520
78457,"CAP, RED",095691784575
78462,"SHAFT, SELECTOR",095691784629
78467,"SCREW, PKG OF 2 SET",095691784674
78472,"PANEL, SWITCH",095691784728
78477,"SPRING, CYLINDER",095691784773
78482,"SEAL, SHAFT TYPE OAB",095691784827
78487,"PIN, DOWEL 4MM X 10MM",095691784872
78502,"RING, INTERNAL RET.",095691785022
78505,WASHER,095691785053
78507,"SCREW, M4 X 35 HEX SOC CAP",095691785077
78512,E-CLIP SET OF 4,095691785121
78517,PKG OF 4 STEEL BALLS 5MM,095691785176
78523,"ADAPTER, CA-350 REEL ONLY",
78527,"SCREW, SET M3 X 10 PKG OF 4",095691785275
78532,"SPRING, COMPRESSION",095691785329
78547,"SPRING, COMPRESSION",095691785473
78565,SET OF HANDLES,095691785657
78590,TIRE,095691785909
78622,"CLAMP, CORD",095691786227
78632,"RINGS, RETAINING PKG OF 2",095691786326
78642,"E-RING, PKG OF 2",095691786425
78700,"WASHER, HANDLE",095691787002
78713,"DRUM MACH, RR9100 BBC",
78728,"KIT,MREEL+VIA SYS+1BAT&CHR LI",095691000286
78780,PKG OF 6 RET RINGS EXT .25DIA,095691787804
78918,"KIT, TS DSL CAMERA HEAD, 25MM",
79120,"DIES, 500B 1-1/8 NC HS SPEC",095691791207
79132,"SCREW, PKG OF 2",095691791320
79685,"SCREW, 5/16-18 X 1-1/2 SHC",095691796851
79705,"BIT, GROOVING 2-1/2""",095691797056
79720,"BIT, GROOVING 4""-6""",095691797209
79935,"SCREW, 5/16 X 1/2 THUMB",095691799357
79965,"SCREW, 10-32 X 1/2 RH",095691799654
79985,"NUT, STOP 3/8-16",095691799852
80030,"SCREW, 3/8 X 1 SOC HD",095691800305
80080,"CAM, FOLLOWER",095691800800
80205,"WASHER, THRUST",095691802057
80265,"SCREW, 1/2 X 3-1/2 HEX",095691802651
80475,"PLIERS, 10"" WATERPUMP",095691804754
80480,PKG OF 5 D980 18TX4 BLADE,095691804808
80485,PKG OF 5 D981 24TX4 BLADE,095691804853
80500,PKG OF 5 D984 14TX4 BLADE,095691805003
80505,PKG OF 5 D985 14TX6 BLADE,095691805058
80510,PKG OF 5 D986 18TX6 BLADE,095691805102
80515,PKG OF 5 D987 24TX6 BLADE,095691805157
80520,PKG OF 5 D988 18TX2.5 BLADE,095691805201
81280,"RULE, 1602 2 METER",095691812803
81490,"KIT, 1248 PLUMBER HOLE SAW",095691814906
81495,"KIT, 1249 ELEC HOLE SAW",095691814951
81500,"KIT, 1250 COMB HOLE SAW",095691815002
81505,"EXTENSION, 12"" ARBOR",095691815057
81840,"WASHER, HINGE BRACKET",095691818409
81855,PKG OF 3 E2842 10TPI BLADE,095691818553
82077,SPACER,095691820778
82082,"FLANGE, INNER",095691820822
82092,"FLANGE, OUTER",095691820921
82097,SPRING,095691820976
82107,"CAP, BRUSH",095691821072
82112,"GUARD, CORD",095691821126
82122,PIN,095691821225
82127,"JAW, VISE",095691821270
82132,SHAFT,095691821324
82147,"NUT, THREAD",095691821478
82162,COVER,095691821621
82702,PLUG,095691827029
82712,PKG OF 2 SPRING PINS,095691827128
82717,"O-RING, 4MM X 2MM",095691827173
82722,"O-RING, 9MM X 1.5MM",095691827227
82727,O-RING,095691827272
82732,"O-RING, 31.47MM X 1.78MM",095691827326
82737,"O-RING, 46MM X 2MM",095691827371
82742,"O-RING, 45MM X 2.5MM",095691827425
82747,"O-RING, 18MM X 2.5MM",095691827470
82752,WIPER,095691827524
82757,"SEAL, PISTON",095691827579
82762,"RING, WEAR PTFE",095691827623
82767,"O-RING, 22MM X 1.5MM",095691827678
82782,"SCREW, SOC HD CAP M8 X 65",095691827821
82792,SOCKET CAP HEXAGONAL SCREW,095691827920
82797,"RING, INTERNAL RETAINING",095691827975
82802,WASHER,095691828026
82807,"SPRING, COMPRESSION",095691828071
82812,STRAINER,095691828125
82817,PKG OF 2 ROLLER AXLES,095691828170
82822,"GUARD, FINGER W/RIVET",095691828224
82827,"RIVET, PLASTIC",095691828279
82832,"NOZZLE, H25 1/8 SPIN 1350",095691828323
82837,"NOZZLE, H45 1/8 SPIN 1750",095691828378
82842,"NOZZLE, H65 1/8 SPIN 2200",095691828422
82847,"NOZZLE, H85 1/8 SPIN 3000",095691828477
82852,"NOZZLE, H75 1/4 SPIN 2200",095691828521
82857,"NOZZLE, H95 1/4 SPIN 3000",095691828576
82862,"KIT, MAINTENANCE PT2H",095691828620
82867,"REPAIR KIT, PT2H",095691828675
82872,"SWITCH, MICRO",095691828729
82882,"STUD, GROOVED DRIVE",095691828828
82892,SCREW,095691828927
82897,COVER,095691828972
82902,"HOLDER, BRUSH",095691829023
82907,"BRUSH, ASM",095691829078
82912,SCREW,095691829122
82922,SWITCH,095691829221
82927,"CLAMP, STRAIN RELIEF",095691829276
82937,"LINECORD, 115V",095691829375
82942,"RELIEF, STRAIN",095691829429
82947,"BAFFLE, FAN",095691829474
82952,"BEARING, RADIAL BALL",095691829528
82957,"BEARING, RADIAL BALL",095691829573
82982,SET OF HANDLE HOUSINGS,095691829825
82992,"SCREW, M5 X .80 X 16MM SOC CAP",095691829924
83002,PKG OF 4 ISOLATION MOUNTS,095691830029
83027,"RING, RETAINING",095691830272
83032,"KIT, SERVICE 610A DIEHEAD",095691830326
83037,"TOOL, FLARE 458R RATCHET",095691830371
83047,"FAN, ARMATURE 300C",095691830470
83080,"CUTTER, HINGE 466S 4-6",095691830807
83085,"CUTTER, HINGE 466HWS 4-6",095691830852
83090,"YOKE, UPPER 466",095691830906
83095,"YOKE, LOWER 466",095691830951
83096,"JAW, 32KN V 12",095691830968
83100,"HANDLE, FEEDSCREW 466 USA",095691831002
83105,GUIDE,095691831057
83106,"JAW, 32KN V 15",095691831064
83110,"PIN, SPLIT ROLL .375 X 3.0",095691831101
83115,"SPRING, TORSION .95 OD",095691831156
83116,"JAW, 32KN V 18",095691831163
83120,"BOLT, HEX 3/8-16 X 1-3/4",095691831200
83126,"JAW, 32KN V 22",095691831262
83130,"SPRING, COMP .480 OD X 1.5 LG",095691831309
83135,"PLUG, WEAR",095691831354
83136,"JAW, 32KN V 28",095691831361
83140,"WHEEL, CUTTER E3186 F/HW",095691831408
83145,"CUTTER, HINGE 468S 6-8",095691831453
83146,"JAW, 32KN V 35",095691831460
83150,"CUTTER, HINGE 468 HWS",095691831507
83155,"YOKE, UPPER 468",095691831552
83156,"JAW, 32KN V 42",095691831569
83160,"YOKE, LOWER 468",095691831606
83165,"CUTTER, HINGE 472S 8-12",095691831651
83166,"JAW, 32KN V 54",095691831668
83170,"CUTTER, HINGE 472HWS 8-12",095691831705
83175,"YOKE, UPPER 472",095691831750
83180,"YOKE, LOWER 472",095691831804
83232,PKG OF 2 SCREWS,095691832320
83235,"WHEEL, CUTTER E2880",095691832351
83237,PKG OF 5 WAVE WASHERS,095691832375
83242,"CAP, ASM REVERSING W/SCREW",095691832429
83245,"HOUSING, 108",095691832450
83247,"HANDLE, ASM RATCHET",095691832474
83250,"GUIDE, 108",095691832504
83255,"PIVOT, ROLLER 108",095691832559
83257,"PAWL, W/SPRING F/ADAPTOR",095691832573
83260,"CAGE, ROLLER 108",095691832603
83262,"ADAPTOR, RATCHET",095691832627
83265,"ROLLER, 108",095691832658
83267,"PLUNGER, SQUARE END STYLE",095691832672
83270,"FEEDSCREW, ASM",095691832702
83272,"FEEDSCREW, RAMP STYLE",095691832726
83275,"WASHER, FLAT",095691832757
83280,"WASHER, SPRING",095691832801
83282,"BAR, ASM FLARING 456R JAPAN",095691832825
83285,"CAGE, ROLLER 108",095691832856
83287,"HEAD, ASM RATCHET",095691832870
83290,"CUTTER, 109 INTERNAL TUBE",095691832900
83295,"CUTTER, 109P INTERNAL TUBE PLA",095691832955
83300,"HOUSING, 109",095691833006
83305,"GUIDE, 109 CUTTER",095691833051
83307,"BOX, MINI TAP TOOL",095691833075
83310,"BAR, ROLLER PIVOT",095691833105
83315,"CAGE, ROLLER 109",095691833150
83317,"ADAPTOR, MINI TAP 3/4 CTS",095691833174
83320,"HANDLE, ASM 109 CUTTER",095691833204
83322,"ADAPTOR, MINI TAP 1"" CTS",095691833228
83325,PKG OF 2 ROLL PINS,095691833259
83327,"TAP, MINI 3/4"" MUELLER 110",095691833273
83330,"CAGE, ROLLER 109",095691833303
83332,"ADAPTOR, MINI 3/4 NPT F",095691833327
83335,"BUSHING, 87",095691833358
83337,"ADAPTOR, MINI 3/4 NPT M",095691833372
83342,"ADAPTOR, MINI 1"" NPT F",095691833426
83347,"ADAPTOR, MINI 1"" NPT M",095691833471
83350,"CUTTER, CABLE 1380",095691833501
83357,"FRAME, ASM TUBULAR K40B",095691833570
83362,"SHROUD, MOTOR K40B",095691833624
83372,"END, COUPLING 1/4",095691833723
83377,"END, COUPLING 1/2",095691833778
83380,"STAND, 965 PIPE",095691833808
83382,"SPIDER, COUPLING",095691833822
83385,"SLEEVE, ASM",095691833853
83392,PKG OF 2 BATTERY CLIPS,095691833921
83395,"RING, SPRING",095691833952
83397,"MOTOR, 12-14.4V DC",095691833976
83407,"BATTERY, 14.4V",095691834072
83420,"WASHER, 1/2 FLAT",095691834201
83422,"TAP, RT1000 1 MUELLER 100 COMP",095691834225
83432,"RING, RETAINING",095691834324
83435,"DIEHEAD, 00R 3/8 HS API",095691834355
83447,"DECAL, SIZE POSITION",095691834478
83450,"DIEHEAD, CMPL 12R 1/4 HS PVC",095691834508
83455,"DIEHEAD, CMPL 12R 3/8 HS PVC",095691834553
83457,"BLOCK, POSITION 1/2",095691834577
83460,"DIEHEAD, CMPL 12R 1/2 HS PVC",095691834607
83465,"DIEHEAD, CMPL 12R 3/4 HS PVC",095691834652
83467,"BLOCK, POSITION 3/4",095691834676
83470,"DIEHEAD, CMPL 12R 1"" HS PVC",095691834706
83472,"SCREW, 8-32 LOW HEAD",095691834720
83475,"DIEHEAD, CMPL 12R 1-1/4 HS PVC",095691834751
83480,"DIEHEAD, CMPL 12R 1-1/2 HS PVC",095691834805
83485,"DIEHEAD, CMPL 12R 2"" HS PVC",095691834850
83487,"KNOB, TOGGLE",095691834874
83492,"AXLE, TOGGLE",095691834928
83497,"SPRING, TRANSFER BLOCK",095691834973
83505,"PIN, GROOVE #4",095691835055
83522,"SPRING, TRIGGER",095691835222
83525,"RING, SPLIT 2 PC",095691835253
83527,"TRIGGER, HALF DOVE 1210",095691835277
83532,"EXTENSION, TRIGGER 1210",095691835321
83537,"PIN, HINGE TRIGGER",095691835376
83542,"PLATE, CAM",095691835420
83545,"NUT, HEX JAM 3/8-16",095691835451
83547,"PLATE, DIE RETENTION",095691835475
83557,K750R RENTAL 115V 5/8 X 100',095691835574
83565,"PEDAL, FOOT",095691835659
83567,"RT1000 3/4-1"" CTS SET",095691835673
83572,"ADAPTOR, RT1000 1"" MUELLER 110",095691835727
83595,SCREW,095691835956
83665,"SUPPORT, HOSE MACHINE",095691836656
83685,PKG OF 5 SCREWS,095691836854
83692,"DIEHEAD, CMPL 12R 1-1/4 BSPTPL",095691836922
83695,"PLATE, CLAMP HOSE MACH",095691836953
83712,"HOSE, ADAPTOR",095691837127
83722,"INTERLOCK, END HOSE",095691837226
83732,"HOSELOCK, ADAPTOR",095691837325
83735,"BALL, GROOVING",095691837356
83747,"LATCH, DRUM",095691837479
83752,LID,095691837523
83757,"LATCH, POWER HEAD",095691837578
83782,"HOLDER, FOAM PAD",095691837820
83792,"LID, DETACHABLE",095691837929
83797,"SWITCH, ROCKER",095691837974
83807,"COLLECTOR, MOTOR",095691838070
83812,"COVER, MOTOR",095691838124
83817,"HOSE, ADAPTOR TO DRAIN",095691838179
83852,"FLOAT, BALL",095691838520
83872,"NUT, FILTER",095691838728
83882,"SCREW, 6-32 X 5/16 SEEMS",095691838827
83890,PKG OF 4 NUTS,095691838902
83892,"HOSE, 1-1/4 X 11'",095691838926
83895,"TERMINAL, RING 16-14 #6",095691838957
83912,PULLEY,095691839121
83917,BELT,095691839176
83942,"BLADE, 3/8 X 92-1/2",095691839428
83947,SPINDLE,095691839473
83952,SLEEVE,095691839527
83957,"SCREW, BRONZE",095691839572
83962,O-RING,095691839626
83967,"BUSHING, FLANGED",095691839671
83972,"CAP, END",095691839725
83975,"WRENCH, 3/4 COMB",095691839756
83982,"WASHER, THRUST",095691839824
83987,"DECAL, FEEDSCREW",095691839879
83992,"SCREW, 8-32 X 1/4 SHC",095691839923
83997,"ADAPTOR, RT3422 3/4"" MUELL 110",095691839978
84002,"ADAPTOR, RT3422 1"" MUELL 110",095691840028
84007,"ADAPTOR, RT3422 1-1/2 MUELL110",095691840073
84012R,"ADAPTOR, RT3422 2"" MUELL 110",095691840127
84097,535A 115V NPT,095691840974
84122,K750R CAGE ASM,095691841223
84150,"WASHER, LOCK 1/2",095691841506
84257,"BAR, FLARING ASM 454J",095691842572
84325,"HOSE, GUIDE A14-10 REAR",095691843258
84350,NUT,095691843500
84412,"HANDLE, ASM RT100",095691844125
84417,"HOLSTER, LEATHER",095691844170
84425,"SCREW, 1/4-20 X 1-1/4 SHC",095691844255
84427,"CASE, CARRYING HC300/450",095691844279
84442,"RT1000 1"" BSPTM",095691844422
84452,"HOSE, W/CAP TUBE",095691844521
84460,"WASHER, THRUST",095691844606
84467,"CASE, SF2500",095691844675
84472,"FOOT, RUBBER",095691844729
84482,"VALVE, 1/4 ACCESS",095691844828
84487,"SPRING, 12"" HOSE PROTECTION",095691844873
84492,SET OF CLAMPS FILTER/DRYER ASM,095691844927
84502,PKG OF 4 LOCKING SLEEVES,095691845023
84512,SPRING,095691845122
84527,K375R CAGE,095691845276
84532,"DIEHEAD, QUICK SET 1-2""",095691845320
84537,"DIEHEAD, QUICK SET 1/8-3/4",095691845375
84690,"TOOL, TORQUE ADJUST",095691846907
84720,WASHER,095691847201
84836,"ARMATURE, ASSY RB-3W",095691848369
85046,"GEAR, INTERMEDIATE",095691850461
85076,"WASHER, BRASS",095691850768
85086,"PLATE, DRIVE",095691850867
85197,"SCREW, 10-32 X 1/2 PAN HD PHIL",095691851970
85202,"CASE, PLASTIC BLK FT456R KIT",095691852021
85337R,"SCREW, M6 x 1.0-10 PAN HD",095691853370
85377,"WASHER, 8 X 16 X 0.5",095691853776
85725,PKG OF 2 SCREWS,095691857255
85826,"MACHINE, ADAPTOR PLATE",095691858269
85830,"DIES, 12R 20MM ISO",095691858306
85850,"DIES, 500B 1"" NC HS REBAR",095691858504
85855,"DIES, 500B 1-3/8 NC HS SPEC",095691858559
85862,"PULSE ASM, KJ2200",095691858627
85870,"DIES, 500B 24MM SER B HS",095691858702
85872,"STEM, KJ1350/1750/2200",095691858726
85877,"STEM, ADJUSTING KJ3000",095691858771
85882,SET OF O-RING SEALS,095691858825
85892,"PLUG, CAP",095691858924
85897,SPRING,095691858979
85902,PLATE,095691859020
85907,CAP,095691859075
85910,"BOLT, HEX 5/16 X 1-1/4",095691859105
85912,PIN,095691859129
85915,"SCREW, 3/8 X 3/4 HEX C",095691859150
85917,"GUIDE, SPRING",095691859174
85920,PKG OF 5 RIVETS,095691859204
85922,"SEAL, WASHER 1.065 OD",095691859228
85925,"WIRE, JUMPER",095691859259
85927,"WASHER, SEAL 1.250OD",095691859273
85945,"WASHER, #8 EX SHKPRF",095691859457
86042,"BUTTON, ASM",095691860422
86052,"SWITCH, ASM POWER",095691860521
86057,"SWITCH, ASM",095691860576
86062,"BREAKER, CIRCUIT 15A EIA",095691860620
86067R,"BREAKER, CIRCUIT 6A CCIR",095691860675
86072R,PKG OF 50 SCREWS 4-40X3/16,095691860729
86082,"VARISTOR, METAL OXIDE 22V",095691860828
86087,"VARISTOR, METAL OXIDE 470V",095691860873
86092,MICROPHONE,095691860927
86122,"PUMP, ASM KJ1750",095691861221
86127,"CUTTER, 118 CQ AUTOFEED",095691861276
86147,"PIN, SPRING M6 X 32",095691861474
86675,SET OF OUTLET JUMPERS,095691866752
86680,"WIRE, LEAD WHITE",095691866806
86685,"WIRE, LEAD RED",095691866851
86700,"TUBING, PVC",095691867001
86902,"WRENCH, 6"" ADJUSTABLE",095691869029
86907,"WRENCH, 8"" ADJUSTABLE",095691869074
86912,"WRENCH, 10"" ADJUSTABLE",095691869128
86917,"WRENCH, 12"" ADJUSTABLE",095691869173
86922,"WRENCH, 15"" ADJUSTABLE",095691869227
86927,"WRENCH, 18"" ADJUSTABLE",095691869272
86932,"WRENCH, 24"" ADJUSTABLE",095691869326
86947,"SCREW, CENTER CLAMP",095691869470
86952,"BUSHING, GUIDE TUBE",095691869524
86957,"SHAFT, DRUM SUPPORT",095691869579
86972,"BUSHING, DRUM SUPPORT",095691869722
87002,"SPRING, COMPRESSION",095691870025
87007,"FRAME, K380",095691870070
87047,"COVER, SWITCHBOX",095691870476
87077,"DRUM, ASM K380",095691870773
87127,"SHAFT, DRUM K40 50HZ",095691871275
87147,"FACEPLATE, W/DECAL, AUDIO",095691871473
87152,"KNOB, W/SET SCREW",095691871527
87157,"SWITCH, DIMMER CONTROL",095691871572
87162,"SWITCH, VOLUME CONTROL",095691871626
87172,POWER SUPPLY,095691871725
87182,"PLATE, REAR JACK HALF",095691871824
87187,"PLATE, REAR OUTLET HALF EIA",095691871879
87192,"PLATE, REAR OUTLET HALF CCIR",095691871923
87202,"JACK, ASM MONITOR",095691872029
87207,"JACK, ASM 12VDC",095691872074
87212,"OUTLET, ONLY EIA",095691872128
87217,"OUTLET, ONLY CCIR",095691872173
87222,"LINECORD, GFCI CCIR 250-00022",095691872227
87227,"GROMMET, CORD",095691872272
87232,"CASE, POWER PACK TOP",095691872326
87237,PWR PACK CASE BOTTOM F/AUDIO,095691872371
87247,PKG OF 4 ADHESIVE WIRE CLIPS,095691872470
87262,"FACEPLATE, W/DECAL",095691872623
87272,POWER SUPPLY,095691872722
87277,"MOUNT, PANEL RCA JACK ASM",095691872777
87282,"CASE, POWER PACK BOTTOM",095691872821
87296,RB-214 CARR,095691872968
87372,"SCREW, M8 X 1.25 X 20 HEX",095691873729
87410,"WASHER, LOCK",095691874108
87455,"FEEDSCREW, ASM",095691874559
87460,"HANDLE, ASM",095691874603
87495,"ROLL, W/SCREW 2-6""",095691874955
87515,"NUT, LOCK W/SCREW",095691875150
87520,"SHAFT, W/KEY",095691875204
87525,"SPACER, W/BEARINGS",095691875259
87527,"PLATE, MOUNTING 120V/230V",095691875273
87535,PKG OF 2 WASHERS,095691875358
87555,"HANDWHEEL, 8""",095691875556
87565,SHAFT,095691875655
87570,"STOP, 8-12""",095691875709
87577,"CABLE, C31 IW 3/8 X 50'",095691875778
87580,"SCREW, 1/4-20 SET",095691875808
87582,"CABLE, C32 IW 3/8 X 75'",095691875822
87587,"CABLE, C33 IW 3/8 X 100'",095691875877
87592,"CABLE, C44 IW 1/2 X 50'",095691875921
87597,"CABLE, C45 IW 1/2 X 75'",095691875976
87600,"BEARING, ROLLER 2.25 X 1.75",095691876003
87605,SPACER,095691876058
87607,"SHAFT, ROLLER",095691876072
87610,"BEARING, ROLLER 2.0625 X 1.250",095691876102
87615,"O-RING, 1.98 ID X .14 THK",095691876157
87617,SPRING,095691876171
87620,"RING, RET EXT 1.50DIA",095691876201
87622,"BACKPLATE, WELDMENT",095691876225
87625,"BEARING, ROLLER .6250 X .750",095691876256
87627,"WELDMENT, MOUNTING BRACKET",095691876270
87630,"RING, RET INT 1.19 DIA",095691876300
87632,"COVER, AUTOFEED",095691876324
87635,PKG OF 2 RETAINING RINGS,095691876355
87640,"SCREW, CONE PT SET",095691876409
87642,"KIT, RETERM 740-034-604",095691876423
87650,"NUT, STOP",095691876508
87655,"SCREW, 1/4-20 X 3/4 FL HD SOC",095691876553
87662,"BASE, BUSHING",095691876621
87672,"PLATE, COVER",095691876720
87682,PKG OF 2 SUPPORT BAR,095691876829
87687,"SCREW, ADJUSTMENT",095691876874
87690,SEAL,095691876904
87695,SEAL,095691876959
87710,"BEARING, ROLLER 1.25 X 1.00",095691877109
87720,"SCREW, SHOULDER",095691877208
87730,PKG OF 5 RD HD SCREWS,095691877307
87740,"MOTOR, 115V 3177",095691877406
87750,"MOTOR, 115V 3177A 57 RPM",095691877505
87780,"MOTOR, 230V 3277",095691877802
87835,PKG OF 4 ROLLS,095691878359
87840,PKG OF 4 SPACERS,095691878403
87855,"SCREW, THUMB",095691878557
87860,SWITCHBOX,095691878601
87865,"WIRE, LEAD WHITE",095691878656
87870,"WIRE, LEAD RED",095691878700
87895,"SCREW, 1/4-20 X 1/2 SHC",095691878953
87912,PKG OF 2 SPRING,095691879127
87917,"SHAFT, GROOVE ROLL",095691879172
87922,"BEARING, NEEDLE",095691879226
87932,"GAUGE, GROOVE SETTING",095691879325
87937,PKG OF 4 RETAINING RING,095691879370
87940,"PIN, SPLIT ROLL .250 X .88",095691879400
87942,PKG OF 4 SOCKET HD CAP SCREW,095691879424
87945,"FITTING, 90 DEG",095691879455
87947,PKG OF 2 SHOULDER SCREW,095691879479
87950,"LINE, OIL INTAKE",095691879509
87952,NAMEPLATE,095691879523
87965,"DECAL, IMPORTANT",095691879653
87967,"DECAL, DEPTH ADJUSTMENT",095691879677
87970,NUT,095691879707
87972,PKG OF 4 WAVE SPRING,095691879721
87977,"PLATE, WEAR",095691879776
87982,"PKG OF 4 SCREWS 10-32 X 1/4""",095691879820
87987,PKG OF 5 TREE RIVET,095691879875
87997,PKG OF 6 CONCAVE WASHERS,095691879974
88007,"LID, ASM EIA",095691880079
88017,SET OF EXTERNAL DECALS,095691880178
88022,SET OF LABELS F/BASE PANEL,095691880222
88032,"LED, ASM LOW BATTERY",095691880321
88037,PKG OF 10 RING SPACERS,095691880376
88042,PKG OF 3 LENS CAPS,095691880420
88047,PKG OF 12 SPLIT LOCK WASHERS,095691880475
88052,PKG OF 12 4-40 SCREWS,095691880529
88057,PKG OF 2 RUBBER BUTTONS,095691880574
88062,"CORD, LOCK",095691880628
88075,"NUT, HEX JAM 5/16-18",095691880758
88077,PKG OF 10 SCREWS,095691880772
88082,PKG OF 12 SPLIT LOCK WASHERS,095691880826
88087,PKG OF 12 NUTS,095691880871
88092,PKG OF 12 SCREWS,095691880925
88096,MOTORHOUSING,095691880963
88097,PKG OF 12 CABLE TIES,095691880970
88102,"FACEPLATE, MONITOR",095691881021
88107,PKG OF 2 HEX SCREWS,095691881076
88112,PKG OF 3 TRUSS SCREWS,095691881120
88117,"PIVOT, ASM LEFT",095691881175
88122,"PIVOT, ASM RIGHT",095691881229
88132,PKG OF 5 PAN HEAD SCREW,095691881328
88146,SEAL,095691881465
88147,"BAIL, TOOLBOX",095691881472
88162,PKG OF 6 PAN HEAD SCREWS,095691881625
88167,PKG OF 12 STANDOFFS,095691881670
88172,CONNECTOR,095691881724
88205,"SPACER, AXLE",095691882059
88232,915 ROLL GROOVER,095691882325
88240,PKG OF 5 PINS,095691882400
88256,1ST INTERMEDIATE GEAR,095691882561
88260,"WHEEL, CUTTER E10279 F/PVC",095691882608
88265,"SCREW, 3/8 X 1 SOC SET",095691882653
88266,MAIN DRIVE GEAR,095691882660
88270,"RETAINER, CORD .43 DIA.",095691882707
88392,PKG OF 10 MINI BALL GUIDE KIT,095691883926
88402,PKG OF 4 WIRE TERMINALS,095691884022
88417,O-RING,095691884176
88422,"KIT, VALVE KJ1350/KJ1750",095691884220
88427,"KIT, PLUNGER",095691884275
88432,"KIT, PLUNGER SEAL KJ1350",095691884329
88437,"KIT, OIL SEAL",095691884374
88442,PKG OF 5 O-RING,095691884428
88447,O-RING,095691884473
88452,O-RING,095691884527
88507,"KIT, SHAFT SEAL TP5500",095691885074
88547,"IMPELLER, TP4000",095691885470
88577,"STATOR, SP300",095691885777
88587,"ROTOR, SP300",095691885876
88597,IMPELLER,095691885975
88675,"BUSHING, INSULATOR",095691886750
88690,"PLATE, WARNING",095691886903
88787,"FILTER, DRIER",095691887870
88792,HEAD,095691887924
88797,INSERT,095691887979
88802R,SET OF OIL SEALS,095691888020
88807R,"ROD, PLUNGER",095691888075
88812,CRANKCASE,095691888129
88817,"PLATE, END",095691888174
88822,"BEARING, NEEDLE",095691888228
88832,"ROD, CONNECTING",095691888327
88842,"COVER, CRANKCASE",095691888426
88847,"GLASS, SIGHT",095691888471
88852,O-RING,095691888525
88857,RETAINER,095691888570
88862,"RETAINER, CUP KJ1350",095691888624
88867,"NUT, RETAINING",095691888679
88877,CRANKSHAFT,095691888778
88967,"LID, ASM CCIR",095691889676
88992,"SWITCH, ASM REED",095691889928
88997,"KIT, PLUNGER KJ1750",095691889973
89002,"KIT, PLUNGER SEAL KJ1750",095691890023
89005,"BRACKET, ROLLER",095691890054
89007,"RETAINER, CUP KJ1750",095691890078
89010,"SCREW, ASM ADJUSTMENT",095691890108
89015,"POST, LOWER",095691890153
89020,PKG OF 4 SHOULDER SCREWS,095691890207
89050,"BAR, DRIVE 244",095691890504
89075,"BASE, PIPE SUPPORT",095691890757
89085,PKG OF 4 PINS,095691890856
89145,"FACEGEAR, 270",095691891457
89150,HANDWHEEL,095691891501
89155,"LINECORD, W/PLUG 115V",095691891556
89160,"KEY, SQ 1/4 X 1-1/2",095691891600
89165,"RING, RET EXT 3.62DIA",095691891655
89185,"SWITCH, TOGGLE 270",095691891853
89190,PKG OF 2 DISCONNECT,095691891907
89195,"PLUG, WEAR",095691891952
89310,"BUTTON, PLUG",095691893109
89400,"CABLE, C21",095691894007
89405,"CABLE, C22",095691894052
89410,"TOOLBOX, C-6429 K-38/K-39/K-45",095691894106
89435,"WRENCH, OFFSET 14 HD",095691894359
89440,"WRENCH, OFFSET 18 HD",095691894403
89445,"WRENCH, OFFSET 24 HD",095691894458
89475,"SCREW, 10-24 X 2-1/2",095691894755
89480,"CHAIN, ASM LEG",095691894809
89515,"WASHER, LOCK INTERNAL 5/8",095691895158
89530,SPRING,095691895301
89720,"PIN, W/WASHER F/TRAY",095691897206
89725,"COUPLING, 1/8 PIPE",095691897251
89730,"HANDLE, PIPE 1/8-27",095691897305
89750,"BALL WITH RIVET, #1",095691897503
89755,"BALL WITH RIVET, #2",095691897558
89760,"BALLWITH RIVET,  #3",095691897602
89765,"HANDLE, #1",095691897657
89770,"SPEAR WITH RIVET,  #1",095691897701
89775,"SPEAR WITH RIVET,  #2",095691897756
89800,CATCH,095691898005
89805,PIN,095691898050
89810,"FITTING, GREASE",095691898104
89815,"FITTING, GREASE",095691898159
89952,"SCREW, 1/4-20 X 1 PAN HD",095691899521
90030,CLEVIS,095691900302
90095,"TUBING, PVC",095691900951
90100,"GROMMET, CORD",095691901002
90102,"SCREW, 6-32 X 5/8 FL HD",095691901026
90105,"PIN, ROCKER ARM",095691901057
90107,"WRENCH, E910 ALUMINUM END",095691901071
90117,"WRENCH, E914 ALUMINUM END",095691901170
90122,"WRENCH, E918 ALUMINUM END",095691901224
90127,"WRENCH, E924 ALUMINUM END",095691901279
90142,"CHARGER, BB-12V",095691901422
90162,"CLAMP, HOSE BB 12V",095691901620
90227,"NUT, IMPELLER TP/SP1000",095691902276
90255,"SCREW, SOCKET CAP",095691902559
90267,"NUT, SEP-500 10/24 HEX",095691902672
90272,"WASHER, LOCK SEP-500 #10 SPLIT",095691902726
90277,"WASHER, LOCK SEP-500 #10",095691902771
90282,"GASKET, SEP-500 HOUSING",095691902825
90347,"BOLT, 3/8-16 X .75 SEC",095691903471
90357,"GASKET, SEC SQ RING",095691903570
90362,"GASKET, SEC O-RING",095691903624
90367,"SCREW, 2 X 3/16 SEC-DRIVE",095691903679
90377,"SEAL, ASM SEC SHAFT",095691903778
90397,PKG OF 2 SEALS,095691903976
90402,"RELIEF, STRAIN",095691904027
90492,"CORD, 230V 1200 824958-2",095691904928
90517,DIN RAIL - 535-2B,095691905178
90807,PKG OF 2 RING TERMINALS,095691908070
90812,PKG OF 2 #6 WASHERS,095691908124
90817,PKG OF 4 #4 WASHERS,095691908179
90837,SET OF COPPER ROLLS 960,095691908377
90842,SET OF 960 ROLLS F/1 STEEL,095691908421
90847,"SPRING, FLAT",095691908476
90857,"PIN, CUTTER WHEEL",095691908575
90862,"KNOB, 118",095691908629
90867,"FRAME, 118 CUTTER",095691908674
90872,"HOUSING, WHEEL 118",095691908728
90877,PKG OF 8 ROLLER SPACERS 258/XL,095691908773
90955,"BUSHING, 87",095691909558
90995,"CUTTER, HINGE 466D",095691909954
91000,"SEAL, OIL",095691910004
91002,"PULLEY, SHAFT TECUMSEH",095691910028
91005,"SCREW, 5/8 X 1-3/4 HEX",095691910059
91007,"BRACKET, GEAR IND TECUMSEH",095691910073
91010,SPACER,095691910103
91012,"ADAPTOR, SHIFTER TECUMSEH",095691910127
91017,"PULLEY, TRANS TECUMSEH",095691910172
91022,"BRACKET, MOUNTING TECUMSEH",095691910226
91027,K1500SP-B W/C14 150' CABLE TL,095691910271
91032,K1500SP-A W/C14 150' CABLE TL,095691910325
91037,"COUPLING, 3/8 IW CABLE REPAIR",095691910370
91042,"COUPLING, 1/2 IW CABLE REPAIR",095691910424
91047,"COUPLING, 5/8 IW CABLE REPAIR",095691910479
91055,"KIT, MOD A OIL PUMP",095691910554
91142,535 PLATFORM MACH L/DH & DIES,095691911421
91187,"SWITCHBOX, ASM",095691911872
91192,"SET 3/4-2"" CTS F/RT3422",095691911926
91292,"BRACKET, LEFT SUPPORT TECUMSEH",095691912923
91302,PKG OF 2 SCREWS TECUMSEH,095691913029
91307,"TRANSMISSION, TECUMSEH",095691913074
91312,"BASE, ASM TECUMSEH",095691913128
91322,535A 120V 60HZ W/816/817 DH,095691913227
91552,"KIT, DRIVE WEDGE",095691915528
91557,"KIT, PLUNGER",095691915573
91562,"KIT, 300 DRIVE CONVERSION",095691915627
91587,"BLOCK, LEFT COVER",095691915870
91592,"BLOCK, RIGHT COVER",095691915924
91597,PKG OF 2 PIVOT SHOULDER WASHER,095691915979
91602,"SPRING, SUN HOOD",095691916020
91607,PKG OF 2 HOOD RET SCREWS,095691916075
91612,PKG OF 2 HOOD RET WASHERS,095691916129
91617,PKG OF 2 SUN HOOD O-RING,095691916174
91622,PKG OF 2 HOOD PIVOT SCREWS,095691916228
91632,"SUPPORT, CLIP",095691916327
91637,"COVER, BAIL",095691916372
91642,"TAB, LID SUPPORT",095691916426
91647,"LOOP, VELCRO",095691916471
91652,"DECAL, INSIDE LID",095691916525
91657,PKG OF 4 RUBBER FEET,095691916570
91662,"DECAL, SMALL LID",095691916624
91667,"DECAL, LARGE LID",095691916679
91672,PKG OF 4 6-32 1/2 NUT BARREL,095691916723
91677,PKG OF 4 8-32 1/2 PAN SCREW,095691916778
91682,"PKG OF 2 4"" CABLE TIES",095691916822
91687,"LABEL, SHIPPING",095691916877
91697,"LINECORD, PAL",095691916976
91702,"TIE, CABLE VCR BAG",095691917027
91707,"PANEL, COLOR TOOLCASE",095691917072
91712,"DECAL, VCR PANEL",095691917126
91717,"DECAL, FRONT PANEL",095691917171
91722,"DECAL, REAR PANEL",095691917225
91727,"SPACER, MONITOR",095691917270
91732,"TRAY, BATTERY",095691917324
91737,PKG OF BATTERY TRAY FOAM,095691917379
91747,"SPEAKER, ASM INTERNAL MIC",095691917478
91752,"GASKET, SPEAKER",095691917522
91757,"HOLDER, MIC",095691917577
91762,PKG OF 3 6-32 .25 FLAT SCREW,095691917621
91767,PKG OF 4 4-40 HEX NUT,095691917676
91772,PKG OF 2 2-56 .25 FLAT SCREW,095691917720
91777,PKG OF 4 4-40 .25 FLAT SCREW,095691917775
91782,PKG OF 4 4-40 .5 FLAT SCREW,095691917829
91792,"DUBBING ASM, AUDIO VID",095691917928
91797,"SWITCH, POWER",095691917973
91802,PKG OF 2 RUBBER BUMPER,095691918024
91807,"SPACER, EXTERNAL MIC JACK",095691918079
91812,"SPEAKER, ASM EXTERNAL MIC",095691918123
91822,"STRAP, VCR",095691918222
91827,PKG OF 4 CABLE TIE HOLDER,095691918277
91832,PKG OF 4 LARGE WIRE CLIPS,095691918321
91842,PKG OF NEOPRENE FOAM,095691918420
91852,"MONITOR, ONLY CLR TLCSE PAL",095691918529
91857,"BOARD, POWER RECORD DETECT",095691918574
91862,PKG OF 2 4-40 .375 PHIL SCREW,095691918628
91872,PKG OF 4 LOCK WASHERS,095691918727
91877,"RETAINER, CORD",095691918772
91882,"POCKET, ASM",095691918826
91892,"CAP, BATTERY",095691918925
91897,"CABLE, ASM PATCH RCA RED",095691918970
91927,"KEYPAD, COLOR TOOLBOX",095691919274
91932,"GASKET, COLOR TOOLBOX MONITOR",095691919328
91937,"HOUSING, MONITOR FRONT",095691919373
91952,PKG OF 4 MOUNTING PINS,095691919526
91967,"BOARD, POWER MONITOR PAL",095691919670
91972,PKG OF 4 6-32 5/8 SCREW,095691919724
91987,"HOUSING, MONITOR REAR",095691919878
91992,PKG OF 4 CORNER HOUSING PADS,095691919922
91997,"CABLE, ASM MONITOR",095691919977
92007,PKG OF 2 SUPPORT DECALS,095691920072
92080,"HANDLE, WRENCH 14 HD OFFSET",095691920805
92082,"ADAPTOR, 7/8 600PD F/ML3401",095691920829
92085,"HANDLE, WRENCH 18 HD OFFSET",095691920850
92090,"HANDLE, WRENCH 24 HD OFFSET",095691920904
92095,"ADAPTOR, A17D 5/16 W/C21 CABLE",095691920959
92100,"ADAPTOR, A17E 5/16 W/C22 CBL",095691921000
92145,STUD,095691921451
92150,"WASHER, SPRING",095691921505
92155,"HOUSING, 138",095691921550
92170,"BLADE, 138",095691921703
92175,"ARM, 138",095691921758
92180,"PIN, 138",095691921802
92190,"PIN, 138",095691921901
92200,"SCREW, 8-32 X 3/4 O H",095691922007
92202,"RATCHET, 1/2 DRIVE 90 DEG",095691922021
92205,"SCREW, SHOULDER 138",095691922052
92210,"KIT, SPRING 138",095691922106
92250,"SLEEVE, THREADED",095691922502
92255,"WASHER, LOCK 5/16 INTERNAL",095691922557
92335,STRAP,095691923356
92417,"ASSEMBLY,ROD,120 IN.",095691924179
92437,SET OF GROOVES 1-1/4-1-1/2 915,095691924377
92442,SET OF GROOVES 8-12 SCH 10 915,095691924421
92447,SET OF GROOVES 4-6 SCH 40 915,095691924476
92452,SET OF GROOVES 2-8 CU 915,095691924520
92455,"SCREW, 10-24 X 3/4 RH",095691924551
92457,"STAND, 100A UNIV LEG TRAY",095691924575
92460,"CABLE, C25 IC 5/8 X 25'",095691924605
92462,"STAND, 150A UNIV WHEEL TRAY",095691924629
92465,"CABLE, C26 IC 5/8 X 50'",095691924650
92467,"STAND, 200A UNIV WHEEL CABINET",095691924674
92470,"CABLE, C27 IC 5/8 X 75'",095691924704
92472,"HARNESS, MAIN WIRING",095691924728
92475,"CABLE, C28 IC 3/4 X 25'",095691924759
92477,"DIES, 12R 3/4 BSPT HS PL CTD",095691924773
92480,"CABLE, C29 IC 3/4 X 50'",095691924803
92482,"DIES, 12R 1/2 BSPT HS PL",095691924827
92485,"CUTTER, T403 P-TRAP 3""",095691924858
92490,"CUTTER, T404 P-TRAP 3-1/2",095691924902
92495,"CUTTER, T406 SPEAR",095691924957
92497,"DIES, 12R 1-1/2 BSPT HS PL",095691924971
92500,"AUGER, T407 RETRIEVING",095691925008
92502,"WIRING, ASM BATTERY",095691925022
92505,"CUTTER, T408 SAWTOOTH",095691925053
92507,"HOUSING, LOWER RECEIVER",095691925077
92510,"CUTTER, T411 2""",095691925107
92512,"HOUSING, UPPER RECEIVER",095691925121
92515,"CUTTER, T412 2-1/2",095691925152
92517,"CAP, END",095691925176
92520,"CUTTER, T413 3""",095691925206
92525,"CUTTER, T414 4""",095691925251
92530,"CUTTER, T416 6""",095691925305
92535,"CUTTER, T432 2"" 3 BLADE",095691925350
92540,"CUTTER, T433 3"" 3 BLADE",095691925404
92542,"DIES, 12R 2"" BSPT HS PL CTD",095691925428
92545,"CUTTER, T434 4"" 3 BLADE",095691925459
92550,"CUTTER, T436 6"" 3 BLADE",095691925503
92552,"SPEAKER, INTERNAL",095691925527
92555,"LEADER, T458 5/8 FLEXIBLE",095691925558
92560,"LEADER, T468 3/4 FLEXIBLE",095691925602
92562,PKG OF 2 SCREWS 2-32 X .25,095691925626
92572,PKG OF 2 SCREWS 6 X .75,095691925725
92582,PKG OF 2 SCREWS 10-24 X .50,095691925824
92587,PKG OF 4 SCREWS 5/8 SOC HD,095691925879
92592,"O-RING, BATTERY DOOR",095691925923
92605,"DIEHEAD, CMPL 12R 1-1/2 BSPT J",095691926050
92607,"ADAPTOR, TOOL 3/8 TO 1/2",095691926074
92610,"DIEHEAD, CMPL 12R 2"" BSPT J",095691926104
92612,"FRAME, ASSEMBLY 100A",095691926128
92615,PKG OF 5 SCREWS W/WASHERS,095691926159
92617,"FRAME, ASSEMBLY 150A/200A",095691926173
92647,"PIVOT, ASM LEFT",095691926470
92652,"PIVOT, ASM RIGHT",095691926524
92660,"TONG, CHAIN 3215 4-18"" SE",095691926609
92662,PKG OF 4 6-32 X 3/8 PHIL SCREW,095691926623
92665,"TONG, CHAIN 3229 1/4-2 1/2 DE",095691926654
92667,PKG OF 4 6-32 X 7/16 SCREW,095691926678
92670,"TONG, CHAIN 3231 3/4-4"" DE",095691926708
92672,"GASKET, COLOR TOOLCASE",095691926722
92675,"TONG, CHAIN 3233 1-6"" DE",095691926753
92680,"TONG, CHAIN 3235 1 1/2-8 DE",095691926807
92682,"ADAPTOR, 3/8 TO 1/2 DH TOOL",095691926821
92685,"TONG, CHAIN 3237 2-12"" DE",095691926852
92687,"ADAPTOR, DROPHEAD 1/2 CABLE",095691926876
92705,"DIEHEAD, CMPL 12R 1-1/4 IMC",095691927057
92710,"DIEHEAD, CMPL 12R 1-1/2 IMC",095691927101
92715,"DIEHEAD, CMPL 12R 2"" IMC",095691927156
92737,"SLIDE, 150L TUBING CUTTER",095691927378
92742,"FEEDSCREW, 150L",095691927422
92747,"FRAME, 150L CUTTER",095691927477
92757,"DIEHEAD, 816/817",095691927576
92762,"PLATE, CAM 816/817",095691927620
92767,"RING, RETAINER 816/817",095691927675
92772,"PLATE, SIZE MARKING 1/8-3/4",095691927729
92777,"PLATE, SIZE MARKING 1-2",095691927774
92782,"BLOCK, POSITION A",095691927828
92787,"BLOCK, POSITION B",095691927873
92792,"BLOCK, POSITION C",095691927927
92797,"SHAFT, PLUNGER",095691927972
92802,"KNOB, PLUNGER",095691928023
92805,"COUPLING, 5/8 MALE",095691928054
92807,"SPRING, PLUNGER",095691928078
92810,"COUPLING, 5/8 FEMALE",095691928108
92812,"BOLT, SHOULDER",095691928122
92815,"BLADE, T411B 2""",095691928153
92817,"SPRING, TORSION",095691928177
92820,"BLADE, T412B 2-1/2",095691928207
92822,HANDLE,095691928221
92825,"BLADE, T413B 3""",095691928252
92827,"SPRING, CAM",095691928276
92830,"BLADE, T414B 4""",095691928306
92832,"PIN, SPLIT ROLL .250 X 5/8",095691928320
92835,"BLADE, T403B 3"" P-TRAP",095691928351
92842,"NUT, CAP",095691928429
92847,"RING, RETAINING",095691928474
92850,"BLADE, T406B T406-107-212",095691928504
92855,"BLADE, T416B 6""",095691928559
92857,"KIT, WIPER RING O-RING",095691928573
92860,"SET OF 3 T432B 2"" BLADES",095691928603
92865,"SET OF 3 BLADES T433B 3""",095691928658
92870,"SET OF 3 BLADES T434B 4""",095691928702
92880,"COUPLING, 3/4 MALE CABLE",095691928801
92885,"COUPLING, 3/4 FEMALE",095691928856
92890,"BLADE, T408B T408-T111",095691928900
92900,"HOLDER, T403H F/P-TRAP",095691929006
92905,"HOLDER, T411H 2""-2 1/2 BLADE",095691929051
92910,"HOLDER, T413H 3-6"" BLADES",095691929105
92915,"HOLDER, T406H SPEAR",095691929150
92947,PLUNGER,095691929471
92952,"PIN, ROLL",095691929525
92987,"STEM, VALVE",095691929877
93007,"MOUNT, SADDLE",095691930071
93010,"CHAIN, 3215 CHAIN TONG",095691930101
93015,SET OF JAWS F/3215 TONG,095691930156
93020,"BOLT, W/NUT 3215",095691930200
93025,"CHAIN, 3229 CHAIN TONG",095691930255
93027,"KIT, UPPER VALVE CHAMBER SEAL",095691930279
93030,SET OF JAWS F/3229 TONG,095691930309
93035,"BOLT, W/NUT 3229",095691930354
93040,"CHAIN, 3231 CHAIN TONG",095691930408
93045,SET OF JAWS F/3231 TONG,095691930453
93050,"BOLT, W/NUT 3231",095691930507
93055,"CHAIN, 3233 CHAIN TONG",095691930552
93060,SET OF JAWS F/3233 TONG,095691930606
93062,"PIN, ROLL 3/8 X 2",095691930620
93070,"CHAIN, 3235 CHAIN TONG",095691930705
93072,"KIT, SCREW",095691930729
93075,SET OF JAWS F/3235 TONG,095691930750
93080,"BOLT, W/NUT 3235",095691930804
93085,"CHAIN, 3237 CHAIN TONG",095691930859
93087,"KIT, BALL/SPRING/PIN",095691930873
93090,SET OF JAWS F/3237 TONG,095691930903
93095,"BOLT, W/NUT 3237",095691930958
93117,"BATTERY, COLOR TOOLCASE",095691931177
93142,"BLOCK, MOUNTING",095691931429
93162,"NUT, CLAMP",095691931627
93172,SHACKLE,095691931726
93177,"SCREW, 3/8-24 X 2-1/4 SOC HD",095691931771
93192,"SCREW, SET MODIFIED",095691931924
93197,"DRIVER, SET SCREW",095691931979
93282,PKG OF 4 SCREWS,095691932822
93287,535M 115V 36 RPM 811 NPT DH,095691932877
93292,"HOUSING, MAIN",095691932921
93297,"DECAL, GROOVE ADJUSTMENT",095691932976
93302,PKG OF 4 SCREWS 10-24,095691933027
93307,"KEY, SLIDE 960",095691933072
93312,"PLATE, COVER 960",095691933126
93322,"FEEDSCREW, 960",095691933225
93325,"WHEEL, 8"" DIAMETER",095691933256
93327,"BUSHING, FEEDSCREW 960",095691933270
93375,SPRING,095691933751
93387,PKG OF 4 STD GUIDEHOOP SEESNAK,095691933874
93392,PKG OF 4 MINI GUIDEHOOP SEESNK,095691933928
93460,"SPACER, AUTO FEED",095691934604
93475,"HOLDER, ASM BALL",095691934758
93482,"O-RING, 210",095691934826
93492,122 COPPER CUT/PREP MACH 115V,095691934925
93497,"TOOLBOX, 915",095691934970
93500,"RING, RETAINING",095691935007
93515,"WASHER, THRUST",095691935151
93537,"PLATE, WEAR W/JAW SCR/WASH 460",095691935373
93547,PKG OF 5 RETAINING RINGS,095691935472
93562,"DIEHEAD, 928 BSPT EU",095691935625
93580,"KNOB, FEED W/STUD AUTOFEED",095691935809
93585,"SCREW, 10-24 X 3/4 PAN HD",095691935854
93600,"NUT, KNURLED",095691936004
93602,"SCREW, SHOULDER",095691936028
93607,"PIN, GROOVE ROLL",095691936073
93612,PKG OF 2 BALL DETENT 5/16-18,095691936127
93617,"PIN, PIVOT",095691936172
93620,"ROLLER, ASM",095691936202
93622,PKG OF 2 HEX SOC CAP SCREWS,095691936226
93627,"ARM, REACTION",095691936271
93630,"HANDLE, CLUTCH AUTO",095691936301
93632,"FEEDSCREW, 7/16-16",095691936325
93642,"ROLL, GROOVE 2-6""",095691936424
93647,"WASHER, THRUST LOCKING",095691936479
93652,"WASHER, THRUST",095691936523
93657,"WASHER, LOAD THRUST",095691936578
93672,K26 HAND SPINNER L/CABLE,095691936721
93680,"SCREW, 10-24 X 1 SHC",095691936806
93687,"RING, CRIMP 4"" XL",095691936875
93707,"KIT, FITTING BRUSH 122",095691937070
93712,"KIT, FITTING BRUSH HOLDER 122",095691937124
93717,"PKG OF 3 1/2"" FITTING BRUSHES",095691937179
93722,"PKG OF 3 3/4"" FITTING BRUSHES",095691937223
93727,"PKG OF 3 1"" FITTING BRUSHES",095691937278
93732,PKG OF 3 1-1/4 FITTING BRUSHES,095691937322
93737,PKG OF 3 1-1/2 FITTING BRUSHES,095691937377
93742,"PKG OF 3 2"" FITTING BRUSHES",095691937421
93747,"ADAPTOR, QUICK CHANGE 122",095691937476
93752,"PKG OF 2 STABILIZERS 2""-6""",095691937520
93757,"ROLL, DRIVE 2-6""",095691937575
93762,"WASHER, DRIVE ROLL THRUST",095691937629
93767,"PIN, PIVOT NUT",095691937674
93772,"HOUSING, MAIN",095691937728
93777,PKG OF 3 BEARINGS,095691937773
93782,PKG OF 3 THRUST WASHERS,095691937827
93785,"PKG OF 10 1218 BM 12"" BLADE",095691937858
93787,"GEAR, CLUSTER INTERMEDIATE",095691937872
93790,"PKG OF 10 1224 BM 12"" BLADE",095691937902
93792,"BEARING, THRUST BRONZE",095691937926
93802,"GEAR, MAIN DRIVE",095691938022
93807,"PINION, INPUT DRIVE",095691938077
93812,"BEARING, FLANGE BRONZE",095691938121
93817,"COVER, REAR",095691938176
93822,"DECAL, OPERATING INSTRUCTIONS",095691938220
93827,"DECAL, WARNING",095691938275
93832,"ROLL, DRIVE 1-1/4""-1-1/2""",095691938329
93837,"ROLL, GROOVE 1-1/4""-1-1/2""",095691938374
93842,"EXTENSION, 1/2"" DRIVE",095691938428
93847,PKG OF 2 SCREWS,095691938473
93852,PKG OF 4 RETAINING RINGS,095691938527
93857,PKG OF 3 SCREWS 1/2-13 X 1,095691938572
93862,"ROLL, GROOVE 8-12"" SCH 10",095691938626
93867,"PKG OF 2 STABILIZERS 8""-12""",095691938671
93872,"SUPPORT, DRIVE ROLL",095691938725
93877,"BEARING, NEEDLE ROLLER",095691938770
93882,"ROLL, DRIVE 8-12"" SCH 10",095691938824
93887,"ROLL, GROOVE 4-6"" SCH 40",095691938879
93892,"ROLL, GROOVE 2-8"" CU",095691938923
93897,"ROLL, DRIVE 2-8"" COPPER",095691938978
93902,"ROLL, DRIVE 4-6"" SCH 40",095691939029
93907,"HANDLE, END WRENCH E910",095691939074
93912,"HANDLE, END WRENCH E914",095691939128
93917,"HANDLE, END WRENCH E918",095691939173
93922,"HANDLE, END WRENCH E924",095691939227
93947,SET OF LEAD WIRES,095691939470
93952,PKG OF 5 SPADE CONNECTORS,095691939524
93957,"INSERT, FLANGED BRONZE SLEEVE",095691939579
93962,PKG OF 2 NUTS 3/4 NPT,095691939623
93967,"SHAFT, INPUT ASM",095691939678
93972,"SHAFT, OUTPUT ASM",095691939722
93977,SET OF 4 PIVOT RODS,095691939777
93992,"RING, SUPPORT",095691939920
93997,SET OF 4 FRONT JAW SPACERS,095691939975
94002,"BRAKE, BAND ASM",095691940025
94007,"MOTOR, 120V 60HZ 2HP",095691940070
94012,"HANDWHEEL, CARRIAGE",095691940124
94022,"SUPPORT, PIVOT ROD REAR",095691940223
94027,"BRACKET, FRONT ASM",095691940278
94032,"TUBE, SPINDLE",095691940322
94037,"BRACKET, REAR ASM",095691940377
94042,"BASE, 535 AUTO",095691940421
94045,"DIEHEAD, 00R 1/2 JAPAN",095691940452
94047,SET OF 4 DRIVE LINKS,095691940476
94050,"DIEHEAD, 00R 3/4 JAPAN",095691940506
94052,"BEARING, BALL",095691940520
94055,"DIEHEAD, 00R 1"" JAPAN",095691940551
94057,"RING, RETAINING",095691940575
94060,"DIEHEAD, ASM 12R 1/2 IMC",095691940605
94062,"RING, RETAINING",095691940629
94065,"DIEHEAD, ASM 12R 3/4 IMC",095691940650
94070,"DIEHEAD, ASM 12R 1"" IMC",095691940704
94072,"PLATE, FILLER FRONT",095691940728
94075,"DIEHEAD, ASM 12R 1-1/4 IMC",095691940759
94077,"PLATE, FILLER REAR",095691940773
94080,"DIEHEAD, ASM 12R 1-1/2 IMC",095691940803
94082,"COVER, REAR",095691940827
94085,"DIEHEAD, ASM 12R 2"" IMC",095691940858
94087,"GEAR, DRIVE",095691940872
94090,"DIEHEAD, 12R 1/2 JAPAN",095691940902
94092,"PUMP, OIL 535A",095691940926
94095,"DIEHEAD, 12R 3/4 JAPAN",095691940957
94097,"COVER, FRONT",095691940971
94102,"PULLEY, INPUT",095691941022
94107,"COVER, TRANSMISSION",095691941077
94110,"DIEHEAD, 12R 1-1/2 JAPAN",095691941107
94112,"TRAY, CHIP",095691941121
94115,"DIEHEAD, 12R 2"" JAPAN",095691941152
94117,"DRIP-EDGE, OPERATOR SIDE FRONT",095691941176
94122,"DRIP-EDGE, OPERATOR SIDE REAR",095691941220
94127,"DRIP-EDGE, NON-OPERATOR SIDE",095691941275
94132,"SHAFT, GUIDE",095691941329
94137,"SHAFT, SHIFTER",095691941374
94142,"KNOB, SHIFTER",095691941428
94147,"COVER, BOTTOM",095691941473
94152,"COVER, LOWER BACK",095691941527
94157,PKG OF 2 MOTOR MOUNT PLATES,095691941572
94162,"BRACKET, ADJUSTER",095691941626
94167,"BRACKET, TRANS FRONT",095691941671
94172,"BRACKET, TRANS REAR",095691941725
94177,"RETAINER, BEARING",095691941770
94182,"SHAFT, INTERMEDIATE ASM",095691941824
94187,"PANEL, CONTROL",095691941879
94192,"PLATE, MOTOR SUPPORT",095691941923
94197,PKG OF 4 FRONT KEYS,095691941978
94202,"SEAL, SHAFT",095691942029
94207,"PLATE, WARNING 535A",095691942074
94212,FAN,095691942128
94217,"BUSHING, H TYPE",095691942173
94222,"BEARING, HANDWHEEL",095691942227
94227,"FORK, SHIFT",095691942272
94232,"GUARD, FAN",095691942326
94237,"PULLEY, MOTOR W/SET SCREW",095691942371
94242,PKG OF 2 UPPER TRANS GASKETS,095691942425
94247,PKG OF 2 LOWER TRANS GASKETS,095691942470
94252,PKG OF 2 TRANS COVER,095691942524
94262,V-BELT,095691942623
94267,PKG OF 4 SQ KEYS 3/16 X 1/2,095691942678
94277,"KEYSTOCK, 3/16 SQ X 1-1/4",095691942777
94282,"CLAMP, CAPACITOR",095691942821
94287,"BEARING, ROLLER INNER RACE",095691942876
94292,"SPRING, SHIFT KNOB",095691942920
94297,PKG OF 5 #6 LOCK WASHERS,095691942975
94307,PKG OF 5 #6-32 HEX NUTS,095691943071
94312,PKG OF 5 #6-32X2 PAN HD SCREWS,095691943125
94317,PKG OF 5 #8-32X1 PAN HD SCREWS,095691943170
94322,PKG OF 5 1/4 FLAT WASHERS,095691943224
94327,"SCREW, 1/4-20 X 2-1/2 SOC HD",095691943279
94332,PKG OF 5 1/4-20 X 3/4 SCREWS,095691943323
94337,PKG OF 5 1/4-20 X 3/8 SCREWS,095691943378
94342,PKG OF 5 SET SCREWS,095691943422
94347,"VALVE, BALL F/DRAIN",095691943477
94350,"PIN, WRENCH HANDLE C18/C24",095691943507
94357,"CARRIAGE, 535A",095691943576
94362,"HOSE, OUTPUT",095691943620
94367,"FRAME, SHIFTER GASKET",095691943675
94372,"GASKET, SHIFTER",095691943729
94377,PKG OF 2 JUMPERS,095691943774
94382,"BLOCK, TERMINAL W/JUMPERS",095691943828
94387,"PKG OF 5 1/8"" POP RIVETS",095691943873
94392,"WASHER, THRUST SPINDLE",095691943927
94397,"RING, RETAINING",095691943972
94401499410,"LABEL, ZEBRA 2X2 CAT# 70893",095691999993
94407,PKG OF 5 CABLE TIES,095691944078
94422,"GASKET, REAR COVER",095691944221
94427,"PKG OF 6 1/8"" POP RIVETS",095691944276
94432,"COVER, ASM TOP",095691944320
94442,"PKG OF 6 1/4"" LOCK WASHERS",095691944429
94447,"CORD, SET FAN",095691944474
94492,"KIT, A25 CABLE 5/8 OW COMP",095691944924
94497,K60SP 220-240V 50HZ W/A61/A62/,095691944979
94512,"DIES, R200 3/4 NPT",095691945129
94517,"DIES, R200 1"" NPT",095691945174
94637,FRAME,095691946379
94642,PKG OF 2 FLANGE BEARINGS,095691946423
94647,"COVER, GEAR",095691946478
94652,"BEARING, FLANGE",095691946522
94657,"BEARING, FLANGE",095691946577
94662,"NUT, HEX 1/2-13",095691946621
94667,BAFFLE,095691946676
94672,SPACER,095691946720
94682,BRUSH,095691946829
94687,"CONE, ASM REAMER",095691946874
94692,"BLADE, REAMER",095691946928
94707,"BOTTLE, COOLANT ASM",095691947079
94747,"GUARD, REAMER",095691947475
94752,PKG OF 5 SCREWS 10-24 X 3/4,095691947529
94782,"SHAFT, BRUSH",095691947826
94787,"KEY, SQ 3/32 X 1/4",095691947871
94792,"GEAR, BRUSH",095691947925
94797,"GEAR, REDUCTION",095691947970
94802,SHAFT,095691948021
94817,"SHAFT, REAMER",095691948175
94822,PKG OF 3 RETAINING RINGS,095691948229
94827,"GEAR, ROLLER",095691948274
94832,"SHAFT, STUB DRIVEN",095691948328
94847,"GEAR, MOTOR",095691948472
94862,"COVER, MOTOR",095691948625
94867,"DECAL, WARNING",095691948670
94877,"SCREW, 5/16-18 X 1/2 SET",095691948779
94882,"GEAR, ARBOR",095691948823
94887,"SHAFT, HANDLE",095691948878
94892,"KEY, SQ 3/16 X 3/4",095691948922
94897,"HANDLE, FEED",095691948977
94902,"ROLLER, ASM",095691949028
94907,"SHAFT, STUB NON-DRIVEN",095691949073
94912,"SHAFT, STUB NON-DRIVEN",095691949127
94922,"SCREW, 5/16 X 3/4 SHOULDER",095691949226
94927,PKG OF 2 ROLLERS,095691949271
94932,SLIDE,095691949325
94937,ARBOR,095691949370
94942,"SPRING, COMPRESSION",095691949424
94947,"COVER, ARBOR",095691949479
94952,"WASHER, FLAT 5/16",095691949523
94957,PKG OF 2 GROMMETS,095691949578
95347,"SPRING, PAWL",095691953476
95392,"DECAL, WARNING 122 REAMER",095691953926
95397,"PKG OF 2 SCREWS, 5/16-18 X 2",095691953971
95402,"PIN, HEEL JAW E910",095691954022
95407,"PIN, HEEL JAW E914",095691954077
95507,PKG OF 6 PIPE GUIDES SS COMPCT,095691955074
95622,"MOTOR, 115V 50/60HZ W/GEARBOX",095691956224
95627,"SHROUD, MOTOR",095691956279
95632,"PLATE, REAR SUPPORT",095691956323
95637,"FRAME, WELDMENT",095691956378
95642,"AXLE, K6200",095691956422
95647,"STABILIZER, WELDMENT",095691956477
95652,"SUPPORT, AUTO FEED",095691956521
95657,"HANDLE, 1.25 DIA TUBE K6200",095691956576
95662,"DRUM, CABLE K6200",095691956620
95667,"SUPPORT, DRUM K6200",095691956675
95672,"BEARING, FLANGE 1.0 X 1.25 X 1",095691956729
95677,"SHAFT, GUIDE TUBE",095691956774
95682,"TUBE, GUIDE WELDMENT",095691956828
95687,"DRUM, INNER CABLE K6200",095691956873
95692,"BLOCK, BEARING",095691956927
95697,"RING, RETAINING 1.875",095691956972
95702,"CLUTCH, ASM K6200",095691957023
95707,"NAMEPLATE, K6200",095691957078
95722,"ADAPTOR,UNIV.AC W/115V CORD",095691957221
95782,920 ROLL GROOVER,095691957825
95787,"BUSHING, PRESSURE REDUCER",095691957870
95792,"WHEEL, LOADING SWIVEL K6200",095691957924
95797,"HOOK, LIFTING K6200",095691957979
95802,"DRUM, ASM W/PIGTAIL K6200",095691958020
95807,"DRUM, W/6200 ADAPTORS K3800",095691958075
95812,"AUTOFEED, K6200",095691958129
95817,PKG OF 2 FERRULES,095691958174
95822,"ADAPTOR, ONLY K3800 TO K6200",095691958228
95832,"RING, LOCATOR",095691958327
95837,PKG OF 5 WASHERS 5/16 HICOLLAR,095691958372
95842,"WIRE, LEAD BLACK 16GA STRANDED",095691958426
95845,SWITCH,095691958457
95847,"CABLE, C13 ICSB 5/16 X 35'",095691958471
95867,"LEG, 3/4 X 12 PIPE",095691958679
95872,PKG OF 50 BLADES DP985 BIMETAL,095691958723
95877,PKG OF 50 BLADES DP986 BIMETAL,095691958778
95955R,"PIN, ROLL 1/16 X 3/4",095691959553
95987,HUB,095691959874
95992,"BEARING,SLEEVE",095691959928
95997,"PLATE,PRESSURE",095691959973
96002,"DISC,FRICTION",095691960023
96007,"PLATE,DRIVE",095691960078
96012,"PLATE,BEARING",095691960122
96017,"DISC,SPRING",095691960177
96022,"WASHER,LOCK",095691960221
96027,NUT,095691960276
96037,"CABLE, C6IC 3/8X35 W/M COUPL",095691960375
96082,"GUARD, UPPER",095691960825
96107,"SCREW, PAN HD M5 X 60MM",095691961075
96112,"WASHER, LOCK M10",095691961129
96122,"PAD, GUARD",095691961228
96152,"HANDLE, ASM",095691961525
96157,"WASHER, PKG OF 2",095691961570
96172,"WASHER, PKG OF 2",095691961723
96177,"NUT, HEX",095691961778
96182,"SCREW, M8 X 1.25",095691961822
96187,"SCREW, M8 X 1.25-30",095691961877
96192,"NUT, HEX M8",095691961921
96197,"BASE, CM1450",095691961976
96202,"GUARD, BLADE",095691962027
96207,"PAD, SUPPORT",095691962072
96217,"WASHER, LOCK",095691962171
96232,"1/4"" LOCKWASHER",095691962324
96252,"WASHER, LOCK EXT M5",095691962522
96260,"BOLT, CARRIAGE 5/16-18 X 3/4",095691962607
96265,"CONNECTOR, CORD",095691962652
96267,"HANDLE, CARRY",095691962676
96275,"ARM, ASM DRIVE 368",095691962751
96277,"NUT, HEX",095691962775
96287,SCREW,095691962874
96292,SCREW,095691962928
96297,"SCREW, M5 X 1.55",095691962973
96307,"WASHER, LOCK M5",095691963079
96312,WRENCH,095691963123
96362,122 COPPER CUT/PREP MACH 230V,095691963628
96367,PKG OF 4 TINNERMAN NUTS,095691963673
96372,"STAND, RJ624 PIPE",095691963727
96397,"WHEEL, CUTTER RIDGID SS",095691963970
96402,"BRACKET,UNIVERSAL MOTOR",095691964021
96407,"COVER,FRONT",095691964076
96417,"GEAR,DRIVE",095691964175
96422,HANDWHEEL,095691964229
96427,"TUBE,SPINDLE",095691964274
96432,"COVER,BOTTOM",095691964328
96437,"GEAR ASSEMBLY,MAIN DRIVE",095691964373
96442,"ASSEMBLY,MOTOR",095691964427
96447,"PLUG,DRAIN 1/2 NPT",095691964472
96452,"COVER,SWITCH",095691964526
96457,"PANEL,CONTROL",095691964571
96472,"LABEL,WARNING AND CONTROL",095691964724
96482,"TUBING,WIRE LOOM 11-1/2",095691964823
96487,"FILLER PLATE,REAR",095691964878
96492,"ASSEMBLY,BRUSH LEAD,RED",095691964922
96497,535M 115V 36 RPM MACH ONLY,095691964977
96502,535M 115V 54 RPM 811 NPT DH,095691965028
96507,535M 220-240V 36 RPM 811 NPT D,095691965073
96512,535M 220-240V 36 RPM 811 BSPT,095691965127
96517,"KIT, MJ PUMP LH THRD",095691965172
96537,"WHEEL, BLOWER",095691965370
96542,"SCREW, 10 X 3/4 AB",095691965424
96552,"COLLECTOR, GASKET",095691965523
96567,MOTOR,095691965677
96572,"TAB, SPRING",095691965721
96587,"FEEDSCREW, ASM",095691965875
96592,"CONE, W/PIN",095691965929
96597,PKG OF 5 PINS,095691965974
96602,"BAR, FLARING ASM",095691966025
96607,"SCREW, CLAMP ASM",095691966070
96612,YOKE,095691966124
96622,"KIT, PLUNGER",095691966223
96632,"KIT, WATER SEAL",095691966322
96642,"O-RINGS, PKG. OF 6",095691966421
96647,CRANKCASE,095691966476
96667,PLUG,095691966674
96672,"HEAD, PUMP",095691966728
96677,O-RING,095691966773
96697,SCREW,095691966971
96707,"KIT,VALVE",095691967077
96712,"KIT,OIL SEAL",095691967121
96720,"CASE, CARRYING METAL 65R",095691967206
96722,"CAP,VALVE",095691967220
96725,"CASE, METAL 141 CARRYING",095691967251
96727,PLUG,095691967275
96730,PKG OF 5 HEX NUTS 5/16-18,095691967305
96732,"O-RINGS, PKG. OF 2",095691967329
96737,BEARING,095691967374
96740,"WASHER, FLAT 5/16",095691967404
96742,CRANKCASE,095691967428
96747,"PLUNGER, CERAMIC",095691967473
96752,"SLINGERS, PKG. OF 3",095691967527
96755,"MOTOR, 115V 4181",095691967558
96757,"O-RINGS, PKG. OF 3",095691967572
96762,"GUIDE,PLUNGER",095691967626
96777,BOLT,095691967770
96787,"SHIMS,SET OF 2",095691967879
96802,"HEAD,PUMP",095691968029
96805,"BODY, 300A",095691968050
96807,"WASHERS,PKG. OF 8",095691968074
96810,"MOTOR, 115V 3181",095691968104
96812,"RINGS,PKG. OF 3",095691968128
96815,"MOTOR, 115V 3181A 57 RPM",095691968159
96817,"WHEEL, TUBING CUTTER",095691968173
96822,KEY,095691968227
96830,GEARCASE,095691968302
96837,DIPSTICK,095691968371
96840,"PLATE, COVER",095691968401
96847,PLUG,095691968470
96850,"LINE, DISCHARGE 5/16 X 2.531",095691968500
96852,"PLUG, OIL",095691968524
96855,"LINE, SUCTION",095691968555
96860,"CONNECTOR, BULKHEAD",095691968609
96862,GASKET,095691968623
96870,SET OF GEROTORS,095691968708
96872,SPACER,095691968722
96875,"O-RING, 1.36 ID X .07 THK",095691968753
96880,"SEAL, OIL",095691968807
96885,"PIN, DOWEL .062 DIA X .165 LG",095691968852
96890,"SCREW, PKG OF 6 #4 X 3/8""",095691968906
96895,"CLAMP, CABLE",095691968951
96900,"SCREW, 3/8 X 1/2 S HD",095691969002
96905,GASKET,095691969057
96910,"ELBOW, 1/8-27 MALE",095691969101
96915,"SCREW, 3/8 X 1/2 BH S",095691969156
96930,UNION,095691969309
96935,TUBING,095691969354
96942,"ASSEMBLY,BRUSH LEAD,WHITE",095691969422
96945,"CARRIAGE, 311A W/LEVER",095691969453
96965,"HOSE, ASM",095691969651
96970,"COVER, OIL LINE",095691969705
96975,"MOTOR, 230V 3281",095691969750
96980,"MOTOR, 230V 3281A 57RPM",095691969804
96982,SET OF COPPER ROLLS 920,095691969828
96987,"SET OF 18-20"" ROLLS 920",095691969873
96992,"SET OF 22-24"" ROLLS 920",095691969927
96997,"SET OF 4-6"" ROLLS 920",095691969972
97000,"GEAR, ASM 1ST INTERMEDIATE",095691970008
97005,"GEAR, ASM 1ST INTERMEDIATE",095691970053
97020,"RING, RETAINING",095691970206
97027,"LED, ASM COLOR",095691970275
97040,"PLATE, CAM BSPT 855",095691970404
97045,"DIEHEAD, 531 1/4-1 BOLT L/DIES",095691970459
97047,"HOUSING, CAM BACK BW",095691970473
97050,"DIEHEAD, 532 1 1/8-2 BLT L/DIE",095691970503
97055,"DIEHEAD, 531 W/POST",095691970558
97060,"DIEHEAD, 532 W/POST",095691970602
97065,"DIEHEAD, 811A QO L/DIE",095691970657
97067,"PAD, MONITOR W/PINS",095691970671
97070,"DIEHEAD, 811A QO BSPT L/DIES",095691970701
97072,SET OF CABLE GUIDE W/SCREWS,095691970725
97075,"DIEHEAD, 815A SO L/DIES",095691970756
97077,SET OF MONITOR STRAPS,095691970770
97080,"DIEHEAD, 815A BSPT",095691970800
97087,"CORD, COMPACT INTERCONNECT",095691970879
97105,"ADAPTOR, HOSE",095691971050
97110,"HOLDER, OIL SPOUT",095691971104
97117,"HUB, COMPACT SEESNAKE",095691971173
97122,"BUSHING, AXLE THRUST BOTTOM",095691971227
97127,"BUSHING, AXLE RADIAL BOTTOM",095691971272
97132,"HUB, TOP",095691971326
97137,"BUSHING, AXLE TOP",095691971371
97142,"RING, SLIP ASM",095691971425
97152,"PIN, DOWEL 1/8 X 1",095691971524
97157,"TUBE, MOUNT",095691971579
97162,"BASE, TUBE MOUNT",095691971623
97167,"SUPPORT, AXLE",095691971678
97172,PKG OF 2 #8 X 1/2 SCREWS,095691971722
97177,PKG OF 6 #6 X 1/2 SCREWS,095691971777
97182,"DRUM, FLAT PACK",095691971821
97187,PKG OF 4 DRUM PADS,095691971876
97192,"CONNECT, INTR ASM FLATPACK",095691971920
97197,"KIT, CORD WRAP BW",095691971975
97202,SET OF DECALS BW,095691972026
97207,"PLUG, DRAIN",095691972071
97212,"CUTTER, 15 SI TUBING",095691972125
97245,"PAN, OIL 330",095691972453
97260,"BUTTON, SWITCH 700",095691972606
97340,"GEARHEAD, ASM 57 RPM",095691973405
97355,"BUSHING, 87",095691973559
97360,"BUSHING, 87",095691973603
97365,SET OF INSERTS F/COATED PIPE,095691973658
97375,"CASE, CARRYING 1/8-2 12R",095691973757
97420,300A PD 230V BSPT 38RPM EX,095691974204
97432,"SPACER, DRUM SHAFT K380",095691974327
97457,"FILTER, HEPA VF6000",095691974570
97462,PKG OF 6 BALL GUIDES COMPACT,095691974624
97627,"KIT, CORD WRAP FLATPACK COLOR",095691976277
97632,SET OF DECALS FLATPACK COLOR,095691976321
97657,"LID, ASM MONITOR REPL BW",095691976574
97662,"LID, ASM MONITOR REPL COLOR",095691976628
97667,"KICKSTAND, W/HANDLE",095691976673
97672,"KIT, MONITOR WINDOW",095691976727
97677,"CASE, COMPACT MONITOR BW",095691976772
97682,"CASE, COMPACT MONITOR COLOR",095691976826
97692,"COVER, DUST ORANGE",095691976925
97697,"COVER, DUST BLACK",095691976970
97702,"SWITCH, ASM POWER",095691977021
97707,"BOARD, COMPACT POWER",095691977076
97712,"BOARD, COMPACT CONNECTOR",095691977120
97717,"POST, GROUND",095691977175
97722,"CABLE, GROUND POST",095691977229
97727,"SCREW, 4-40",095691977274
97757,"PLUNGER, ASM PUMP 918",095691977571
97762,"SPINDLE, PUMP 918",095691977625
97767,"CAP, END PUMP 918",095691977670
97772,"KIT, REPAIR PUMP 918",095691977724
97782,"FILTER, OIL PUMP 918",095691977823
97787,"CUTTER, 117 CQ AUTOFEED",095691977878
97795,SET OF T-213 BLADES,095691977953
97797,"FRAME, 15SI",095691977977
97800,SET OF BLADES T11 T104,095691978004
97802,PKG OF 3 BEARINGS 15SI,095691978028
97805,SET OF T26 BLADES,095691978059
97807,PKG OF 4 SPACER WASHERS 15SI,095691978073
97815,"COUPLING, W/SCREW",095691978158
97817,"DECAL, CUTTER WHEEL 15SI",095691978172
97822,"BOARD, FUSE ASM 230V",095691978226
97827,122J COPPER CUT/PREP MCH 100V,095691978271
97832,"DOLLY, ROLLER F/6"" PIPE",095691978325
97835,"BLADE, T205",095691978356
97840,"BLADE, T207",095691978400
97845,"COUPLING, W/SCREW",095691978455
97850,"BLADE, T23",095691978509
97852,"KIT,PIPE GUIDE 10 PK FULL SS",095691978523
97855,"BLADE, T16",095691978554
97865,"BLADE, T10",095691978653
97882,"KIT, MOUNTING 535A/141",095691978820
97887,SADDLE,095691978875
97890,"COUPLING, W/SCREW",095691978905
97897,535-T 3 SPEED 220V MACH W/BSPT,095691978974
97900,"BLADE, T209",095691979001
97910,SET OF BLADES T214,095691979100
97915,SET OF BLADES T112/215,095691979155
97917,"SLIDE, 50MM",095691979179
97920,"BLADE, T105 T8",095691979209
97922,"PIN, W/CLIP",095691979223
97927,PKG OF 2 PINS,095691979278
97930,"BLADE, T109",095691979308
97932,PKG OF 2 ROLLS,095691979322
97935,"BLADE, T110",095691979353
97940,SET OF BLADES T24/113,095691979407
97942,"FRAME, CUTTER 151ML",095691979421
97945,SET OF BLADES T12,095691979452
97947,"DECAL, CAPACITY 50MM",095691979476
97952,"DECAL, SPECIAL WHEEL",095691979520
97955,"BLADE, T17",095691979551
97965,"BLADE, T21",095691979650
97970,"BLADE, T22",095691979704
97975,SET OF T25 BLADES,095691979759
97977,"HOUSING, ROLL SET 15SI",095691979773
97980,SET OF T26A BLADES,095691979803
97985,SET OF CHAINS W/PINS,095691979858
97990,SET OF CHAINS W/PINS,095691979902
97995,SET OF CHAINS W/PINS,095691979957
98000,SET OF CHAINS W/PINS,095691980007
98005,"BLADE, 3"" T50-150",095691980052
98010,"BLADE, 4"" F/T50-150",095691980106
98015,"BLADE, 6"" F/T-50",095691980151
98030,"CUTTER, T50 SHARKTOOTH W/3 BLD",095691980304
98032,"JAW,HOOK 12/14 RAPIDGRIP",095691980328
98035,"CUTTER, T50-1 3 SHARKTOOTH",095691980359
98037,"BOLT,5/16 X 1/2 SHOULDER",095691980373
98040,"CUTTER, T50-2 4 SHARKTOOTH",095691980403
98042,"SPRING,TORSION 12/14 RAPIDGRIP",095691980427
98045,"CUTTER, T50-3 6 SHARKTOOTH",095691980458
98047,"PIN,PIVOT 12/14 RAPIDGRIP",095691980472
98050,"CUTTER, T150 SHARKTOOTH",095691980502
98052,"RING, RETAINING 1/2 SPIRAL",095691980526
98055,"CUTTER, T150-1 SHARKTOOTH 3""",095691980557
98060,"CUTTER, T150-2 SHARKTOOTH 4""",095691980601
98062,"JAW,HEEL 12/14 RAPIDGRIP",095691980625
98067,"BAFFLE, MOTOR",095691980670
98070,SET OF BLADES T13 T103,095691980700
98072,"CABLE, KIT C6IC W/TORQ&T250TLS",095691980724
98075,SET OF BLADES T14,095691980755
98710,"EXTENSION, 12"" 1 1/4-7 BOX-PIN",095691987105
98755,"SCREW, 1/4-20 X 7/8 CUP SET",095691987556
98850,"BASE, ANCHOR",095691988508
98855,"BOLT, SQ HD 1/2-13 X 4""",095691988553
98910,"BARB, 1/4"" TO 1/4"" MALE",095691989109
99125,SEAL,095691991256
99205,"HOLDER, BRUSH",095691992055
99210,WATERJACKET,095691992109
99220,"KNOB, SHIFT",095691992208
99240,"BEARING, BALL",095691992406
99245,SLINGER,095691992451
99260,"SHAFT, ASM GEAR",095691992604
99265,"WASHER, CONICAL",095691992659
99275,PKG OF 4 CONICAL WASHERS,095691992758
99280,WASHER,095691992802
99300,"GUARD, FAN",095691993007
99315,LINECORD,095691993151
99325,PKG OF 2 BRUSH CAPS,095691993250
99340,"SHAFT, OUTPUT",095691993403
99345,"RING, SNAP",095691993458
99360,"PLATE, CLUTCH BRONZE",095691993601
99390,"NUT, STOP",095691993908
99415,"SCREW, END COVER",095691994158
99445,"SWITCH, TOGGLE 125V 16 AMP",095691994455
99450,"NUT, HEX 6-32",095691994509
99465,"SCREW, 1/4-20 X 1-1/4 HEX HD",095691994653
99475,"SCREW, 10-32 X 5/8 RH",095691994752
99510,"NUT, LOCK",095691995100
99520,"SHAFT, RATCHET",095691995209
99525,"TRUNNION, 246",095691995254
99530,"RATCHET, ASM 246",095691995308